"grade","stage","ageGroup","survTime","status"
"mode","T1c","80+",18,0
"mode","T1ab","75-79",23,0
"poor","T1c","75-79",37,0
"mode","T2","70-74",27,0
"mode","T1c","70-74",42,0
"poor","T2","75-79",38,2
"poor","T1c","80+",18,0
"mode","T1ab","80+",78,0
"mode","T1c","75-79",47,0
"poor","T2","75-79",13,0
"mode","T1c","66-69",81,0
"poor","T1c","80+",23,0
"poor","T2","80+",21,0
"poor","T1ab","80+",13,0
"mode","T2","75-79",115,0
"poor","T1ab","80+",30,0
"mode","T1ab","70-74",70,0
"mode","T2","75-79",73,0
"mode","T1c","66-69",19,0
"mode","T1c","66-69",41,0
"mode","T1ab","80+",47,0
"mode","T1c","80+",106,2
"mode","T1ab","75-79",100,0
"mode","T1c","80+",102,1
"mode","T1c","75-79",116,0
"mode","T1ab","70-74",34,0
"mode","T1ab","66-69",72,0
"mode","T1c","70-74",46,0
"mode","T1ab","80+",20,0
"poor","T1c","75-79",80,0
"mode","T2","70-74",36,0
"mode","T2","70-74",53,2
"mode","T1ab","70-74",77,0
"mode","T1ab","80+",13,0
"poor","T2","75-79",78,2
"poor","T1c","80+",6,0
"mode","T1c","75-79",67,2
"poor","T2","80+",105,0
"mode","T2","70-74",0,0
"mode","T2","80+",12,0
"poor","T2","80+",2,1
"poor","T2","70-74",8,0
"poor","T1ab","75-79",7,0
"mode","T1c","80+",47,0
"mode","T1ab","75-79",20,0
"mode","T1ab","80+",39,0
"poor","T2","80+",67,2
"mode","T1c","80+",30,2
"mode","T1ab","80+",13,0
"mode","T1ab","80+",32,2
"mode","T1ab","80+",31,2
"poor","T2","75-79",7,2
"mode","T1c","75-79",11,0
"mode","T1c","70-74",6,0
"mode","T1ab","75-79",4,2
"mode","T1c","80+",49,0
"mode","T1ab","66-69",59,0
"mode","T2","75-79",20,0
"mode","T1c","80+",23,0
"mode","T1c","66-69",41,2
"mode","T1c","75-79",22,2
"poor","T1ab","75-79",21,0
"mode","T1c","75-79",95,0
"mode","T1ab","70-74",2,0
"mode","T2","75-79",67,1
"mode","T1ab","75-79",40,0
"mode","T1c","70-74",18,0
"mode","T1c","66-69",112,0
"mode","T1ab","80+",114,2
"mode","T1c","80+",91,0
"mode","T1ab","80+",17,2
"mode","T2","75-79",5,0
"mode","T2","80+",15,2
"mode","T2","75-79",33,0
"mode","T2","80+",19,0
"mode","T1ab","66-69",10,0
"mode","T2","75-79",59,2
"poor","T2","80+",2,0
"mode","T1ab","80+",3,0
"mode","T1ab","70-74",66,0
"mode","T1ab","75-79",98,0
"mode","T2","80+",29,0
"mode","T1c","66-69",56,0
"poor","T2","75-79",29,0
"mode","T1ab","80+",10,0
"mode","T2","70-74",10,0
"poor","T1ab","75-79",26,2
"poor","T2","75-79",33,0
"mode","T2","75-79",6,0
"mode","T1c","75-79",15,2
"mode","T2","70-74",6,2
"mode","T1ab","80+",93,1
"poor","T2","80+",60,2
"mode","T2","80+",1,0
"mode","T1ab","75-79",34,0
"mode","T2","80+",29,0
"mode","T1ab","75-79",81,0
"mode","T1c","70-74",84,0
"mode","T2","70-74",30,2
"poor","T2","80+",18,0
"mode","T1c","80+",80,2
"poor","T2","80+",24,1
"mode","T1c","80+",50,0
"mode","T2","66-69",21,0
"mode","T2","75-79",70,0
"mode","T2","80+",38,2
"mode","T1c","70-74",20,0
"mode","T2","75-79",20,0
"mode","T1ab","75-79",28,0
"poor","T2","70-74",105,2
"mode","T1c","80+",88,0
"mode","T2","75-79",17,0
"poor","T2","75-79",1,0
"mode","T2","75-79",24,2
"mode","T1c","75-79",3,0
"mode","T2","75-79",42,0
"mode","T1c","80+",46,0
"mode","T1c","80+",2,0
"mode","T1ab","75-79",24,2
"poor","T1ab","80+",31,2
"mode","T2","80+",27,1
"mode","T2","70-74",30,0
"mode","T2","70-74",40,0
"mode","T1c","75-79",86,0
"mode","T2","70-74",60,0
"poor","T1c","80+",4,0
"mode","T1ab","80+",35,2
"mode","T2","75-79",75,0
"mode","T1ab","80+",39,2
"mode","T1ab","70-74",30,0
"mode","T2","66-69",19,0
"mode","T2","75-79",107,0
"mode","T1ab","80+",40,2
"poor","T1c","80+",9,0
"poor","T1ab","80+",15,1
"mode","T1ab","80+",41,0
"poor","T2","80+",6,0
"poor","T2","80+",51,0
"mode","T2","80+",27,0
"mode","T2","75-79",80,0
"mode","T1ab","70-74",71,0
"mode","T2","70-74",80,0
"mode","T2","70-74",23,0
"mode","T1c","80+",39,0
"mode","T1c","80+",41,2
"poor","T2","70-74",6,0
"mode","T1ab","80+",19,0
"mode","T1c","70-74",81,0
"mode","T1c","66-69",28,0
"poor","T2","80+",16,0
"poor","T1c","75-79",7,0
"mode","T1ab","80+",9,2
"poor","T1ab","80+",17,1
"mode","T2","66-69",22,0
"mode","T2","75-79",13,0
"mode","T1ab","66-69",51,0
"mode","T1c","70-74",105,0
"mode","T1c","75-79",6,0
"poor","T2","70-74",23,2
"mode","T1ab","80+",12,0
"poor","T2","75-79",58,0
"mode","T1c","75-79",26,2
"mode","T1c","75-79",74,0
"mode","T1c","66-69",25,0
"mode","T2","70-74",9,1
"mode","T1ab","80+",85,1
"mode","T1ab","75-79",71,0
"poor","T2","80+",21,0
"mode","T2","70-74",15,0
"poor","T1c","80+",15,2
"poor","T2","80+",25,2
"mode","T1c","75-79",90,0
"mode","T1c","80+",23,0
"poor","T2","66-69",51,0
"mode","T1c","80+",8,0
"mode","T1c","70-74",60,2
"mode","T2","70-74",25,2
"mode","T2","75-79",83,0
"mode","T2","70-74",96,0
"mode","T1c","80+",20,2
"mode","T1c","75-79",22,0
"mode","T1c","80+",78,2
"mode","T1c","75-79",12,0
"mode","T2","80+",37,2
"mode","T1c","80+",1,0
"mode","T2","80+",10,0
"mode","T2","75-79",10,0
"mode","T1ab","75-79",6,0
"mode","T1ab","80+",23,0
"mode","T2","80+",39,2
"mode","T1c","66-69",16,0
"mode","T1ab","80+",13,0
"poor","T2","75-79",37,2
"mode","T2","70-74",25,0
"poor","T1c","70-74",67,0
"mode","T2","80+",50,0
"mode","T1ab","70-74",78,0
"mode","T1c","70-74",108,0
"mode","T1ab","70-74",13,0
"mode","T1c","75-79",3,0
"mode","T2","80+",7,0
"mode","T1ab","70-74",28,0
"mode","T1c","70-74",66,0
"mode","T1ab","80+",62,2
"mode","T2","75-79",10,0
"poor","T2","80+",14,1
"mode","T1ab","75-79",109,0
"mode","T2","70-74",14,0
"mode","T1ab","75-79",5,0
"mode","T2","70-74",6,0
"mode","T1ab","70-74",60,0
"mode","T2","80+",102,2
"mode","T1ab","70-74",12,0
"mode","T1c","75-79",7,0
"mode","T1ab","75-79",58,0
"mode","T1c","75-79",15,0
"mode","T2","80+",21,0
"poor","T1c","80+",77,1
"mode","T2","80+",56,0
"mode","T1c","80+",57,1
"mode","T1c","80+",54,0
"mode","T1c","66-69",2,0
"mode","T2","70-74",79,0
"poor","T1c","70-74",22,2
"mode","T2","80+",46,0
"poor","T2","70-74",6,0
"poor","T2","75-79",6,0
"mode","T1ab","66-69",19,0
"mode","T1c","75-79",6,2
"mode","T2","75-79",28,0
"mode","T1c","80+",81,2
"mode","T1c","70-74",2,0
"mode","T1c","80+",0,0
"mode","T1c","70-74",37,0
"poor","T2","75-79",36,0
"poor","T2","75-79",4,1
"mode","T2","70-74",86,0
"mode","T1ab","80+",12,0
"mode","T2","66-69",27,0
"mode","T1c","70-74",10,0
"mode","T1c","80+",20,0
"mode","T1ab","80+",38,0
"mode","T1ab","80+",47,0
"mode","T1c","80+",11,0
"mode","T2","75-79",5,2
"poor","T2","66-69",87,0
"mode","T1ab","70-74",53,0
"mode","T2","70-74",87,0
"poor","T2","80+",22,0
"mode","T2","80+",63,0
"mode","T1ab","80+",35,2
"poor","T2","66-69",41,0
"mode","T1c","80+",7,0
"mode","T2","75-79",108,0
"mode","T2","70-74",7,0
"mode","T2","80+",13,0
"mode","T1c","75-79",87,2
"mode","T1c","75-79",28,0
"mode","T1c","75-79",98,0
"poor","T2","80+",22,0
"mode","T1ab","80+",80,0
"poor","T2","70-74",11,0
"mode","T1c","70-74",60,0
"mode","T2","75-79",15,0
"mode","T1c","80+",1,0
"mode","T2","66-69",64,0
"mode","T2","70-74",5,0
"poor","T1c","80+",106,0
"mode","T1ab","75-79",14,0
"poor","T1c","70-74",63,2
"poor","T1ab","75-79",38,2
"mode","T1ab","66-69",11,0
"mode","T1ab","80+",34,2
"poor","T2","80+",58,0
"mode","T1ab","75-79",39,0
"mode","T1c","75-79",14,0
"mode","T1ab","80+",13,0
"mode","T2","75-79",72,0
"mode","T1c","70-74",56,2
"mode","T1ab","75-79",6,0
"poor","T2","75-79",3,0
"mode","T2","75-79",22,0
"mode","T2","80+",53,0
"poor","T2","80+",25,0
"mode","T1c","75-79",98,0
"mode","T2","70-74",115,0
"mode","T2","70-74",34,0
"mode","T1c","75-79",10,0
"mode","T1ab","75-79",27,0
"mode","T1ab","75-79",115,0
"mode","T2","80+",48,0
"mode","T1c","75-79",28,2
"mode","T1ab","66-69",1,0
"mode","T1c","70-74",74,0
"mode","T2","66-69",4,2
"mode","T2","70-74",112,0
"mode","T1c","70-74",7,0
"mode","T1c","70-74",13,0
"poor","T2","80+",48,2
"mode","T1ab","75-79",2,2
"poor","T2","80+",94,0
"mode","T1c","70-74",3,0
"poor","T2","70-74",115,0
"mode","T1c","66-69",91,0
"poor","T2","75-79",13,0
"poor","T1c","70-74",21,0
"poor","T2","75-79",11,0
"mode","T1ab","70-74",5,0
"mode","T2","80+",87,0
"mode","T2","70-74",6,0
"mode","T2","80+",3,0
"poor","T1ab","75-79",10,2
"poor","T1c","70-74",4,0
"mode","T2","70-74",26,0
"mode","T1c","75-79",21,2
"mode","T1ab","80+",6,0
"mode","T1c","80+",45,0
"mode","T1c","80+",73,2
"mode","T1c","70-74",32,2
"mode","T2","70-74",36,2
"mode","T2","80+",44,0
"mode","T1c","70-74",94,0
"mode","T2","75-79",0,0
"poor","T1c","70-74",14,2
"mode","T1c","80+",105,0
"mode","T2","66-69",10,0
"mode","T1c","80+",7,0
"poor","T2","80+",27,0
"mode","T2","75-79",19,0
"poor","T1c","80+",12,2
"mode","T1ab","80+",47,2
"mode","T1ab","75-79",38,0
"mode","T2","80+",23,0
"mode","T1c","75-79",7,0
"mode","T2","80+",113,0
"poor","T1ab","70-74",87,0
"mode","T1c","75-79",115,0
"mode","T1c","75-79",13,0
"mode","T2","80+",9,0
"poor","T2","75-79",84,1
"mode","T1c","80+",41,2
"poor","T2","75-79",19,1
"mode","T1ab","80+",19,0
"mode","T1c","70-74",11,0
"mode","T2","80+",24,0
"poor","T2","70-74",4,0
"poor","T2","80+",21,0
"mode","T2","66-69",82,0
"mode","T1ab","70-74",11,0
"mode","T2","70-74",32,0
"mode","T2","75-79",102,0
"poor","T2","75-79",40,2
"mode","T1c","80+",6,0
"mode","T1ab","80+",3,0
"poor","T1c","80+",97,1
"mode","T2","80+",31,0
"mode","T2","80+",34,0
"mode","T1ab","70-74",0,0
"poor","T1c","70-74",8,1
"mode","T1ab","80+",26,0
"mode","T1ab","66-69",11,2
"mode","T2","70-74",19,2
"mode","T2","80+",25,0
"mode","T2","70-74",69,0
"mode","T1c","75-79",18,0
"mode","T2","80+",93,2
"mode","T2","75-79",43,1
"mode","T1c","75-79",17,2
"mode","T1ab","75-79",44,0
"mode","T2","70-74",22,0
"poor","T2","80+",1,0
"mode","T2","80+",40,0
"poor","T2","80+",19,0
"mode","T1c","80+",14,0
"mode","T2","75-79",68,1
"mode","T1c","80+",16,0
"mode","T1c","80+",53,2
"poor","T2","80+",36,2
"mode","T1c","80+",13,0
"mode","T1ab","75-79",39,0
"mode","T1c","70-74",21,0
"poor","T2","80+",30,1
"poor","T1ab","75-79",86,1
"mode","T2","75-79",92,0
"mode","T1c","70-74",85,0
"mode","T2","66-69",2,0
"mode","T1ab","70-74",67,2
"mode","T1ab","80+",22,0
"mode","T1c","75-79",98,0
"mode","T1ab","75-79",20,0
"poor","T2","75-79",6,0
"mode","T1ab","80+",6,0
"poor","T2","80+",22,0
"mode","T2","75-79",37,1
"poor","T2","70-74",68,0
"mode","T1ab","75-79",52,2
"mode","T1ab","80+",20,2
"poor","T1c","80+",2,0
"mode","T2","80+",70,2
"mode","T1ab","66-69",14,0
"mode","T1ab","66-69",19,0
"mode","T1ab","75-79",54,2
"mode","T1ab","75-79",25,2
"mode","T1ab","75-79",48,2
"mode","T2","80+",64,0
"mode","T2","80+",39,1
"poor","T1ab","80+",10,0
"mode","T2","80+",19,0
"mode","T1ab","80+",20,2
"mode","T2","80+",29,0
"mode","T2","70-74",6,2
"poor","T2","75-79",46,1
"mode","T1c","75-79",16,2
"mode","T1c","70-74",104,0
"mode","T1c","70-74",8,0
"mode","T1c","70-74",83,2
"poor","T1c","80+",19,0
"mode","T1ab","80+",30,2
"mode","T1ab","80+",97,2
"poor","T2","75-79",67,0
"mode","T1c","70-74",104,0
"mode","T1ab","70-74",65,2
"mode","T2","75-79",18,0
"mode","T2","70-74",41,0
"mode","T1c","80+",3,0
"mode","T1c","80+",5,0
"poor","T2","80+",61,2
"mode","T2","75-79",86,0
"mode","T2","80+",45,2
"mode","T1c","75-79",47,0
"mode","T2","80+",14,0
"mode","T1c","80+",21,0
"mode","T2","80+",36,0
"mode","T2","75-79",4,0
"poor","T2","80+",59,0
"mode","T1c","80+",56,0
"mode","T2","80+",22,0
"mode","T2","80+",5,0
"mode","T1ab","75-79",18,0
"poor","T1c","80+",30,0
"mode","T1ab","80+",16,0
"poor","T2","80+",22,2
"poor","T1c","70-74",5,2
"mode","T2","70-74",76,2
"mode","T1ab","75-79",26,0
"poor","T2","70-74",20,2
"poor","T1c","80+",5,0
"mode","T2","80+",22,0
"poor","T1ab","80+",4,2
"mode","T1ab","75-79",62,0
"mode","T2","70-74",22,0
"mode","T1ab","70-74",55,0
"mode","T1ab","70-74",31,0
"mode","T1c","80+",23,2
"mode","T1ab","66-69",116,0
"mode","T2","66-69",13,0
"mode","T2","75-79",82,0
"mode","T1ab","75-79",47,2
"mode","T1ab","75-79",68,0
"mode","T2","75-79",1,0
"poor","T2","70-74",42,0
"mode","T1ab","70-74",22,0
"mode","T2","66-69",44,0
"mode","T2","70-74",46,0
"mode","T1c","80+",14,0
"mode","T1c","66-69",14,0
"mode","T1c","70-74",14,2
"poor","T2","80+",20,1
"poor","T1ab","75-79",48,2
"mode","T2","70-74",55,0
"poor","T1ab","80+",20,2
"mode","T1c","70-74",81,0
"mode","T1c","75-79",9,2
"mode","T2","66-69",112,0
"mode","T2","75-79",4,0
"mode","T1c","75-79",59,0
"mode","T1c","70-74",17,0
"mode","T1c","75-79",56,2
"mode","T2","75-79",19,0
"mode","T2","70-74",115,0
"mode","T2","80+",46,0
"mode","T1c","70-74",96,0
"poor","T2","66-69",85,2
"mode","T1ab","75-79",46,2
"poor","T2","75-79",2,0
"mode","T2","75-79",4,0
"poor","T2","80+",34,2
"mode","T1ab","80+",1,0
"mode","T1ab","70-74",51,0
"poor","T2","75-79",6,0
"poor","T2","80+",53,0
"mode","T2","75-79",23,0
"mode","T1ab","75-79",62,0
"poor","T1c","80+",25,1
"mode","T1ab","75-79",75,2
"mode","T2","70-74",37,0
"poor","T1c","75-79",1,0
"poor","T1c","75-79",21,2
"mode","T1ab","75-79",86,0
"mode","T2","75-79",27,2
"mode","T2","75-79",54,0
"mode","T2","75-79",25,2
"mode","T2","80+",61,2
"poor","T1ab","75-79",65,0
"mode","T2","66-69",70,0
"mode","T1c","80+",50,0
"mode","T2","75-79",19,0
"mode","T1ab","66-69",42,0
"poor","T2","70-74",19,0
"mode","T2","80+",3,0
"poor","T1c","75-79",23,1
"mode","T1c","80+",65,2
"mode","T2","80+",65,0
"mode","T2","70-74",51,0
"mode","T1ab","75-79",50,0
"mode","T2","70-74",3,0
"mode","T1c","70-74",6,0
"mode","T1ab","80+",69,2
"mode","T1ab","80+",49,0
"mode","T1c","75-79",37,0
"mode","T1ab","80+",46,2
"mode","T1c","80+",48,0
"mode","T1c","75-79",51,0
"mode","T1ab","75-79",35,0
"mode","T2","75-79",25,2
"mode","T2","70-74",28,2
"mode","T1ab","75-79",2,0
"mode","T1ab","80+",24,0
"mode","T1ab","70-74",1,0
"mode","T1ab","70-74",105,0
"mode","T2","80+",52,1
"mode","T1ab","80+",55,2
"poor","T1c","70-74",67,0
"mode","T1c","75-79",35,0
"mode","T1ab","80+",34,2
"mode","T1ab","80+",11,0
"mode","T2","70-74",53,0
"mode","T2","70-74",9,0
"mode","T2","75-79",35,2
"mode","T2","66-69",21,0
"poor","T1c","80+",8,0
"mode","T1c","80+",13,2
"mode","T1ab","80+",40,0
"mode","T2","80+",45,2
"mode","T1c","70-74",80,0
"mode","T1c","75-79",33,0
"poor","T1c","80+",46,0
"mode","T1ab","70-74",30,0
"poor","T2","66-69",35,0
"mode","T1c","70-74",13,0
"mode","T1ab","70-74",15,2
"mode","T1c","75-79",19,0
"mode","T2","66-69",12,0
"poor","T2","80+",0,0
"mode","T1c","75-79",24,0
"mode","T2","80+",20,1
"mode","T2","75-79",57,0
"mode","T1c","75-79",0,0
"mode","T2","70-74",43,0
"mode","T1c","70-74",33,2
"mode","T2","75-79",69,2
"mode","T1c","80+",23,0
"mode","T2","75-79",93,0
"mode","T1c","66-69",101,0
"mode","T1ab","80+",43,2
"mode","T1c","66-69",24,1
"poor","T1c","70-74",13,0
"poor","T2","80+",18,2
"mode","T2","75-79",15,0
"mode","T1ab","70-74",101,0
"poor","T2","75-79",95,0
"poor","T1c","80+",117,0
"mode","T1ab","70-74",21,0
"mode","T2","66-69",14,0
"mode","T1c","70-74",4,0
"mode","T1ab","80+",32,0
"poor","T1c","66-69",58,2
"poor","T2","70-74",12,0
"poor","T2","80+",22,2
"mode","T2","80+",26,2
"mode","T2","80+",14,0
"mode","T1c","70-74",42,0
"mode","T1c","80+",34,2
"mode","T1ab","80+",6,0
"mode","T1ab","70-74",15,0
"mode","T2","80+",5,0
"poor","T1c","75-79",19,0
"poor","T2","70-74",75,2
"mode","T2","75-79",28,0
"mode","T1ab","80+",5,0
"mode","T1c","75-79",34,0
"mode","T2","80+",8,0
"mode","T2","70-74",26,0
"mode","T1c","75-79",21,0
"poor","T2","75-79",17,1
"mode","T1c","75-79",78,2
"mode","T2","70-74",44,0
"poor","T1c","75-79",9,1
"poor","T2","66-69",71,0
"mode","T2","70-74",81,0
"poor","T1ab","75-79",48,0
"mode","T1ab","75-79",34,0
"mode","T2","70-74",20,0
"poor","T2","80+",29,0
"mode","T1ab","70-74",83,0
"mode","T2","80+",2,0
"mode","T2","75-79",50,2
"mode","T1c","75-79",76,2
"mode","T1c","75-79",33,0
"mode","T1ab","75-79",3,0
"mode","T1c","75-79",10,0
"mode","T2","66-69",64,0
"poor","T1ab","80+",17,0
"mode","T2","80+",55,2
"mode","T1c","66-69",4,0
"mode","T1c","70-74",11,0
"mode","T2","80+",1,2
"mode","T1ab","80+",1,2
"mode","T1ab","80+",33,2
"mode","T2","70-74",43,0
"mode","T2","80+",27,2
"poor","T1ab","70-74",81,0
"mode","T1ab","75-79",34,2
"mode","T2","75-79",18,2
"mode","T1ab","75-79",4,2
"poor","T1ab","75-79",39,2
"mode","T2","75-79",6,0
"mode","T2","80+",44,0
"mode","T2","75-79",104,0
"mode","T2","66-69",52,0
"mode","T1ab","80+",46,2
"poor","T1c","75-79",106,2
"mode","T2","70-74",22,0
"mode","T2","80+",33,0
"mode","T2","75-79",54,0
"mode","T2","75-79",15,0
"mode","T1c","75-79",0,0
"mode","T1c","80+",15,0
"mode","T2","80+",19,0
"mode","T1ab","66-69",83,2
"poor","T2","66-69",12,0
"poor","T1ab","80+",14,2
"poor","T1c","80+",101,0
"mode","T2","75-79",72,0
"mode","T2","80+",21,2
"mode","T1ab","75-79",19,2
"mode","T1ab","75-79",63,2
"poor","T1ab","80+",27,0
"poor","T1c","75-79",87,1
"mode","T2","75-79",11,2
"mode","T2","80+",16,2
"mode","T1c","75-79",68,0
"mode","T1ab","80+",9,0
"mode","T1ab","75-79",72,0
"poor","T2","80+",22,0
"mode","T2","70-74",104,0
"poor","T2","75-79",14,0
"mode","T2","70-74",31,0
"mode","T2","70-74",2,2
"mode","T2","75-79",59,2
"mode","T1c","80+",33,2
"mode","T1c","75-79",39,0
"poor","T2","80+",24,1
"mode","T1ab","80+",52,0
"poor","T1c","80+",87,0
"poor","T2","66-69",11,2
"poor","T2","80+",56,0
"mode","T1ab","70-74",49,2
"mode","T1c","80+",36,0
"mode","T1ab","70-74",57,2
"poor","T2","70-74",21,0
"mode","T2","80+",29,0
"mode","T1c","70-74",48,2
"mode","T2","80+",112,0
"mode","T1c","66-69",19,0
"mode","T1ab","66-69",17,2
"poor","T1ab","80+",10,0
"mode","T2","75-79",10,0
"mode","T1ab","75-79",48,0
"mode","T1ab","80+",16,0
"mode","T1ab","80+",63,2
"mode","T1c","80+",29,2
"poor","T1c","80+",69,2
"poor","T2","70-74",2,0
"mode","T2","70-74",32,0
"mode","T1c","75-79",16,0
"mode","T2","66-69",112,0
"mode","T2","66-69",11,0
"poor","T2","70-74",10,0
"mode","T1c","70-74",118,0
"mode","T2","80+",31,2
"poor","T2","66-69",36,2
"mode","T1ab","80+",50,0
"mode","T1c","66-69",0,0
"mode","T2","66-69",43,2
"poor","T2","80+",13,2
"mode","T2","70-74",9,0
"mode","T2","70-74",16,0
"mode","T1ab","70-74",88,0
"mode","T1c","70-74",56,0
"mode","T1ab","80+",84,2
"mode","T1c","70-74",27,2
"mode","T1c","70-74",14,0
"mode","T1ab","70-74",54,0
"poor","T2","80+",53,1
"mode","T1ab","70-74",9,0
"mode","T1c","80+",5,0
"mode","T1c","75-79",119,0
"poor","T1ab","80+",55,0
"poor","T1c","80+",97,0
"mode","T2","80+",37,2
"mode","T1c","75-79",40,0
"mode","T1ab","75-79",54,0
"mode","T1ab","75-79",74,0
"mode","T2","70-74",16,0
"poor","T2","66-69",7,0
"poor","T2","75-79",90,1
"mode","T1ab","66-69",3,0
"mode","T2","75-79",19,0
"mode","T1c","70-74",8,0
"mode","T1c","75-79",110,0
"mode","T1c","80+",2,0
"mode","T1ab","80+",10,0
"mode","T2","75-79",14,0
"mode","T1ab","80+",47,0
"mode","T1ab","66-69",46,0
"mode","T1c","75-79",113,0
"mode","T1c","80+",71,0
"mode","T1c","70-74",23,0
"mode","T1ab","80+",87,2
"poor","T2","70-74",57,2
"mode","T2","70-74",91,0
"mode","T2","70-74",59,0
"mode","T1ab","70-74",27,0
"mode","T1ab","75-79",21,0
"mode","T1ab","70-74",70,0
"mode","T2","80+",68,0
"mode","T2","80+",13,0
"mode","T1ab","75-79",16,0
"poor","T1ab","75-79",26,1
"poor","T2","80+",49,0
"mode","T2","75-79",27,2
"poor","T2","80+",44,2
"mode","T1ab","70-74",44,2
"mode","T2","75-79",58,0
"mode","T1ab","80+",43,2
"mode","T2","80+",37,0
"mode","T2","70-74",27,2
"mode","T2","75-79",31,0
"mode","T2","70-74",41,0
"poor","T2","75-79",42,0
"mode","T1ab","80+",63,2
"mode","T1c","80+",51,2
"mode","T2","75-79",56,0
"mode","T1c","70-74",49,0
"mode","T2","66-69",15,0
"mode","T1c","80+",22,0
"poor","T1ab","75-79",35,2
"mode","T1c","70-74",85,2
"mode","T2","80+",11,0
"mode","T1ab","66-69",21,0
"poor","T1ab","80+",12,1
"mode","T1c","80+",43,2
"mode","T2","66-69",15,0
"mode","T2","75-79",6,0
"mode","T1ab","75-79",6,0
"mode","T1c","80+",0,0
"mode","T1c","75-79",70,0
"poor","T2","70-74",117,0
"poor","T1c","75-79",8,2
"poor","T1ab","80+",13,1
"mode","T2","75-79",43,0
"mode","T1c","70-74",18,0
"mode","T1ab","70-74",33,0
"mode","T1ab","70-74",26,0
"mode","T2","70-74",3,0
"mode","T1c","75-79",9,0
"mode","T1ab","80+",30,2
"mode","T1c","80+",4,0
"mode","T1ab","80+",29,2
"mode","T1ab","80+",28,1
"mode","T1ab","70-74",29,2
"mode","T2","66-69",45,0
"mode","T2","80+",113,0
"mode","T1ab","75-79",53,0
"mode","T2","75-79",5,0
"mode","T2","75-79",11,2
"mode","T2","80+",65,0
"mode","T2","80+",56,0
"mode","T1c","75-79",20,0
"mode","T2","75-79",23,0
"mode","T1ab","75-79",69,0
"mode","T2","80+",29,1
"mode","T1ab","80+",0,0
"poor","T2","75-79",98,0
"mode","T1ab","66-69",1,2
"poor","T1c","80+",46,0
"poor","T2","80+",8,0
"mode","T2","80+",11,0
"mode","T1ab","80+",34,0
"poor","T2","75-79",24,2
"poor","T2","80+",34,0
"mode","T2","66-69",29,0
"poor","T2","66-69",27,0
"mode","T1ab","70-74",2,0
"mode","T1c","80+",13,0
"mode","T1ab","80+",19,2
"mode","T1c","80+",72,2
"mode","T2","75-79",64,0
"mode","T2","66-69",98,0
"poor","T2","70-74",80,0
"poor","T2","80+",32,2
"poor","T1c","70-74",43,0
"poor","T2","80+",29,0
"mode","T2","70-74",44,0
"mode","T1ab","80+",66,0
"mode","T2","80+",18,2
"mode","T1c","70-74",118,0
"mode","T1c","75-79",53,0
"mode","T1ab","75-79",8,2
"poor","T1ab","80+",47,0
"mode","T1ab","75-79",91,0
"poor","T2","80+",21,2
"mode","T1ab","75-79",3,0
"mode","T2","75-79",98,0
"mode","T1c","70-74",14,0
"mode","T1c","80+",16,0
"poor","T1c","80+",7,0
"mode","T2","75-79",81,2
"mode","T1c","75-79",86,0
"mode","T2","70-74",19,0
"mode","T2","66-69",16,0
"poor","T1ab","80+",14,1
"mode","T2","80+",24,0
"mode","T1c","75-79",12,2
"poor","T1ab","80+",49,1
"mode","T1c","75-79",7,0
"mode","T1c","75-79",27,0
"mode","T1c","80+",87,2
"poor","T2","80+",104,2
"mode","T1c","75-79",66,0
"mode","T1c","75-79",62,0
"mode","T2","80+",26,0
"mode","T1ab","70-74",108,0
"mode","T2","80+",67,0
"mode","T1c","66-69",65,0
"mode","T1c","80+",3,0
"mode","T1c","70-74",32,0
"mode","T2","75-79",21,2
"poor","T2","80+",55,0
"mode","T2","75-79",70,0
"mode","T1c","70-74",0,0
"poor","T1c","80+",5,0
"mode","T2","70-74",11,0
"mode","T1c","80+",59,2
"mode","T1c","75-79",6,0
"mode","T2","66-69",15,0
"mode","T1c","80+",2,0
"mode","T1ab","80+",4,0
"mode","T2","70-74",80,0
"poor","T1ab","80+",3,1
"mode","T1c","80+",8,0
"mode","T2","75-79",0,0
"mode","T2","75-79",62,0
"mode","T1ab","80+",54,0
"mode","T1c","80+",14,2
"mode","T1ab","70-74",93,0
"mode","T1c","75-79",32,0
"poor","T1ab","70-74",12,0
"mode","T1ab","75-79",20,0
"mode","T2","75-79",74,2
"mode","T1c","75-79",59,2
"mode","T2","75-79",7,0
"poor","T1c","75-79",63,2
"mode","T2","66-69",15,0
"mode","T2","66-69",21,0
"poor","T1ab","80+",24,2
"mode","T2","80+",61,0
"mode","T2","80+",87,0
"mode","T2","70-74",112,0
"poor","T2","66-69",50,0
"poor","T1ab","80+",62,2
"mode","T2","75-79",42,0
"mode","T2","66-69",22,0
"mode","T1ab","70-74",29,2
"mode","T1c","66-69",103,0
"mode","T1ab","70-74",77,0
"poor","T2","80+",20,1
"mode","T2","75-79",94,0
"mode","T2","70-74",61,0
"poor","T2","80+",31,0
"mode","T1c","70-74",1,0
"poor","T2","80+",39,2
"mode","T1c","80+",83,0
"mode","T1c","75-79",20,0
"mode","T1ab","80+",47,0
"mode","T1c","66-69",102,0
"mode","T1ab","80+",54,2
"mode","T2","70-74",9,0
"poor","T2","80+",44,1
"mode","T1c","75-79",6,0
"mode","T2","75-79",93,2
"mode","T2","80+",8,0
"mode","T1c","75-79",18,0
"mode","T1c","70-74",16,0
"mode","T1ab","70-74",5,0
"mode","T1ab","80+",9,0
"mode","T1c","66-69",87,0
"mode","T1c","70-74",99,0
"poor","T2","80+",5,0
"mode","T1ab","70-74",28,0
"mode","T1c","75-79",116,0
"poor","T2","70-74",99,1
"mode","T1ab","80+",28,2
"poor","T2","66-69",8,0
"mode","T1c","80+",38,2
"mode","T1ab","80+",68,2
"mode","T1c","80+",68,0
"mode","T2","75-79",10,2
"mode","T1c","70-74",108,2
"poor","T1ab","80+",22,1
"poor","T1ab","80+",81,0
"poor","T2","70-74",109,0
"mode","T1ab","80+",16,0
"mode","T2","80+",45,0
"mode","T2","70-74",19,1
"mode","T1ab","75-79",12,0
"mode","T2","70-74",72,2
"mode","T2","70-74",48,2
"mode","T1c","75-79",65,2
"mode","T1ab","80+",0,0
"mode","T2","75-79",1,0
"mode","T1c","75-79",4,0
"mode","T1ab","70-74",70,0
"mode","T1c","75-79",6,0
"poor","T2","70-74",23,0
"mode","T1c","66-69",16,0
"mode","T2","75-79",79,0
"mode","T1ab","80+",69,0
"mode","T2","70-74",65,0
"mode","T2","80+",7,0
"mode","T1ab","80+",16,0
"mode","T2","80+",33,0
"poor","T2","75-79",1,2
"mode","T1c","70-74",16,1
"mode","T1c","70-74",3,0
"poor","T2","80+",83,0
"mode","T2","75-79",60,2
"mode","T1c","80+",21,0
"mode","T1c","70-74",10,0
"mode","T2","80+",18,0
"mode","T1ab","70-74",58,2
"mode","T1c","75-79",27,1
"mode","T1ab","80+",78,0
"mode","T2","75-79",7,0
"mode","T1ab","80+",33,2
"mode","T1ab","75-79",17,0
"mode","T2","70-74",72,2
"mode","T1c","80+",116,0
"mode","T2","80+",108,2
"mode","T1ab","75-79",101,0
"mode","T1c","80+",5,0
"mode","T1c","66-69",17,0
"mode","T2","75-79",85,0
"mode","T2","80+",57,2
"mode","T1ab","80+",10,0
"mode","T2","75-79",7,0
"poor","T1c","70-74",18,0
"mode","T1c","80+",23,0
"mode","T1ab","80+",8,0
"mode","T1ab","70-74",102,0
"mode","T1c","66-69",67,0
"mode","T2","70-74",0,0
"mode","T1c","80+",43,0
"mode","T1c","66-69",7,0
"poor","T2","80+",19,1
"mode","T2","70-74",40,0
"mode","T1ab","70-74",13,0
"mode","T2","75-79",3,0
"mode","T1c","80+",14,0
"mode","T1c","75-79",28,0
"mode","T1c","80+",6,0
"poor","T2","80+",42,0
"mode","T1c","70-74",51,0
"mode","T2","80+",22,2
"mode","T2","70-74",43,2
"mode","T1ab","80+",1,0
"mode","T2","80+",2,0
"mode","T1c","75-79",18,0
"poor","T2","66-69",12,0
"poor","T1ab","80+",16,0
"mode","T2","75-79",21,0
"mode","T1ab","70-74",96,0
"mode","T1ab","80+",103,2
"mode","T1c","66-69",26,0
"mode","T2","75-79",94,0
"mode","T1c","75-79",49,0
"poor","T2","80+",2,0
"mode","T2","80+",14,2
"mode","T1c","66-69",5,0
"poor","T2","80+",26,2
"mode","T2","75-79",89,0
"poor","T1ab","80+",18,0
"mode","T1ab","75-79",76,0
"mode","T2","66-69",31,0
"mode","T2","80+",9,0
"mode","T1ab","75-79",80,2
"poor","T2","75-79",0,0
"mode","T2","80+",13,1
"mode","T1ab","80+",17,0
"mode","T1c","80+",21,0
"mode","T2","80+",20,0
"mode","T1ab","80+",73,0
"mode","T2","75-79",22,2
"mode","T2","70-74",55,0
"mode","T2","75-79",33,0
"mode","T1c","66-69",47,2
"mode","T2","75-79",53,0
"mode","T1c","66-69",12,0
"mode","T1c","80+",33,2
"mode","T2","80+",46,0
"mode","T1ab","75-79",19,2
"poor","T2","80+",40,2
"mode","T1ab","80+",57,0
"mode","T2","66-69",3,0
"mode","T1ab","80+",26,2
"mode","T2","70-74",55,0
"mode","T1c","75-79",8,0
"mode","T2","80+",20,0
"mode","T1c","70-74",82,0
"mode","T1ab","70-74",31,0
"mode","T2","75-79",18,0
"mode","T1c","66-69",42,2
"mode","T2","80+",59,2
"mode","T1ab","80+",26,0
"mode","T1c","75-79",32,0
"mode","T2","80+",23,2
"mode","T1c","80+",71,0
"mode","T1ab","75-79",58,2
"mode","T1ab","80+",16,0
"poor","T2","70-74",31,0
"poor","T2","80+",49,2
"poor","T2","75-79",32,0
"mode","T2","75-79",67,2
"mode","T2","75-79",7,2
"mode","T1c","80+",91,0
"mode","T2","70-74",110,0
"poor","T2","80+",46,2
"poor","T2","80+",22,0
"mode","T1ab","75-79",51,2
"mode","T2","66-69",61,0
"mode","T2","70-74",43,0
"poor","T1c","80+",1,2
"poor","T1c","70-74",92,0
"poor","T1c","70-74",20,0
"mode","T1ab","80+",8,0
"mode","T1ab","66-69",102,0
"mode","T1ab","70-74",53,2
"mode","T2","75-79",49,2
"poor","T1ab","80+",7,0
"mode","T1ab","70-74",37,0
"mode","T1ab","66-69",67,0
"mode","T2","75-79",20,0
"mode","T1ab","70-74",82,0
"poor","T2","80+",13,0
"mode","T2","75-79",13,2
"poor","T1c","70-74",38,1
"mode","T1c","75-79",32,0
"mode","T2","75-79",51,0
"poor","T1c","70-74",10,2
"poor","T1ab","70-74",28,2
"poor","T2","75-79",33,1
"mode","T1c","70-74",23,1
"poor","T2","80+",3,0
"poor","T1c","70-74",52,0
"mode","T1c","75-79",26,0
"mode","T1ab","70-74",45,2
"mode","T1ab","70-74",44,2
"poor","T2","80+",46,0
"mode","T2","80+",2,0
"mode","T2","70-74",20,0
"mode","T1ab","80+",6,0
"mode","T1ab","70-74",9,0
"mode","T1c","70-74",5,0
"mode","T2","66-69",96,0
"mode","T2","75-79",38,2
"mode","T2","75-79",12,0
"mode","T2","80+",11,0
"mode","T1ab","80+",2,0
"mode","T2","80+",76,2
"mode","T1c","70-74",17,0
"mode","T2","75-79",98,2
"poor","T2","75-79",18,0
"mode","T1c","70-74",14,0
"mode","T1c","80+",29,2
"mode","T2","75-79",14,0
"mode","T2","80+",94,0
"poor","T1c","75-79",1,2
"mode","T2","75-79",111,0
"mode","T2","75-79",38,0
"mode","T1c","75-79",110,0
"mode","T2","75-79",6,0
"mode","T1ab","75-79",31,0
"mode","T1ab","75-79",2,0
"mode","T1c","80+",13,0
"poor","T2","70-74",45,0
"mode","T1c","75-79",9,0
"mode","T1c","66-69",13,0
"mode","T1ab","70-74",64,0
"mode","T1c","80+",39,0
"mode","T1ab","66-69",98,0
"mode","T2","80+",49,0
"mode","T2","80+",68,0
"mode","T2","75-79",6,0
"mode","T1c","75-79",68,0
"mode","T2","75-79",90,0
"poor","T2","80+",18,0
"mode","T1ab","75-79",3,0
"poor","T2","75-79",11,0
"mode","T2","75-79",38,0
"mode","T1ab","70-74",84,2
"poor","T2","70-74",21,2
"mode","T1ab","75-79",1,0
"mode","T1c","70-74",6,0
"mode","T1c","80+",67,0
"mode","T2","75-79",0,0
"mode","T2","66-69",30,2
"mode","T1c","70-74",106,0
"poor","T1ab","80+",68,1
"mode","T2","80+",57,0
"mode","T1c","70-74",82,0
"mode","T1c","75-79",90,0
"mode","T1ab","70-74",27,0
"mode","T2","80+",42,0
"mode","T2","80+",31,2
"poor","T1c","75-79",24,2
"mode","T1c","70-74",65,0
"poor","T1c","80+",13,0
"poor","T2","80+",87,2
"poor","T1ab","80+",6,1
"poor","T2","80+",15,2
"mode","T2","80+",6,0
"poor","T1c","75-79",26,0
"poor","T1c","80+",9,0
"mode","T1ab","75-79",74,2
"mode","T1c","75-79",12,0
"mode","T2","80+",23,0
"mode","T1c","80+",18,2
"poor","T2","80+",36,0
"poor","T2","80+",2,1
"mode","T2","80+",69,0
"mode","T2","80+",23,0
"poor","T2","75-79",33,2
"mode","T2","75-79",20,0
"mode","T1c","70-74",43,0
"mode","T1ab","70-74",116,0
"poor","T2","80+",11,0
"poor","T2","70-74",12,2
"mode","T1c","70-74",57,2
"poor","T2","80+",20,2
"mode","T1ab","70-74",28,2
"poor","T2","66-69",11,0
"mode","T1ab","80+",47,2
"poor","T2","80+",23,1
"mode","T1c","75-79",106,2
"mode","T1ab","80+",113,0
"mode","T1c","66-69",68,0
"poor","T2","80+",22,1
"mode","T2","70-74",32,0
"mode","T2","66-69",92,0
"poor","T1ab","80+",12,0
"mode","T2","80+",51,0
"poor","T2","80+",5,0
"poor","T2","80+",36,2
"mode","T1ab","70-74",106,0
"poor","T2","80+",23,2
"mode","T1c","75-79",34,0
"mode","T1ab","75-79",5,0
"poor","T2","80+",6,0
"mode","T1c","66-69",74,0
"mode","T2","70-74",15,0
"mode","T1c","70-74",32,0
"mode","T2","80+",19,0
"mode","T1ab","80+",18,2
"mode","T1c","80+",3,0
"mode","T2","80+",1,0
"mode","T2","80+",11,0
"mode","T1c","80+",62,0
"mode","T1c","70-74",18,0
"poor","T1ab","80+",3,2
"mode","T1ab","66-69",85,0
"poor","T2","75-79",79,0
"mode","T1ab","75-79",95,0
"mode","T2","80+",45,2
"poor","T1c","75-79",11,0
"mode","T2","75-79",44,1
"mode","T2","80+",102,0
"mode","T1ab","75-79",26,2
"poor","T2","75-79",20,0
"poor","T1c","70-74",114,0
"mode","T1c","80+",71,2
"mode","T1c","75-79",0,0
"poor","T1ab","80+",66,1
"mode","T2","66-69",18,0
"poor","T1ab","80+",77,0
"mode","T1ab","70-74",2,0
"mode","T1ab","80+",68,2
"mode","T1ab","80+",16,0
"mode","T2","70-74",12,0
"poor","T2","75-79",17,0
"poor","T1c","80+",7,2
"mode","T1c","75-79",10,0
"mode","T1ab","70-74",21,0
"mode","T1ab","80+",15,2
"poor","T1c","70-74",65,0
"mode","T1c","75-79",64,0
"poor","T2","80+",77,0
"poor","T1c","75-79",89,0
"mode","T1c","70-74",56,0
"mode","T1ab","66-69",4,0
"mode","T1c","75-79",18,0
"poor","T1ab","75-79",30,2
"poor","T2","75-79",35,0
"mode","T1ab","80+",1,0
"mode","T2","80+",67,0
"mode","T2","80+",37,0
"mode","T2","70-74",50,0
"mode","T2","80+",39,0
"poor","T1c","70-74",26,2
"mode","T2","75-79",82,0
"mode","T2","70-74",65,2
"mode","T1ab","70-74",32,2
"poor","T2","70-74",16,0
"mode","T1ab","80+",20,2
"mode","T1ab","75-79",47,2
"poor","T2","80+",37,2
"mode","T1ab","70-74",52,0
"mode","T2","70-74",23,0
"mode","T1c","80+",13,0
"mode","T2","70-74",56,2
"poor","T2","80+",11,0
"mode","T2","70-74",18,0
"mode","T1ab","70-74",44,0
"mode","T1c","75-79",7,0
"mode","T1ab","70-74",36,2
"mode","T1c","80+",27,2
"mode","T1c","75-79",18,0
"mode","T1ab","70-74",11,0
"mode","T1c","75-79",4,0
"mode","T1c","80+",36,1
"mode","T2","75-79",29,0
"mode","T1c","70-74",21,0
"mode","T1ab","80+",19,0
"mode","T1ab","80+",74,1
"mode","T1ab","75-79",81,0
"mode","T1ab","80+",8,2
"mode","T1c","75-79",6,0
"mode","T1ab","70-74",3,0
"mode","T2","75-79",55,0
"mode","T1ab","70-74",14,0
"mode","T2","70-74",51,0
"mode","T1ab","75-79",60,0
"poor","T2","80+",22,0
"poor","T1ab","75-79",90,0
"mode","T1ab","70-74",26,2
"mode","T1c","70-74",13,0
"mode","T1ab","70-74",21,0
"poor","T2","80+",15,2
"mode","T2","70-74",53,0
"mode","T1ab","70-74",66,0
"mode","T2","70-74",47,0
"mode","T1c","75-79",54,2
"mode","T1ab","75-79",91,2
"poor","T2","80+",7,0
"mode","T1c","75-79",60,0
"mode","T2","80+",8,0
"mode","T1c","80+",26,2
"poor","T2","80+",1,0
"mode","T1c","75-79",14,0
"mode","T2","70-74",13,2
"mode","T1c","80+",61,0
"mode","T2","80+",3,0
"poor","T1ab","80+",9,0
"mode","T1c","75-79",75,0
"mode","T1c","80+",69,2
"mode","T1ab","80+",27,2
"mode","T1c","80+",61,2
"poor","T1ab","80+",17,1
"mode","T1ab","66-69",1,0
"mode","T1c","70-74",8,0
"poor","T1c","80+",2,0
"poor","T1c","80+",17,0
"mode","T2","80+",54,0
"mode","T1c","75-79",65,0
"mode","T2","70-74",104,2
"mode","T1ab","80+",1,0
"mode","T1ab","80+",79,0
"mode","T1ab","75-79",82,0
"mode","T1c","66-69",110,0
"mode","T2","75-79",5,0
"mode","T2","70-74",13,0
"mode","T1c","70-74",22,0
"mode","T1ab","80+",55,1
"mode","T1c","80+",104,0
"mode","T1c","80+",55,2
"mode","T1c","80+",54,2
"mode","T2","75-79",34,2
"mode","T2","80+",32,0
"mode","T2","80+",23,0
"mode","T1ab","66-69",112,0
"mode","T1c","80+",1,2
"mode","T1ab","80+",3,0
"mode","T1ab","75-79",99,0
"poor","T2","75-79",113,0
"mode","T1c","70-74",10,2
"mode","T1ab","75-79",30,0
"poor","T1c","66-69",6,0
"mode","T2","70-74",87,0
"mode","T2","75-79",108,2
"poor","T2","80+",12,1
"mode","T2","70-74",52,0
"poor","T1ab","75-79",4,0
"mode","T1ab","66-69",83,2
"mode","T1ab","80+",5,2
"poor","T1ab","70-74",60,1
"poor","T1c","75-79",16,0
"mode","T1ab","80+",16,2
"mode","T1ab","75-79",3,0
"mode","T2","75-79",70,1
"mode","T2","75-79",64,2
"poor","T2","80+",44,2
"mode","T1c","70-74",14,0
"mode","T1c","70-74",13,0
"poor","T2","80+",14,1
"mode","T1c","75-79",43,0
"mode","T2","80+",107,0
"poor","T2","80+",23,0
"mode","T1ab","70-74",9,0
"mode","T1c","80+",9,0
"poor","T2","80+",26,2
"mode","T2","80+",40,2
"poor","T1ab","80+",81,0
"mode","T2","70-74",28,0
"poor","T1c","80+",10,0
"mode","T1c","75-79",105,0
"mode","T1c","66-69",1,0
"mode","T2","80+",16,0
"mode","T2","75-79",22,0
"mode","T2","66-69",94,0
"mode","T1ab","75-79",14,2
"mode","T2","75-79",116,0
"mode","T1ab","80+",22,0
"mode","T1ab","80+",1,2
"mode","T2","70-74",86,0
"poor","T2","70-74",56,0
"mode","T2","75-79",4,0
"poor","T2","75-79",17,0
"mode","T2","70-74",11,0
"mode","T2","80+",44,0
"mode","T2","80+",22,0
"mode","T2","75-79",13,0
"mode","T1c","66-69",13,0
"mode","T1c","70-74",79,0
"poor","T2","75-79",70,1
"mode","T2","66-69",4,0
"mode","T1ab","75-79",44,0
"poor","T2","75-79",14,0
"mode","T1ab","66-69",118,0
"mode","T2","70-74",5,0
"mode","T2","70-74",86,2
"mode","T1c","66-69",6,0
"mode","T2","70-74",65,0
"mode","T2","80+",7,0
"mode","T1c","75-79",32,0
"mode","T2","80+",1,0
"mode","T1ab","80+",58,0
"mode","T1c","70-74",78,2
"mode","T1ab","75-79",17,0
"mode","T1c","80+",63,2
"poor","T2","75-79",38,0
"mode","T1c","75-79",89,0
"mode","T2","80+",19,0
"poor","T2","80+",62,2
"mode","T1ab","66-69",27,2
"mode","T1c","70-74",99,0
"mode","T2","75-79",80,0
"mode","T1c","75-79",26,2
"mode","T2","70-74",38,2
"mode","T1ab","80+",7,2
"mode","T1c","75-79",99,0
"poor","T1c","75-79",7,0
"mode","T1c","75-79",11,0
"poor","T1c","80+",69,2
"mode","T2","75-79",91,0
"mode","T1c","80+",33,0
"poor","T1ab","75-79",10,0
"mode","T1ab","80+",2,0
"mode","T1ab","75-79",22,0
"mode","T2","75-79",10,0
"mode","T2","75-79",84,0
"mode","T2","80+",20,0
"mode","T1ab","80+",2,0
"mode","T2","80+",5,0
"mode","T1ab","80+",2,0
"mode","T1c","75-79",44,0
"mode","T1c","66-69",15,0
"mode","T1c","80+",21,0
"mode","T1c","75-79",26,0
"mode","T1c","75-79",66,0
"poor","T2","80+",64,1
"mode","T1ab","80+",31,2
"mode","T2","80+",11,0
"poor","T1c","70-74",14,1
"mode","T1ab","80+",40,0
"mode","T1c","80+",38,0
"poor","T1ab","80+",6,2
"mode","T1ab","70-74",5,0
"mode","T1c","70-74",6,0
"mode","T2","80+",68,2
"mode","T1ab","75-79",34,0
"mode","T1c","75-79",8,0
"poor","T2","80+",6,0
"mode","T1c","70-74",81,0
"mode","T2","66-69",113,0
"mode","T2","75-79",16,0
"mode","T2","80+",15,0
"mode","T1ab","70-74",43,2
"mode","T1ab","75-79",20,0
"mode","T1c","80+",79,2
"mode","T2","75-79",98,0
"mode","T1c","66-69",21,0
"mode","T1ab","75-79",73,2
"poor","T2","80+",14,2
"mode","T1c","66-69",2,0
"mode","T1ab","75-79",7,0
"poor","T1c","80+",10,0
"mode","T1c","66-69",18,0
"mode","T2","66-69",1,0
"poor","T2","80+",28,1
"mode","T1ab","75-79",7,0
"mode","T2","75-79",5,0
"mode","T1ab","80+",22,0
"mode","T1ab","80+",8,0
"poor","T1c","70-74",8,0
"poor","T1c","75-79",7,0
"mode","T1c","75-79",50,0
"poor","T2","80+",68,2
"poor","T2","70-74",40,0
"poor","T2","70-74",10,0
"mode","T2","66-69",74,0
"mode","T1ab","70-74",38,2
"mode","T1c","75-79",20,0
"mode","T2","75-79",21,0
"poor","T2","80+",53,2
"mode","T2","75-79",14,0
"mode","T1c","75-79",1,0
"mode","T2","80+",46,1
"mode","T2","80+",16,2
"mode","T1c","75-79",77,0
"mode","T2","66-69",3,0
"mode","T2","75-79",56,0
"mode","T1ab","75-79",18,0
"mode","T1ab","66-69",87,0
"mode","T2","80+",27,0
"mode","T1c","80+",81,2
"mode","T2","75-79",47,0
"poor","T2","80+",6,0
"poor","T1c","75-79",7,0
"poor","T2","70-74",54,0
"mode","T2","70-74",88,0
"mode","T2","70-74",27,0
"mode","T1ab","75-79",54,0
"mode","T2","70-74",31,0
"mode","T1c","75-79",28,1
"mode","T2","75-79",76,0
"mode","T2","80+",40,0
"mode","T1c","75-79",45,2
"mode","T1c","75-79",113,0
"mode","T2","66-69",83,0
"mode","T1c","75-79",18,0
"mode","T1ab","70-74",23,0
"mode","T1ab","66-69",47,0
"poor","T2","80+",37,1
"poor","T2","80+",11,1
"mode","T1ab","75-79",46,2
"mode","T2","75-79",37,2
"poor","T1ab","70-74",68,0
"mode","T2","80+",15,2
"poor","T1ab","75-79",18,0
"mode","T1c","80+",8,1
"mode","T1c","80+",57,2
"mode","T1ab","70-74",7,2
"mode","T1ab","66-69",42,0
"mode","T2","66-69",0,0
"mode","T1ab","75-79",1,2
"poor","T2","70-74",24,2
"poor","T2","80+",33,0
"mode","T1ab","80+",69,2
"mode","T1ab","70-74",64,0
"mode","T1c","80+",13,0
"mode","T2","75-79",30,2
"poor","T1ab","80+",35,0
"mode","T1c","70-74",51,0
"poor","T1ab","75-79",9,2
"poor","T1c","80+",33,0
"mode","T1ab","80+",13,2
"mode","T2","75-79",14,0
"mode","T1ab","75-79",20,0
"mode","T2","70-74",6,0
"mode","T2","80+",46,2
"mode","T1ab","66-69",0,0
"poor","T2","70-74",27,0
"mode","T2","75-79",16,0
"mode","T1c","66-69",14,0
"poor","T2","80+",8,1
"mode","T2","70-74",47,0
"mode","T1c","75-79",24,0
"poor","T2","80+",24,2
"poor","T1c","75-79",96,0
"mode","T2","80+",95,0
"poor","T2","66-69",50,0
"poor","T1c","80+",34,0
"mode","T2","75-79",13,0
"mode","T2","80+",68,0
"mode","T2","80+",18,1
"mode","T1c","70-74",44,2
"mode","T1ab","66-69",2,0
"mode","T1c","75-79",28,0
"poor","T1c","75-79",53,0
"mode","T1c","75-79",10,0
"mode","T1c","66-69",47,0
"mode","T2","80+",44,2
"poor","T2","80+",13,0
"mode","T1ab","70-74",23,2
"mode","T2","75-79",65,0
"mode","T2","80+",33,1
"mode","T1ab","70-74",90,0
"mode","T1ab","80+",30,0
"mode","T1ab","70-74",10,0
"mode","T1ab","75-79",79,0
"mode","T1c","70-74",85,2
"mode","T2","80+",12,0
"mode","T2","70-74",63,0
"mode","T1c","75-79",33,0
"mode","T1ab","66-69",95,0
"mode","T2","66-69",35,0
"mode","T1c","66-69",78,0
"poor","T2","75-79",46,0
"mode","T1c","75-79",33,0
"mode","T1c","80+",15,0
"mode","T2","70-74",36,0
"mode","T2","80+",2,0
"mode","T2","75-79",23,0
"mode","T1ab","75-79",43,0
"poor","T1ab","75-79",1,0
"mode","T2","66-69",82,0
"poor","T2","75-79",112,0
"mode","T1ab","66-69",18,0
"poor","T2","80+",57,2
"poor","T1ab","70-74",15,0
"poor","T1ab","80+",57,0
"mode","T1ab","66-69",15,0
"mode","T2","75-79",19,0
"mode","T1c","70-74",46,0
"mode","T1c","75-79",29,0
"poor","T1ab","80+",22,1
"mode","T2","70-74",0,0
"mode","T2","66-69",6,0
"mode","T1ab","80+",73,0
"mode","T1ab","75-79",38,2
"mode","T2","80+",34,0
"mode","T1ab","80+",6,0
"mode","T1c","75-79",14,2
"mode","T1c","80+",18,0
"mode","T1ab","70-74",13,0
"mode","T1c","80+",12,2
"poor","T1c","75-79",19,2
"mode","T2","70-74",9,0
"mode","T2","80+",59,0
"mode","T1ab","75-79",103,0
"poor","T1c","75-79",18,0
"mode","T1c","75-79",95,0
"poor","T2","66-69",6,0
"mode","T1c","75-79",15,0
"poor","T1c","80+",21,0
"poor","T2","75-79",13,0
"mode","T1c","75-79",32,0
"mode","T2","70-74",13,0
"mode","T1c","80+",15,2
"mode","T2","80+",32,1
"mode","T2","70-74",93,0
"poor","T2","80+",68,2
"mode","T1c","66-69",25,0
"mode","T1ab","80+",4,0
"mode","T2","80+",21,0
"mode","T2","75-79",32,0
"mode","T1ab","70-74",114,0
"mode","T1ab","70-74",21,0
"mode","T1ab","66-69",92,0
"mode","T1c","80+",7,2
"poor","T1ab","80+",62,0
"poor","T2","70-74",53,0
"mode","T2","80+",25,0
"poor","T1c","80+",39,2
"mode","T2","80+",34,1
"poor","T1c","80+",54,2
"poor","T2","75-79",3,0
"mode","T2","70-74",11,0
"poor","T2","80+",17,0
"mode","T1ab","80+",12,0
"mode","T2","75-79",25,0
"mode","T2","75-79",32,0
"mode","T2","75-79",54,0
"mode","T1ab","80+",63,0
"mode","T2","80+",2,0
"mode","T2","75-79",40,0
"mode","T1ab","70-74",106,0
"poor","T2","75-79",66,0
"mode","T1ab","66-69",28,0
"mode","T2","70-74",99,0
"mode","T2","75-79",68,0
"poor","T1c","66-69",71,0
"poor","T2","75-79",98,2
"mode","T2","75-79",35,2
"mode","T2","80+",14,0
"poor","T1ab","70-74",6,0
"poor","T1c","75-79",59,1
"poor","T2","75-79",100,0
"mode","T1c","80+",2,0
"mode","T1ab","70-74",40,0
"mode","T1c","66-69",11,2
"mode","T1c","75-79",33,2
"mode","T2","66-69",31,2
"poor","T1c","80+",23,0
"poor","T2","80+",78,0
"mode","T2","70-74",39,0
"mode","T1c","80+",27,0
"mode","T2","80+",2,0
"mode","T1ab","80+",57,2
"mode","T2","70-74",67,0
"mode","T2","75-79",68,0
"mode","T1c","70-74",36,0
"poor","T1c","80+",14,2
"poor","T1c","80+",56,0
"mode","T2","75-79",5,0
"poor","T1ab","80+",21,0
"poor","T2","80+",30,2
"mode","T2","66-69",119,0
"mode","T1c","80+",23,0
"poor","T2","80+",34,2
"mode","T1ab","75-79",0,0
"mode","T2","80+",6,0
"mode","T1c","80+",68,2
"poor","T1ab","80+",88,0
"mode","T1c","75-79",39,0
"poor","T1ab","80+",29,0
"poor","T2","75-79",9,0
"mode","T1ab","80+",10,2
"mode","T1c","70-74",7,0
"mode","T1ab","70-74",67,0
"mode","T2","80+",86,0
"mode","T1ab","75-79",64,0
"mode","T2","70-74",64,2
"poor","T2","70-74",9,0
"mode","T1c","80+",71,0
"mode","T2","80+",3,0
"mode","T1c","66-69",14,0
"mode","T1c","75-79",8,0
"mode","T1ab","66-69",78,2
"poor","T1ab","80+",33,0
"mode","T1ab","80+",32,2
"mode","T2","75-79",75,2
"mode","T1ab","75-79",35,0
"mode","T1ab","80+",75,0
"mode","T2","80+",28,0
"poor","T1ab","80+",30,1
"mode","T1c","70-74",38,0
"mode","T1c","66-69",43,1
"mode","T2","80+",41,1
"mode","T2","80+",46,1
"poor","T1ab","80+",26,2
"mode","T1ab","80+",25,2
"mode","T1ab","75-79",8,2
"mode","T2","75-79",8,0
"poor","T2","80+",62,2
"mode","T1ab","75-79",2,0
"poor","T1c","80+",21,0
"mode","T1ab","75-79",76,0
"poor","T2","80+",67,0
"mode","T1c","70-74",14,0
"mode","T1ab","75-79",26,0
"poor","T2","80+",74,2
"mode","T2","80+",4,0
"mode","T1ab","75-79",76,2
"mode","T2","80+",12,0
"poor","T1c","75-79",13,2
"poor","T1c","80+",24,0
"mode","T2","70-74",36,2
"mode","T1c","80+",19,0
"mode","T1ab","66-69",16,0
"mode","T2","70-74",77,0
"mode","T2","75-79",35,0
"mode","T1ab","70-74",0,0
"mode","T2","75-79",2,0
"mode","T2","66-69",19,0
"mode","T1ab","70-74",34,0
"mode","T2","75-79",101,0
"mode","T2","75-79",1,2
"mode","T1ab","70-74",3,0
"poor","T2","80+",27,0
"mode","T2","80+",20,0
"mode","T1ab","70-74",3,0
"mode","T1c","80+",37,2
"poor","T1c","75-79",14,0
"mode","T1c","70-74",9,2
"mode","T2","80+",44,2
"mode","T1c","70-74",67,0
"poor","T1ab","80+",18,0
"mode","T2","75-79",40,0
"mode","T2","75-79",18,0
"poor","T1c","75-79",119,0
"poor","T1ab","80+",46,0
"mode","T1c","70-74",14,0
"mode","T2","80+",3,0
"mode","T2","80+",64,0
"mode","T1ab","80+",117,0
"mode","T1ab","75-79",1,0
"mode","T2","75-79",46,0
"mode","T1c","75-79",9,0
"mode","T2","70-74",20,0
"mode","T1ab","80+",70,0
"mode","T2","66-69",101,0
"mode","T2","75-79",47,2
"mode","T1c","70-74",107,0
"mode","T1c","70-74",14,0
"poor","T1c","66-69",27,0
"poor","T2","80+",17,1
"mode","T1c","75-79",0,0
"mode","T1c","80+",113,2
"mode","T1c","70-74",51,2
"mode","T1ab","75-79",93,0
"poor","T1c","75-79",1,0
"mode","T2","75-79",26,0
"mode","T1ab","75-79",3,0
"poor","T2","75-79",5,2
"mode","T2","80+",16,0
"mode","T2","75-79",35,0
"poor","T1ab","80+",14,1
"mode","T1ab","75-79",20,2
"poor","T2","80+",22,0
"mode","T2","80+",9,2
"poor","T2","80+",31,0
"mode","T1c","75-79",2,0
"mode","T1c","70-74",33,2
"mode","T2","80+",45,1
"mode","T2","75-79",23,0
"mode","T1ab","70-74",17,0
"mode","T2","75-79",106,0
"mode","T2","75-79",12,0
"mode","T1ab","80+",31,2
"poor","T2","80+",1,0
"poor","T1ab","70-74",108,0
"mode","T1c","70-74",81,0
"mode","T1ab","80+",13,2
"mode","T1ab","80+",65,0
"poor","T2","80+",29,0
"mode","T1c","75-79",25,2
"poor","T2","80+",77,0
"mode","T1c","66-69",66,0
"mode","T1ab","70-74",6,0
"poor","T2","70-74",3,0
"mode","T1ab","75-79",113,0
"poor","T2","75-79",8,0
"mode","T2","70-74",1,0
"mode","T2","70-74",32,0
"mode","T1c","70-74",7,0
"poor","T2","70-74",47,0
"mode","T2","75-79",10,0
"poor","T1c","80+",22,0
"poor","T2","80+",25,1
"mode","T1ab","80+",19,0
"mode","T1c","70-74",54,0
"poor","T1c","70-74",34,2
"mode","T1c","75-79",57,0
"mode","T1ab","80+",12,0
"mode","T1c","75-79",12,0
"mode","T2","75-79",7,0
"mode","T2","80+",1,2
"poor","T2","80+",3,0
"mode","T2","75-79",59,2
"mode","T2","75-79",51,2
"mode","T1ab","80+",12,2
"poor","T2","80+",24,0
"mode","T1ab","75-79",2,0
"poor","T2","70-74",42,2
"poor","T2","75-79",99,0
"mode","T1ab","66-69",27,0
"poor","T1c","75-79",18,0
"mode","T2","75-79",20,0
"mode","T1ab","75-79",31,2
"mode","T1c","66-69",47,0
"mode","T1c","75-79",13,0
"mode","T1c","70-74",7,0
"poor","T2","75-79",52,0
"mode","T2","80+",4,0
"mode","T1c","75-79",24,2
"mode","T1ab","66-69",76,0
"poor","T1c","75-79",34,0
"mode","T2","80+",98,0
"poor","T1c","75-79",1,0
"mode","T2","80+",24,0
"mode","T1c","80+",46,0
"mode","T1ab","80+",58,0
"mode","T1ab","80+",74,2
"mode","T1c","70-74",45,0
"mode","T2","66-69",16,0
"mode","T1c","70-74",94,0
"mode","T2","80+",85,0
"mode","T1c","80+",3,0
"mode","T2","75-79",17,0
"mode","T1c","75-79",11,0
"poor","T2","66-69",9,0
"mode","T2","70-74",43,2
"mode","T1c","66-69",9,0
"mode","T1ab","70-74",32,0
"mode","T2","80+",14,0
"mode","T1c","80+",15,0
"mode","T2","70-74",54,2
"mode","T1ab","70-74",7,0
"mode","T2","80+",22,2
"poor","T2","80+",59,0
"mode","T1ab","75-79",50,0
"mode","T1c","80+",20,0
"mode","T2","75-79",22,1
"poor","T1c","80+",4,0
"mode","T2","75-79",60,2
"mode","T2","80+",18,0
"poor","T1c","80+",94,0
"mode","T2","66-69",103,0
"poor","T1c","70-74",70,2
"mode","T1c","66-69",17,0
"mode","T1c","80+",45,2
"mode","T1c","70-74",60,0
"mode","T1ab","80+",18,0
"mode","T1c","75-79",16,0
"poor","T1ab","75-79",1,0
"poor","T2","80+",38,0
"mode","T1c","75-79",20,0
"mode","T1ab","66-69",65,0
"mode","T1c","75-79",34,0
"poor","T2","75-79",34,0
"mode","T2","80+",9,0
"mode","T1ab","75-79",45,0
"mode","T1c","80+",101,0
"poor","T1c","75-79",6,1
"mode","T1c","75-79",6,0
"mode","T2","75-79",22,0
"mode","T2","80+",52,0
"mode","T2","70-74",46,2
"mode","T2","70-74",16,0
"mode","T1ab","75-79",86,0
"mode","T2","80+",53,1
"mode","T2","75-79",86,0
"poor","T2","80+",39,0
"mode","T2","80+",20,2
"mode","T2","70-74",30,2
"mode","T2","75-79",23,0
"mode","T1ab","80+",69,0
"mode","T2","80+",24,2
"mode","T1c","80+",5,0
"mode","T1ab","80+",7,0
"poor","T2","75-79",21,2
"mode","T2","80+",0,0
"mode","T2","80+",15,0
"mode","T1ab","75-79",8,0
"mode","T2","80+",13,0
"poor","T2","80+",65,0
"mode","T1ab","66-69",27,0
"mode","T1c","66-69",18,0
"mode","T2","75-79",52,2
"mode","T2","66-69",62,0
"poor","T1c","80+",101,0
"poor","T2","80+",7,0
"mode","T1c","80+",2,0
"mode","T1ab","70-74",15,0
"mode","T1c","80+",78,2
"poor","T1ab","80+",45,2
"poor","T2","75-79",77,2
"mode","T1c","75-79",5,0
"mode","T2","75-79",101,0
"mode","T2","70-74",37,0
"mode","T1ab","80+",64,2
"mode","T1c","80+",67,1
"mode","T1c","80+",56,0
"mode","T1ab","70-74",17,0
"mode","T1ab","80+",13,0
"mode","T1ab","80+",42,2
"mode","T1ab","70-74",21,0
"mode","T1ab","80+",3,0
"mode","T2","80+",47,0
"poor","T1c","80+",64,2
"poor","T2","70-74",19,0
"mode","T1c","80+",46,0
"mode","T1c","75-79",92,0
"mode","T1ab","80+",26,0
"poor","T2","75-79",10,0
"mode","T2","70-74",2,0
"mode","T2","75-79",9,0
"mode","T1ab","70-74",61,2
"mode","T1ab","75-79",74,0
"mode","T1c","80+",30,2
"mode","T2","80+",58,1
"mode","T2","80+",1,0
"mode","T1ab","75-79",4,0
"mode","T1c","70-74",57,2
"mode","T1c","75-79",4,0
"mode","T2","80+",6,0
"mode","T2","75-79",19,0
"mode","T1ab","75-79",98,0
"mode","T1ab","66-69",1,0
"mode","T2","66-69",6,0
"mode","T2","80+",30,0
"mode","T1ab","70-74",13,0
"mode","T1ab","66-69",67,0
"mode","T1ab","80+",24,2
"poor","T1ab","66-69",1,2
"poor","T2","75-79",37,1
"mode","T1ab","75-79",56,1
"mode","T2","75-79",11,2
"mode","T2","80+",99,0
"mode","T2","75-79",72,0
"poor","T2","80+",11,1
"mode","T1c","66-69",9,0
"mode","T2","80+",24,2
"mode","T1ab","75-79",14,0
"mode","T2","75-79",8,0
"mode","T1c","80+",5,0
"mode","T1ab","75-79",41,2
"mode","T2","66-69",97,0
"poor","T2","80+",36,0
"mode","T1ab","75-79",31,0
"mode","T1ab","80+",47,0
"mode","T1ab","80+",12,0
"mode","T2","75-79",15,0
"mode","T1c","80+",26,2
"mode","T1ab","75-79",56,0
"mode","T1ab","80+",73,2
"mode","T1ab","75-79",63,0
"mode","T1c","75-79",75,2
"mode","T2","66-69",94,0
"mode","T2","70-74",68,0
"mode","T1c","75-79",16,0
"mode","T1c","80+",24,0
"mode","T1ab","80+",31,0
"mode","T1c","70-74",59,0
"mode","T1ab","80+",0,0
"mode","T2","75-79",19,2
"mode","T2","70-74",5,0
"poor","T2","80+",5,1
"mode","T2","80+",21,2
"mode","T2","66-69",76,0
"mode","T1ab","75-79",12,0
"mode","T1c","75-79",34,0
"mode","T1c","80+",1,2
"mode","T2","80+",102,0
"mode","T1ab","75-79",60,0
"poor","T2","70-74",66,1
"mode","T1ab","80+",15,0
"mode","T1ab","75-79",50,0
"mode","T1ab","75-79",59,2
"poor","T2","75-79",5,0
"mode","T1c","70-74",108,0
"mode","T1c","80+",58,0
"mode","T1c","80+",4,0
"mode","T2","80+",48,2
"mode","T2","70-74",111,0
"poor","T2","80+",5,0
"mode","T1c","75-79",4,0
"mode","T2","80+",2,0
"mode","T2","66-69",23,0
"mode","T1c","80+",55,0
"mode","T1ab","75-79",44,0
"poor","T1c","80+",84,0
"poor","T1c","75-79",10,0
"mode","T1ab","80+",48,0
"mode","T1ab","70-74",30,0
"poor","T2","80+",31,2
"poor","T2","80+",5,0
"poor","T1c","75-79",71,1
"mode","T2","75-79",9,0
"mode","T1ab","66-69",10,0
"mode","T2","75-79",13,0
"mode","T1ab","80+",20,0
"mode","T1c","75-79",105,0
"mode","T1ab","80+",1,0
"mode","T2","75-79",11,1
"mode","T1ab","80+",30,0
"mode","T1c","80+",6,2
"mode","T1ab","80+",34,0
"mode","T1ab","66-69",110,0
"mode","T1ab","80+",3,0
"mode","T2","80+",49,2
"mode","T2","70-74",66,0
"poor","T2","70-74",14,0
"poor","T2","80+",11,0
"mode","T1c","66-69",2,2
"mode","T2","75-79",27,0
"mode","T2","75-79",42,0
"mode","T2","80+",34,2
"poor","T2","80+",8,2
"mode","T1c","80+",101,0
"poor","T1c","80+",29,0
"mode","T1ab","80+",22,2
"mode","T1ab","80+",10,0
"mode","T2","66-69",12,0
"mode","T1ab","80+",28,0
"mode","T1c","70-74",62,0
"mode","T1ab","80+",33,0
"mode","T1ab","75-79",91,0
"poor","T2","70-74",84,0
"mode","T1ab","66-69",40,0
"mode","T2","75-79",106,0
"poor","T2","66-69",107,0
"mode","T2","75-79",0,0
"mode","T1ab","75-79",19,0
"mode","T1ab","66-69",16,0
"mode","T2","75-79",2,0
"mode","T1ab","80+",54,0
"mode","T1c","80+",90,0
"mode","T1c","75-79",2,0
"mode","T2","70-74",30,0
"mode","T2","66-69",70,0
"mode","T2","80+",91,0
"poor","T2","70-74",6,0
"mode","T1c","80+",5,0
"mode","T1c","80+",3,0
"mode","T2","70-74",40,0
"mode","T2","66-69",54,0
"mode","T1c","75-79",102,0
"poor","T1c","80+",44,1
"mode","T1c","80+",74,2
"mode","T1ab","70-74",56,0
"mode","T1ab","75-79",30,0
"mode","T2","75-79",0,0
"mode","T1c","70-74",54,0
"mode","T2","80+",38,2
"mode","T1c","80+",22,0
"mode","T2","80+",47,0
"mode","T2","70-74",81,0
"mode","T1c","80+",9,0
"mode","T2","70-74",75,0
"poor","T2","75-79",18,2
"mode","T1ab","70-74",5,2
"mode","T2","75-79",24,0
"mode","T1c","75-79",13,0
"mode","T1c","66-69",81,0
"poor","T2","75-79",74,1
"mode","T1ab","80+",17,0
"poor","T1ab","80+",25,2
"mode","T1c","80+",78,0
"mode","T1c","66-69",33,0
"mode","T1ab","75-79",43,0
"mode","T1ab","80+",0,0
"mode","T1c","70-74",25,0
"mode","T1ab","70-74",10,0
"poor","T2","75-79",58,2
"mode","T2","66-69",63,0
"poor","T1ab","80+",19,0
"mode","T1ab","66-69",82,0
"mode","T2","75-79",36,0
"mode","T2","75-79",1,0
"mode","T1ab","70-74",19,0
"mode","T2","70-74",11,2
"poor","T2","70-74",63,0
"mode","T1ab","70-74",54,0
"mode","T2","75-79",25,0
"mode","T1ab","70-74",74,0
"mode","T1c","70-74",24,0
"poor","T2","66-69",22,2
"mode","T2","70-74",18,2
"mode","T1c","80+",64,2
"poor","T2","66-69",78,0
"mode","T2","75-79",70,0
"mode","T1ab","80+",53,0
"mode","T1ab","66-69",17,0
"mode","T2","80+",63,2
"mode","T2","80+",14,0
"poor","T2","80+",41,2
"mode","T1c","70-74",4,0
"mode","T1ab","70-74",44,0
"poor","T2","70-74",15,0
"poor","T2","70-74",54,2
"mode","T1c","75-79",28,0
"mode","T1ab","80+",53,1
"mode","T1ab","75-79",85,0
"mode","T2","75-79",15,0
"mode","T2","80+",17,0
"mode","T1ab","80+",19,0
"mode","T1c","75-79",52,0
"poor","T2","80+",0,0
"poor","T2","80+",13,2
"mode","T1c","70-74",12,2
"poor","T1c","80+",77,0
"mode","T1c","75-79",101,0
"mode","T1ab","66-69",1,2
"mode","T2","80+",83,2
"mode","T1ab","70-74",104,0
"poor","T2","70-74",12,0
"mode","T1c","80+",97,0
"mode","T2","70-74",31,0
"poor","T2","75-79",80,0
"poor","T1ab","80+",40,2
"mode","T2","70-74",59,0
"mode","T1c","75-79",0,0
"mode","T2","75-79",110,0
"poor","T1c","70-74",85,1
"mode","T1ab","80+",0,0
"poor","T1c","75-79",24,0
"mode","T1c","75-79",16,0
"poor","T2","75-79",93,0
"mode","T1ab","75-79",57,0
"poor","T1c","75-79",61,1
"mode","T2","80+",31,0
"mode","T1c","75-79",53,0
"mode","T1ab","70-74",75,0
"mode","T1ab","70-74",117,1
"mode","T1ab","70-74",10,0
"mode","T1ab","70-74",103,0
"mode","T1c","70-74",22,0
"mode","T1ab","66-69",5,2
"mode","T1ab","66-69",4,0
"mode","T2","75-79",15,0
"mode","T2","75-79",22,0
"mode","T2","75-79",17,2
"mode","T2","80+",17,2
"mode","T2","70-74",0,0
"mode","T1ab","70-74",21,0
"poor","T2","70-74",4,1
"mode","T1ab","75-79",10,0
"mode","T1ab","80+",32,0
"mode","T1ab","80+",35,0
"mode","T1c","70-74",2,0
"mode","T1c","75-79",102,0
"mode","T1c","80+",102,2
"mode","T1ab","75-79",3,0
"mode","T2","75-79",46,0
"mode","T2","70-74",9,0
"mode","T2","80+",114,0
"mode","T1ab","75-79",106,0
"mode","T2","75-79",6,0
"mode","T1ab","80+",16,0
"mode","T1c","80+",73,2
"mode","T1ab","70-74",11,0
"mode","T2","70-74",5,0
"mode","T1c","75-79",49,0
"mode","T1ab","75-79",67,0
"mode","T1ab","75-79",43,1
"mode","T1c","75-79",7,0
"poor","T2","70-74",13,0
"mode","T1c","70-74",18,0
"poor","T2","66-69",73,0
"mode","T2","80+",19,0
"mode","T1c","80+",35,2
"mode","T2","70-74",25,0
"mode","T2","80+",61,2
"mode","T1c","70-74",104,0
"mode","T1c","70-74",7,0
"mode","T2","75-79",75,0
"mode","T1ab","70-74",7,0
"mode","T1c","75-79",1,2
"mode","T2","70-74",42,2
"mode","T1ab","80+",19,2
"mode","T2","80+",72,0
"mode","T2","75-79",62,0
"mode","T1c","66-69",25,0
"mode","T1ab","66-69",2,2
"poor","T1ab","80+",10,0
"mode","T2","75-79",29,2
"mode","T1c","70-74",4,0
"mode","T1c","70-74",74,0
"mode","T1ab","75-79",38,0
"mode","T2","80+",33,2
"mode","T1c","80+",80,2
"mode","T1ab","70-74",6,0
"mode","T1c","66-69",3,2
"poor","T2","80+",2,0
"mode","T2","75-79",3,0
"mode","T1c","66-69",20,0
"mode","T1c","75-79",13,0
"mode","T2","75-79",6,0
"mode","T2","80+",8,0
"mode","T2","80+",7,0
"mode","T1ab","75-79",47,0
"mode","T1c","80+",19,0
"mode","T1c","75-79",22,0
"mode","T2","70-74",3,0
"mode","T2","75-79",56,0
"mode","T2","70-74",93,0
"poor","T2","66-69",0,0
"mode","T2","75-79",34,0
"mode","T2","70-74",10,0
"poor","T1c","75-79",70,0
"mode","T1ab","66-69",103,0
"mode","T2","75-79",12,0
"poor","T2","66-69",90,2
"mode","T2","80+",83,0
"mode","T1c","70-74",54,2
"mode","T1c","70-74",14,0
"mode","T2","75-79",106,0
"mode","T1ab","80+",47,2
"mode","T1c","75-79",3,0
"mode","T2","80+",35,0
"mode","T1ab","66-69",52,0
"mode","T2","66-69",86,0
"poor","T2","75-79",72,0
"mode","T2","70-74",18,0
"mode","T1c","70-74",13,2
"mode","T2","70-74",35,0
"mode","T1c","75-79",19,0
"mode","T1c","75-79",7,0
"mode","T2","80+",18,0
"mode","T1ab","75-79",72,0
"mode","T1c","75-79",11,0
"mode","T2","80+",104,0
"poor","T2","75-79",18,2
"poor","T1c","80+",32,0
"mode","T1c","75-79",33,0
"mode","T2","70-74",28,0
"mode","T1c","80+",21,2
"mode","T1ab","80+",5,0
"mode","T1ab","75-79",37,0
"mode","T1c","80+",19,0
"mode","T2","70-74",4,0
"mode","T2","75-79",31,0
"mode","T2","75-79",74,2
"mode","T2","70-74",5,0
"poor","T1ab","75-79",31,0
"poor","T1ab","75-79",31,0
"mode","T2","75-79",98,0
"mode","T1ab","80+",23,0
"mode","T2","66-69",90,0
"poor","T2","66-69",23,0
"mode","T2","70-74",105,2
"mode","T1c","70-74",17,0
"mode","T1ab","75-79",39,0
"poor","T2","75-79",74,0
"mode","T1ab","75-79",46,2
"mode","T2","80+",0,0
"mode","T1ab","75-79",90,0
"mode","T2","80+",65,2
"mode","T2","75-79",79,0
"mode","T2","80+",33,2
"mode","T1ab","80+",58,2
"poor","T2","80+",50,2
"poor","T1ab","80+",65,2
"mode","T2","75-79",1,0
"mode","T1c","70-74",38,2
"mode","T1c","80+",92,2
"mode","T2","70-74",97,0
"mode","T1c","75-79",0,0
"mode","T2","70-74",25,2
"poor","T1ab","75-79",51,2
"mode","T1c","70-74",21,0
"mode","T1ab","66-69",44,0
"poor","T1c","80+",56,0
"mode","T1ab","75-79",20,2
"mode","T1ab","80+",10,0
"mode","T2","75-79",89,0
"mode","T1c","80+",50,0
"poor","T1c","75-79",59,2
"poor","T2","75-79",6,0
"poor","T1ab","80+",5,0
"mode","T2","75-79",58,0
"mode","T2","70-74",45,0
"mode","T1ab","80+",33,0
"poor","T2","80+",30,0
"mode","T1c","70-74",60,2
"mode","T2","75-79",23,0
"mode","T1c","80+",103,0
"mode","T2","80+",79,2
"mode","T2","66-69",19,2
"mode","T2","70-74",19,0
"mode","T1ab","80+",23,0
"mode","T2","80+",5,0
"poor","T1ab","75-79",68,1
"mode","T1c","66-69",96,0
"mode","T1ab","80+",13,0
"mode","T2","80+",21,0
"mode","T1c","80+",14,0
"mode","T2","66-69",5,2
"mode","T1ab","80+",51,2
"mode","T2","80+",14,0
"mode","T2","66-69",21,0
"mode","T1c","75-79",56,1
"poor","T1c","75-79",57,0
"poor","T2","75-79",1,0
"mode","T2","66-69",17,0
"mode","T1ab","70-74",95,0
"poor","T1ab","75-79",12,2
"mode","T1c","80+",35,0
"poor","T1ab","75-79",64,0
"mode","T1c","75-79",118,0
"mode","T1c","70-74",0,0
"mode","T1ab","75-79",24,2
"mode","T2","80+",87,0
"mode","T1c","75-79",79,1
"mode","T1c","75-79",21,0
"mode","T2","75-79",10,0
"poor","T2","80+",31,0
"poor","T2","75-79",1,2
"poor","T2","75-79",3,1
"poor","T2","80+",10,0
"mode","T2","75-79",34,1
"mode","T1ab","80+",0,0
"mode","T1c","75-79",4,0
"poor","T2","70-74",50,0
"poor","T1ab","80+",27,0
"mode","T2","75-79",39,0
"mode","T2","70-74",21,2
"mode","T2","80+",14,0
"mode","T2","80+",65,0
"mode","T2","80+",34,2
"mode","T2","75-79",17,0
"mode","T2","80+",4,0
"mode","T1ab","80+",12,0
"poor","T1ab","75-79",34,2
"mode","T1c","80+",64,2
"mode","T1ab","80+",23,0
"mode","T1ab","75-79",68,0
"poor","T2","80+",68,1
"mode","T1c","66-69",19,0
"poor","T1c","80+",14,0
"poor","T1ab","80+",38,2
"poor","T1c","80+",112,0
"mode","T1c","80+",58,0
"mode","T1c","75-79",85,2
"mode","T1c","80+",8,0
"mode","T1ab","80+",4,0
"mode","T2","80+",16,2
"mode","T1ab","75-79",65,0
"mode","T1ab","75-79",8,0
"mode","T1ab","70-74",46,0
"poor","T1c","66-69",11,2
"poor","T2","80+",91,0
"mode","T1c","80+",13,0
"poor","T1c","75-79",44,2
"mode","T1ab","75-79",43,2
"poor","T1c","80+",16,0
"mode","T1c","66-69",27,0
"poor","T1ab","75-79",3,1
"poor","T2","80+",30,2
"mode","T2","66-69",13,0
"mode","T1c","80+",21,2
"poor","T2","80+",80,2
"mode","T2","80+",37,0
"mode","T2","75-79",52,2
"mode","T1c","66-69",101,0
"mode","T2","80+",8,2
"mode","T1c","80+",22,0
"mode","T2","75-79",38,0
"mode","T1c","66-69",89,0
"mode","T2","66-69",57,0
"poor","T2","70-74",75,1
"mode","T1ab","75-79",64,2
"mode","T1ab","80+",28,2
"mode","T1c","70-74",39,0
"poor","T2","70-74",94,0
"mode","T1c","75-79",29,0
"mode","T2","80+",41,0
"poor","T1ab","75-79",6,0
"mode","T2","75-79",9,2
"mode","T1ab","80+",53,2
"mode","T1c","75-79",16,0
"poor","T1c","80+",21,0
"poor","T2","70-74",12,0
"poor","T2","80+",84,2
"mode","T2","80+",21,0
"poor","T1ab","80+",17,2
"mode","T2","66-69",4,0
"mode","T1c","80+",40,0
"mode","T2","80+",47,0
"mode","T1c","80+",4,1
"mode","T2","80+",21,2
"mode","T1ab","80+",1,2
"mode","T1ab","75-79",10,2
"mode","T1ab","80+",45,2
"mode","T2","70-74",27,0
"poor","T1ab","80+",13,2
"mode","T1c","75-79",103,0
"mode","T1ab","75-79",5,0
"mode","T1c","70-74",45,0
"poor","T1c","80+",41,0
"mode","T2","75-79",36,0
"mode","T1ab","66-69",61,0
"poor","T1c","80+",9,0
"mode","T2","80+",21,0
"mode","T2","66-69",15,0
"mode","T2","80+",48,1
"poor","T1c","66-69",27,0
"mode","T2","80+",31,0
"mode","T1c","80+",33,0
"mode","T2","70-74",15,0
"mode","T1ab","75-79",105,0
"mode","T1ab","70-74",3,0
"mode","T2","66-69",81,2
"poor","T2","70-74",7,0
"mode","T1c","80+",18,0
"poor","T1c","75-79",21,0
"mode","T2","80+",65,1
"poor","T1c","80+",2,0
"mode","T1ab","70-74",18,0
"mode","T1ab","80+",12,0
"mode","T1ab","80+",93,2
"poor","T2","75-79",30,2
"mode","T1c","80+",92,2
"mode","T2","80+",52,2
"mode","T2","80+",23,0
"poor","T2","80+",55,0
"mode","T1c","80+",14,0
"poor","T1c","75-79",19,0
"mode","T1ab","75-79",34,2
"mode","T2","80+",7,0
"poor","T2","80+",73,2
"mode","T2","70-74",23,0
"poor","T1ab","80+",36,0
"mode","T1ab","75-79",6,0
"mode","T2","80+",96,0
"mode","T2","75-79",26,0
"mode","T1ab","80+",29,2
"mode","T1c","80+",27,2
"mode","T1ab","80+",23,0
"poor","T2","80+",22,2
"mode","T1ab","66-69",74,0
"mode","T2","70-74",8,0
"mode","T2","80+",23,0
"mode","T1c","75-79",42,0
"mode","T1c","75-79",5,0
"mode","T2","80+",40,2
"mode","T1c","66-69",7,0
"poor","T1c","66-69",7,0
"mode","T1c","75-79",88,0
"poor","T1c","80+",51,0
"mode","T2","75-79",23,0
"poor","T1ab","80+",13,0
"mode","T2","75-79",95,2
"mode","T1ab","66-69",90,0
"mode","T2","70-74",20,0
"mode","T1ab","66-69",30,0
"mode","T1ab","80+",74,2
"mode","T1c","80+",7,0
"poor","T2","80+",12,0
"mode","T2","75-79",78,0
"mode","T2","75-79",36,0
"mode","T2","80+",8,0
"mode","T2","66-69",75,0
"mode","T1ab","66-69",36,0
"poor","T1c","70-74",82,0
"mode","T1ab","75-79",13,0
"mode","T2","75-79",83,2
"poor","T2","80+",9,0
"mode","T2","75-79",81,2
"mode","T1ab","75-79",39,0
"mode","T1ab","80+",89,2
"mode","T1ab","70-74",109,0
"mode","T2","70-74",86,0
"mode","T1ab","75-79",78,0
"mode","T1c","80+",69,0
"mode","T1ab","80+",25,0
"poor","T1ab","70-74",45,1
"poor","T2","80+",56,2
"mode","T2","75-79",16,0
"mode","T1ab","80+",30,2
"mode","T1ab","75-79",25,2
"mode","T1ab","80+",32,2
"poor","T2","80+",15,1
"poor","T1ab","80+",95,0
"mode","T2","75-79",100,2
"poor","T1ab","80+",60,0
"mode","T2","80+",99,2
"poor","T2","80+",22,2
"mode","T2","66-69",113,0
"mode","T1c","75-79",87,0
"mode","T1c","70-74",23,0
"poor","T2","70-74",30,2
"mode","T2","75-79",22,0
"poor","T2","80+",64,0
"poor","T1ab","80+",16,1
"mode","T1ab","66-69",50,2
"poor","T2","80+",15,0
"poor","T1ab","80+",5,0
"mode","T2","66-69",18,0
"mode","T1c","75-79",1,0
"mode","T1c","80+",52,0
"mode","T1c","70-74",95,0
"mode","T1ab","66-69",24,2
"mode","T1c","70-74",17,0
"poor","T1ab","70-74",3,0
"mode","T1c","80+",22,0
"mode","T1c","75-79",11,0
"mode","T2","75-79",23,0
"mode","T2","80+",40,0
"mode","T2","80+",39,1
"mode","T1c","70-74",7,0
"mode","T2","75-79",78,0
"mode","T1ab","75-79",37,0
"mode","T1c","75-79",22,0
"mode","T2","66-69",18,0
"mode","T1c","75-79",65,0
"poor","T2","80+",24,0
"mode","T1ab","75-79",12,0
"mode","T1ab","75-79",27,0
"mode","T2","70-74",68,0
"poor","T2","80+",16,0
"mode","T2","80+",74,0
"mode","T2","66-69",3,0
"poor","T1c","75-79",46,0
"mode","T1c","66-69",15,0
"mode","T1ab","75-79",56,2
"mode","T2","80+",21,0
"mode","T1ab","80+",47,1
"mode","T2","80+",98,2
"mode","T1c","80+",94,0
"mode","T2","80+",78,0
"mode","T1c","66-69",46,0
"mode","T2","66-69",7,0
"mode","T2","80+",0,0
"mode","T2","80+",14,0
"mode","T1c","80+",58,0
"mode","T1c","80+",32,2
"poor","T1c","75-79",2,0
"poor","T1c","70-74",17,0
"poor","T2","66-69",26,2
"mode","T1ab","80+",7,0
"mode","T2","80+",36,2
"poor","T2","66-69",42,0
"mode","T2","75-79",11,0
"mode","T1c","80+",40,2
"poor","T1c","75-79",11,0
"mode","T2","70-74",6,0
"poor","T1c","66-69",70,0
"poor","T1c","70-74",6,0
"poor","T2","75-79",24,0
"poor","T2","75-79",19,1
"poor","T2","75-79",36,1
"mode","T1c","75-79",80,0
"mode","T1c","75-79",68,0
"mode","T1c","70-74",32,0
"poor","T1c","70-74",15,2
"mode","T2","75-79",80,0
"mode","T1ab","70-74",80,0
"mode","T1ab","66-69",3,0
"mode","T2","66-69",12,0
"mode","T1ab","80+",39,0
"mode","T1c","75-79",4,0
"mode","T1ab","80+",19,2
"mode","T2","80+",38,2
"mode","T1ab","70-74",4,0
"mode","T1ab","70-74",55,0
"mode","T2","70-74",27,2
"mode","T1ab","70-74",46,2
"mode","T2","70-74",8,0
"mode","T1c","80+",58,0
"poor","T1c","80+",65,2
"mode","T1ab","75-79",37,2
"poor","T2","80+",23,0
"mode","T2","70-74",23,0
"poor","T2","70-74",26,2
"mode","T2","75-79",2,0
"mode","T2","66-69",45,0
"poor","T1c","75-79",66,0
"poor","T1ab","70-74",32,0
"mode","T2","75-79",2,0
"mode","T2","80+",68,0
"mode","T2","70-74",101,0
"mode","T2","70-74",77,0
"poor","T1ab","70-74",52,0
"mode","T2","75-79",28,2
"poor","T1ab","75-79",38,1
"mode","T1ab","80+",2,0
"poor","T2","70-74",86,2
"mode","T1c","66-69",4,0
"poor","T1ab","75-79",23,2
"mode","T1c","70-74",106,0
"mode","T2","75-79",109,2
"mode","T1c","80+",41,2
"poor","T1c","75-79",113,0
"poor","T1c","75-79",25,2
"mode","T2","66-69",61,0
"mode","T1c","80+",81,0
"mode","T1c","80+",47,0
"mode","T1c","70-74",7,0
"mode","T1c","80+",45,0
"mode","T2","75-79",5,0
"mode","T1c","80+",21,0
"poor","T1c","80+",9,0
"mode","T2","66-69",64,0
"mode","T1c","80+",27,0
"mode","T2","80+",0,0
"mode","T1c","70-74",17,0
"mode","T2","80+",57,2
"mode","T1ab","70-74",28,2
"poor","T2","70-74",102,2
"mode","T2","80+",81,0
"mode","T1c","75-79",99,0
"mode","T2","75-79",19,0
"mode","T2","80+",49,2
"poor","T1c","80+",5,2
"mode","T1ab","80+",85,0
"mode","T2","75-79",61,1
"poor","T1c","70-74",88,0
"mode","T1c","66-69",55,0
"mode","T1c","70-74",21,0
"mode","T1ab","75-79",79,0
"mode","T2","75-79",9,0
"poor","T2","80+",46,1
"mode","T1c","75-79",70,0
"mode","T1c","70-74",82,0
"mode","T1ab","80+",73,2
"poor","T1c","75-79",12,0
"mode","T1ab","75-79",88,2
"mode","T1c","80+",74,0
"poor","T2","80+",3,2
"mode","T2","70-74",14,0
"mode","T1c","75-79",102,2
"poor","T2","80+",8,0
"mode","T1ab","66-69",77,0
"poor","T2","80+",14,0
"mode","T1ab","66-69",14,0
"poor","T2","70-74",22,0
"mode","T1ab","70-74",61,1
"mode","T2","80+",41,0
"poor","T1c","70-74",85,0
"mode","T1c","75-79",71,0
"mode","T1ab","75-79",25,2
"mode","T2","66-69",23,0
"mode","T1ab","75-79",8,2
"mode","T2","70-74",8,0
"mode","T1ab","75-79",15,0
"mode","T1c","80+",23,0
"mode","T1c","70-74",43,2
"poor","T1ab","70-74",20,0
"mode","T2","75-79",56,0
"mode","T1c","70-74",70,2
"mode","T2","80+",27,0
"mode","T1ab","70-74",43,0
"mode","T2","80+",74,2
"poor","T1ab","80+",10,1
"mode","T1c","80+",51,0
"mode","T1c","75-79",33,0
"mode","T1c","80+",17,0
"mode","T1c","70-74",96,0
"poor","T2","70-74",52,0
"poor","T1c","66-69",28,0
"mode","T1c","80+",64,0
"mode","T2","66-69",82,0
"mode","T1ab","80+",26,2
"poor","T2","70-74",58,2
"mode","T1c","70-74",18,1
"mode","T2","70-74",46,2
"mode","T1c","70-74",31,0
"mode","T1c","75-79",19,0
"poor","T2","80+",112,2
"poor","T2","70-74",28,0
"mode","T2","66-69",2,0
"poor","T1c","80+",9,0
"poor","T2","80+",18,0
"poor","T2","75-79",68,0
"mode","T2","75-79",31,2
"poor","T1c","80+",55,2
"mode","T2","70-74",94,0
"poor","T1ab","70-74",14,0
"poor","T1c","80+",85,0
"mode","T1c","80+",8,0
"poor","T2","80+",78,2
"mode","T1c","66-69",14,0
"poor","T1ab","80+",32,1
"mode","T1c","80+",18,0
"mode","T2","75-79",85,0
"mode","T2","75-79",21,0
"mode","T1ab","66-69",64,0
"poor","T2","80+",71,0
"mode","T2","75-79",93,0
"mode","T1c","70-74",12,0
"mode","T2","66-69",11,2
"poor","T1c","80+",64,0
"poor","T1c","70-74",15,1
"poor","T2","80+",15,0
"mode","T1ab","75-79",6,0
"mode","T2","75-79",22,2
"poor","T1ab","75-79",30,0
"poor","T1ab","80+",44,2
"mode","T2","80+",7,0
"poor","T2","70-74",14,0
"mode","T2","80+",3,0
"mode","T2","70-74",53,0
"mode","T1c","80+",49,0
"mode","T1ab","70-74",60,0
"mode","T2","66-69",6,0
"poor","T1c","80+",28,2
"poor","T1c","75-79",0,0
"mode","T1c","70-74",59,2
"mode","T2","80+",22,0
"mode","T1ab","75-79",7,0
"mode","T1c","70-74",111,0
"poor","T1ab","75-79",52,0
"poor","T1c","75-79",85,2
"mode","T1ab","70-74",2,2
"mode","T2","80+",13,2
"mode","T1ab","66-69",10,2
"mode","T1ab","70-74",35,0
"mode","T2","75-79",67,0
"poor","T2","75-79",103,0
"mode","T1c","80+",6,0
"mode","T2","70-74",33,0
"mode","T1c","80+",5,0
"mode","T2","66-69",5,0
"mode","T1ab","70-74",94,2
"poor","T2","80+",23,0
"poor","T2","66-69",69,1
"mode","T2","75-79",65,0
"mode","T1ab","70-74",3,0
"mode","T2","80+",74,0
"poor","T2","75-79",26,0
"mode","T1ab","70-74",1,0
"mode","T2","70-74",42,0
"mode","T1ab","70-74",7,0
"mode","T2","75-79",13,0
"mode","T1c","80+",28,2
"mode","T1c","75-79",15,0
"mode","T1c","75-79",35,0
"poor","T2","80+",51,2
"mode","T2","70-74",17,0
"mode","T1ab","75-79",8,0
"mode","T2","80+",108,0
"poor","T2","66-69",10,2
"mode","T1c","66-69",20,0
"poor","T2","66-69",75,2
"poor","T1ab","80+",43,2
"poor","T2","80+",60,2
"mode","T1c","75-79",67,0
"mode","T2","75-79",24,1
"mode","T2","80+",71,2
"mode","T2","80+",20,0
"mode","T1c","75-79",19,0
"mode","T2","75-79",35,0
"mode","T1c","80+",12,0
"mode","T1c","66-69",40,0
"mode","T1ab","70-74",17,2
"mode","T1ab","80+",17,0
"mode","T1ab","70-74",112,0
"mode","T1c","70-74",30,0
"poor","T2","75-79",24,0
"mode","T1ab","75-79",21,2
"mode","T1c","70-74",9,0
"poor","T1c","70-74",23,0
"mode","T1ab","80+",45,2
"mode","T1ab","70-74",89,0
"mode","T1ab","75-79",67,0
"mode","T2","80+",40,2
"poor","T1ab","75-79",27,1
"poor","T1ab","80+",65,1
"poor","T2","80+",9,2
"poor","T1ab","66-69",36,0
"mode","T1c","70-74",63,0
"mode","T1ab","70-74",89,0
"mode","T1c","75-79",60,0
"mode","T1c","70-74",49,0
"mode","T1ab","70-74",23,0
"mode","T2","80+",22,2
"mode","T1ab","80+",17,0
"mode","T1ab","80+",13,0
"mode","T1c","75-79",4,0
"mode","T2","75-79",22,0
"mode","T2","80+",26,0
"poor","T2","80+",38,0
"mode","T1ab","75-79",0,0
"mode","T2","80+",56,2
"mode","T1ab","80+",22,0
"poor","T1ab","80+",20,2
"mode","T1ab","70-74",33,0
"poor","T2","80+",29,0
"mode","T2","75-79",38,0
"mode","T2","80+",13,2
"mode","T1ab","80+",80,0
"mode","T2","66-69",36,0
"mode","T1c","80+",7,0
"mode","T1ab","70-74",17,0
"mode","T2","75-79",3,0
"poor","T2","66-69",77,2
"mode","T1ab","70-74",6,0
"mode","T1c","70-74",52,2
"poor","T2","70-74",35,0
"mode","T1ab","70-74",6,0
"mode","T2","66-69",89,2
"mode","T1c","80+",89,0
"poor","T2","66-69",77,0
"mode","T1ab","80+",13,0
"mode","T1ab","75-79",36,2
"mode","T1ab","80+",4,0
"mode","T1ab","80+",56,2
"mode","T2","70-74",6,0
"poor","T2","80+",31,1
"mode","T1c","75-79",16,0
"mode","T1c","80+",4,0
"mode","T1c","80+",36,0
"mode","T1ab","80+",34,2
"mode","T1ab","70-74",25,0
"poor","T1c","80+",21,0
"mode","T1ab","75-79",89,0
"mode","T2","75-79",12,0
"poor","T1c","75-79",54,0
"poor","T2","80+",86,2
"mode","T2","66-69",72,2
"mode","T2","75-79",25,0
"mode","T1c","70-74",11,0
"mode","T1ab","70-74",13,0
"mode","T1ab","75-79",3,0
"mode","T2","70-74",74,0
"mode","T1c","70-74",19,0
"mode","T2","80+",49,2
"poor","T1ab","80+",18,0
"poor","T1ab","75-79",10,2
"mode","T2","70-74",26,0
"mode","T1c","80+",94,0
"mode","T1c","66-69",106,0
"mode","T1ab","70-74",23,0
"poor","T2","75-79",16,1
"poor","T2","80+",38,2
"mode","T1c","80+",80,0
"mode","T2","75-79",7,0
"mode","T1c","75-79",31,0
"poor","T1c","70-74",28,0
"mode","T2","75-79",7,0
"mode","T1ab","66-69",18,0
"mode","T1c","75-79",13,0
"mode","T1c","75-79",16,0
"mode","T1ab","75-79",13,0
"mode","T1ab","66-69",13,0
"mode","T2","80+",26,0
"poor","T2","70-74",11,2
"poor","T1c","75-79",90,2
"poor","T2","75-79",39,0
"poor","T1ab","75-79",17,1
"mode","T1ab","75-79",31,0
"mode","T1ab","75-79",48,2
"mode","T1c","80+",27,2
"poor","T2","80+",0,0
"poor","T1c","66-69",1,0
"poor","T2","80+",28,0
"mode","T1c","66-69",67,0
"poor","T1ab","80+",69,1
"poor","T2","80+",1,0
"mode","T1c","75-79",6,0
"mode","T1c","75-79",31,0
"mode","T1ab","80+",16,2
"mode","T1ab","80+",2,0
"mode","T2","70-74",57,2
"poor","T2","80+",11,1
"poor","T1c","75-79",19,0
"poor","T2","70-74",28,1
"mode","T2","75-79",19,0
"mode","T2","80+",45,1
"mode","T1ab","66-69",101,0
"poor","T2","80+",16,0
"mode","T2","80+",45,2
"poor","T2","75-79",10,1
"poor","T2","80+",23,0
"mode","T2","75-79",71,1
"mode","T1c","70-74",8,0
"mode","T1c","80+",80,0
"mode","T1c","80+",110,0
"mode","T1ab","80+",81,0
"mode","T2","80+",0,0
"mode","T1ab","70-74",76,0
"mode","T2","75-79",31,1
"mode","T1ab","75-79",70,0
"mode","T1c","80+",8,0
"mode","T1ab","80+",16,0
"mode","T1c","70-74",77,0
"mode","T2","80+",21,2
"mode","T2","75-79",25,0
"mode","T1c","70-74",56,0
"mode","T2","75-79",18,0
"poor","T2","75-79",21,2
"mode","T1ab","75-79",25,2
"mode","T1c","75-79",49,2
"mode","T2","80+",18,0
"poor","T1c","80+",73,1
"mode","T1c","75-79",18,0
"mode","T2","70-74",31,0
"mode","T2","66-69",1,0
"mode","T1ab","70-74",36,0
"mode","T1c","66-69",37,0
"mode","T1c","80+",91,0
"mode","T1ab","70-74",5,0
"poor","T1c","66-69",52,0
"mode","T1ab","75-79",9,0
"mode","T1ab","66-69",26,0
"poor","T1c","75-79",26,0
"mode","T2","80+",2,0
"mode","T1c","70-74",37,2
"mode","T1c","80+",26,0
"mode","T2","80+",50,2
"mode","T2","70-74",38,0
"mode","T2","80+",22,0
"mode","T1ab","80+",87,2
"mode","T1c","75-79",6,1
"mode","T1c","75-79",72,0
"mode","T1c","70-74",52,2
"mode","T1ab","66-69",60,0
"mode","T2","75-79",82,2
"poor","T1c","80+",92,0
"mode","T1c","75-79",0,0
"poor","T2","80+",31,0
"mode","T1ab","75-79",0,0
"poor","T2","80+",42,1
"mode","T1c","80+",49,0
"mode","T2","80+",22,0
"poor","T1ab","80+",16,2
"poor","T1c","75-79",84,2
"mode","T1ab","80+",95,0
"poor","T1c","75-79",38,2
"mode","T1c","75-79",65,0
"mode","T1c","66-69",46,0
"mode","T1c","75-79",8,2
"mode","T1c","70-74",11,0
"mode","T2","75-79",55,0
"mode","T2","70-74",102,0
"mode","T2","70-74",109,0
"mode","T1ab","70-74",31,0
"mode","T2","70-74",0,0
"mode","T1c","80+",34,0
"poor","T2","80+",28,0
"mode","T1c","70-74",75,0
"mode","T2","75-79",45,0
"mode","T2","80+",16,2
"mode","T1ab","75-79",22,0
"mode","T1ab","80+",36,0
"poor","T2","75-79",79,1
"mode","T2","75-79",55,0
"poor","T1ab","80+",58,0
"poor","T2","75-79",38,2
"mode","T1ab","70-74",58,0
"mode","T1c","80+",14,0
"mode","T1c","70-74",4,0
"mode","T1ab","70-74",52,0
"mode","T2","80+",5,0
"mode","T2","80+",43,0
"mode","T2","80+",63,0
"mode","T1ab","80+",26,2
"mode","T1ab","80+",43,2
"poor","T1ab","75-79",81,1
"mode","T2","80+",18,0
"mode","T1c","70-74",18,1
"mode","T1ab","75-79",102,0
"mode","T2","70-74",64,0
"mode","T2","70-74",67,0
"mode","T1c","80+",79,2
"mode","T2","80+",18,1
"mode","T2","75-79",23,0
"mode","T2","80+",20,0
"mode","T2","70-74",17,0
"mode","T2","75-79",5,0
"mode","T2","70-74",44,0
"mode","T1ab","80+",48,2
"mode","T1ab","80+",10,0
"poor","T1c","66-69",22,2
"poor","T2","75-79",18,2
"mode","T1ab","75-79",9,0
"mode","T1c","70-74",22,0
"poor","T2","80+",40,1
"poor","T2","75-79",72,0
"mode","T1c","80+",32,0
"mode","T2","75-79",33,0
"poor","T2","80+",61,2
"mode","T2","70-74",68,2
"mode","T2","70-74",8,0
"mode","T1c","75-79",8,0
"mode","T1c","80+",22,0
"mode","T2","75-79",6,0
"mode","T2","80+",10,0
"mode","T1c","75-79",72,0
"mode","T2","75-79",0,0
"mode","T1c","80+",54,0
"poor","T1c","80+",16,0
"mode","T1ab","75-79",37,2
"poor","T2","80+",9,0
"poor","T2","75-79",36,2
"mode","T1c","75-79",8,0
"mode","T2","75-79",6,0
"mode","T1c","80+",73,2
"mode","T2","80+",88,0
"mode","T1c","66-69",43,0
"mode","T2","66-69",13,0
"poor","T1ab","80+",1,2
"mode","T2","80+",52,2
"mode","T2","80+",2,0
"mode","T1c","80+",10,0
"mode","T1ab","70-74",64,0
"poor","T2","75-79",41,0
"mode","T1ab","80+",41,2
"mode","T1ab","80+",42,0
"mode","T1ab","66-69",45,0
"poor","T1c","80+",29,0
"poor","T1c","70-74",47,0
"mode","T1c","70-74",7,0
"mode","T1ab","75-79",119,0
"poor","T2","70-74",11,0
"mode","T2","75-79",92,0
"poor","T2","75-79",8,1
"mode","T1c","75-79",17,0
"mode","T1c","70-74",1,0
"mode","T1c","75-79",34,0
"mode","T2","70-74",52,1
"poor","T1c","80+",50,2
"mode","T1ab","80+",10,0
"poor","T1ab","80+",95,0
"mode","T2","75-79",58,0
"mode","T2","75-79",40,0
"mode","T2","75-79",40,0
"mode","T1ab","80+",13,2
"mode","T1ab","66-69",25,0
"mode","T1ab","70-74",19,0
"mode","T2","80+",41,0
"mode","T2","75-79",18,2
"poor","T2","80+",50,0
"mode","T1ab","80+",94,2
"mode","T1c","80+",10,0
"mode","T1ab","75-79",44,2
"mode","T1c","75-79",20,0
"mode","T1c","80+",37,2
"mode","T1ab","80+",42,2
"mode","T1ab","70-74",35,0
"mode","T1ab","70-74",33,0
"mode","T2","66-69",48,2
"mode","T1c","70-74",8,0
"mode","T1c","70-74",11,0
"mode","T2","80+",52,2
"mode","T1ab","75-79",14,0
"poor","T2","80+",59,2
"mode","T2","75-79",72,0
"mode","T2","75-79",109,0
"poor","T2","75-79",76,0
"mode","T2","70-74",112,0
"poor","T1ab","66-69",41,0
"mode","T1ab","80+",6,2
"poor","T1ab","80+",11,2
"mode","T1ab","80+",45,0
"mode","T1ab","75-79",66,0
"mode","T2","70-74",39,0
"mode","T1c","80+",6,0
"mode","T1ab","75-79",30,2
"poor","T1ab","75-79",22,0
"mode","T1c","75-79",32,2
"mode","T1ab","75-79",8,0
"mode","T2","70-74",60,2
"mode","T1ab","80+",58,0
"mode","T1ab","75-79",20,0
"poor","T1ab","80+",24,1
"mode","T1ab","70-74",8,0
"mode","T2","80+",38,0
"mode","T2","70-74",57,0
"mode","T1ab","80+",45,0
"mode","T2","70-74",104,0
"mode","T1ab","70-74",115,0
"mode","T1ab","75-79",2,0
"poor","T2","75-79",34,2
"mode","T2","70-74",12,2
"mode","T1c","80+",58,2
"mode","T1ab","75-79",51,2
"poor","T2","80+",7,1
"mode","T2","75-79",88,0
"mode","T1c","80+",0,0
"mode","T2","66-69",42,0
"mode","T1c","75-79",33,0
"mode","T2","66-69",57,0
"mode","T1ab","70-74",24,0
"mode","T1c","80+",11,0
"mode","T2","66-69",82,1
"mode","T1c","70-74",0,0
"poor","T1ab","80+",93,0
"mode","T1c","80+",15,0
"mode","T1c","66-69",51,0
"mode","T2","75-79",20,2
"mode","T1c","75-79",42,2
"mode","T1ab","80+",29,2
"mode","T2","66-69",69,0
"mode","T1ab","75-79",0,0
"poor","T2","70-74",5,0
"mode","T1c","70-74",41,0
"mode","T2","75-79",57,0
"mode","T1ab","75-79",56,0
"mode","T1c","70-74",89,0
"mode","T2","75-79",91,0
"mode","T2","80+",30,0
"mode","T2","80+",23,0
"mode","T2","75-79",29,2
"poor","T1ab","80+",48,0
"mode","T1ab","75-79",1,0
"mode","T2","75-79",58,2
"mode","T1c","80+",13,0
"poor","T1c","75-79",57,0
"mode","T2","70-74",18,0
"mode","T1ab","75-79",11,2
"mode","T1ab","80+",9,0
"mode","T1c","70-74",13,0
"mode","T1c","70-74",15,0
"mode","T2","70-74",17,2
"mode","T2","75-79",20,0
"mode","T1ab","75-79",19,0
"mode","T1c","75-79",64,2
"mode","T1ab","80+",48,0
"mode","T2","75-79",86,0
"mode","T1c","80+",19,0
"mode","T1c","70-74",17,0
"mode","T1ab","80+",30,0
"mode","T1c","70-74",18,0
"mode","T1ab","75-79",6,0
"mode","T2","75-79",31,0
"mode","T1c","80+",87,2
"mode","T1ab","75-79",67,0
"mode","T1c","66-69",32,0
"mode","T1c","80+",12,0
"poor","T2","70-74",9,0
"mode","T1c","70-74",17,0
"poor","T1c","80+",51,1
"mode","T1c","75-79",54,0
"mode","T1ab","80+",24,0
"mode","T2","75-79",20,0
"mode","T1ab","80+",87,0
"mode","T1ab","70-74",82,0
"mode","T2","80+",23,0
"poor","T1c","70-74",11,0
"mode","T2","80+",17,2
"mode","T1c","80+",62,2
"mode","T2","80+",73,2
"mode","T2","66-69",16,0
"mode","T2","80+",23,0
"mode","T1c","66-69",51,0
"mode","T1ab","80+",22,0
"mode","T2","80+",91,2
"mode","T1c","80+",4,0
"poor","T2","80+",63,2
"mode","T2","66-69",78,0
"mode","T2","80+",81,0
"mode","T1c","80+",27,0
"mode","T2","70-74",45,2
"mode","T1c","70-74",29,2
"mode","T1c","70-74",94,0
"mode","T1c","70-74",43,0
"mode","T2","66-69",31,2
"poor","T1c","80+",50,0
"mode","T1c","75-79",104,0
"mode","T1ab","80+",79,0
"poor","T1c","70-74",0,0
"mode","T1c","70-74",118,0
"mode","T1c","75-79",3,0
"mode","T2","75-79",18,0
"mode","T1c","70-74",15,0
"mode","T1ab","70-74",2,0
"mode","T1c","75-79",64,0
"poor","T2","66-69",24,2
"mode","T1c","75-79",31,0
"mode","T1c","75-79",62,1
"poor","T1c","70-74",79,0
"mode","T1c","70-74",57,0
"mode","T2","80+",16,0
"mode","T1c","70-74",101,0
"poor","T1c","80+",25,2
"mode","T2","80+",40,0
"mode","T1c","75-79",117,0
"mode","T2","80+",33,0
"mode","T2","80+",20,2
"poor","T1ab","75-79",22,0
"mode","T1ab","80+",75,0
"mode","T1c","75-79",15,0
"mode","T1c","80+",30,0
"poor","T2","75-79",34,1
"mode","T1c","75-79",18,0
"mode","T1c","75-79",89,0
"poor","T2","75-79",6,2
"mode","T1c","75-79",3,0
"mode","T1ab","75-79",33,0
"poor","T2","80+",47,2
"mode","T2","66-69",58,2
"mode","T2","75-79",43,0
"mode","T2","80+",49,2
"mode","T1ab","75-79",20,0
"mode","T1c","75-79",15,0
"mode","T1c","70-74",25,0
"mode","T1ab","75-79",53,2
"poor","T1ab","80+",7,2
"mode","T1c","75-79",0,0
"mode","T1c","75-79",23,0
"mode","T1ab","75-79",4,0
"mode","T1ab","66-69",104,0
"mode","T1c","75-79",46,0
"poor","T2","80+",1,0
"mode","T2","80+",51,0
"mode","T1ab","80+",31,2
"mode","T1ab","80+",38,0
"mode","T1ab","70-74",3,0
"mode","T2","66-69",105,0
"mode","T1ab","80+",5,0
"mode","T1c","66-69",5,0
"mode","T2","80+",21,0
"mode","T2","80+",0,0
"mode","T2","80+",17,0
"mode","T2","75-79",22,0
"mode","T2","66-69",22,0
"mode","T2","75-79",22,0
"mode","T1c","75-79",25,0
"poor","T1c","75-79",90,0
"poor","T1c","66-69",21,0
"poor","T1c","75-79",70,0
"mode","T1c","80+",94,0
"poor","T1ab","80+",1,0
"poor","T2","80+",19,0
"poor","T2","70-74",70,0
"mode","T1ab","80+",56,0
"poor","T2","80+",20,0
"mode","T2","80+",6,0
"mode","T1c","75-79",41,0
"mode","T2","80+",19,2
"poor","T1ab","80+",10,0
"mode","T2","80+",5,0
"mode","T2","70-74",41,0
"mode","T1c","66-69",45,0
"mode","T1c","75-79",20,0
"mode","T1c","66-69",107,0
"poor","T1ab","75-79",26,1
"mode","T1c","70-74",54,0
"mode","T1ab","66-69",10,0
"poor","T1c","75-79",45,0
"mode","T2","66-69",23,0
"mode","T2","80+",15,0
"mode","T1ab","80+",60,2
"mode","T2","70-74",16,0
"mode","T2","66-69",17,0
"mode","T2","80+",36,0
"mode","T2","80+",31,0
"mode","T1ab","75-79",82,2
"poor","T1ab","75-79",59,0
"mode","T1c","75-79",76,0
"poor","T2","80+",33,0
"poor","T1c","70-74",2,0
"mode","T2","75-79",93,0
"mode","T1ab","70-74",37,0
"mode","T1c","80+",85,0
"mode","T1ab","70-74",85,0
"mode","T1ab","80+",49,0
"poor","T2","80+",9,0
"mode","T1c","75-79",6,0
"mode","T2","80+",4,0
"poor","T1c","75-79",69,0
"mode","T2","70-74",62,0
"mode","T2","80+",17,0
"mode","T1c","75-79",56,2
"mode","T1c","75-79",45,0
"mode","T1ab","70-74",61,0
"mode","T1c","80+",12,0
"mode","T2","80+",60,2
"poor","T2","80+",71,0
"mode","T1c","80+",57,2
"mode","T2","80+",49,0
"mode","T1c","80+",57,0
"mode","T1c","75-79",10,0
"poor","T1ab","75-79",3,0
"mode","T2","80+",17,1
"mode","T1c","70-74",60,2
"mode","T1c","80+",13,0
"poor","T2","70-74",106,0
"mode","T2","70-74",22,0
"mode","T1c","75-79",97,0
"mode","T2","75-79",7,0
"mode","T1c","70-74",5,0
"mode","T2","80+",38,0
"poor","T2","66-69",51,0
"poor","T1c","66-69",33,0
"poor","T2","75-79",39,2
"mode","T1c","75-79",30,0
"mode","T2","70-74",11,0
"mode","T1c","75-79",45,1
"mode","T1ab","66-69",43,0
"mode","T2","80+",45,0
"mode","T1ab","75-79",5,0
"mode","T2","70-74",17,0
"mode","T1ab","80+",4,0
"mode","T1ab","80+",2,2
"mode","T1ab","66-69",57,2
"mode","T1c","70-74",98,0
"mode","T2","80+",19,0
"mode","T1c","70-74",60,0
"mode","T1c","80+",84,0
"poor","T2","80+",10,0
"mode","T2","80+",46,2
"poor","T2","80+",36,2
"mode","T1ab","75-79",60,0
"poor","T1c","80+",46,0
"mode","T1ab","80+",21,2
"mode","T2","75-79",43,0
"mode","T1ab","80+",12,2
"poor","T2","75-79",90,1
"mode","T1ab","70-74",69,0
"mode","T1c","66-69",54,0
"poor","T2","80+",6,1
"mode","T1c","80+",8,2
"poor","T2","70-74",55,2
"mode","T2","80+",4,0
"poor","T2","75-79",8,1
"mode","T1c","75-79",11,0
"mode","T2","70-74",62,0
"mode","T2","80+",51,2
"mode","T2","75-79",31,2
"mode","T1ab","75-79",110,0
"mode","T1ab","80+",61,2
"poor","T1c","75-79",2,0
"mode","T2","75-79",46,0
"mode","T1c","80+",32,0
"mode","T1ab","75-79",10,0
"mode","T2","75-79",22,0
"mode","T2","75-79",16,0
"mode","T1c","70-74",64,2
"mode","T1c","66-69",60,0
"poor","T1ab","80+",25,0
"poor","T2","80+",37,2
"mode","T2","80+",35,1
"poor","T1ab","75-79",15,1
"poor","T2","75-79",51,0
"mode","T2","75-79",40,1
"mode","T1c","80+",27,0
"mode","T1ab","80+",8,2
"mode","T2","70-74",16,0
"poor","T2","75-79",105,0
"mode","T2","80+",56,1
"poor","T2","70-74",23,0
"mode","T1c","66-69",118,0
"mode","T1c","75-79",37,2
"mode","T1c","80+",22,0
"mode","T1ab","75-79",103,0
"mode","T1ab","80+",17,0
"poor","T1c","80+",36,0
"poor","T2","80+",15,2
"mode","T2","70-74",118,0
"mode","T2","80+",50,2
"poor","T2","80+",39,0
"mode","T1c","70-74",22,0
"mode","T2","80+",30,2
"mode","T2","80+",113,0
"mode","T1ab","75-79",70,2
"mode","T1ab","80+",35,2
"mode","T1ab","80+",6,0
"mode","T2","75-79",9,0
"mode","T2","80+",19,0
"poor","T2","75-79",3,0
"poor","T1ab","80+",75,1
"mode","T1c","70-74",109,0
"mode","T1c","70-74",42,2
"mode","T1ab","75-79",56,0
"mode","T1c","80+",21,0
"mode","T1c","80+",19,0
"mode","T1ab","80+",10,0
"mode","T1c","80+",85,2
"poor","T1ab","80+",25,2
"poor","T2","70-74",18,0
"mode","T2","70-74",19,0
"mode","T1ab","75-79",15,0
"mode","T1c","80+",72,0
"mode","T2","80+",79,0
"mode","T1c","70-74",51,0
"mode","T2","80+",43,2
"mode","T1ab","70-74",2,0
"mode","T1c","75-79",33,0
"mode","T1c","66-69",16,2
"mode","T2","75-79",119,0
"poor","T2","80+",3,0
"mode","T1ab","75-79",84,0
"mode","T1ab","80+",13,0
"poor","T1ab","75-79",2,0
"mode","T1ab","75-79",24,0
"mode","T2","70-74",53,0
"mode","T1ab","70-74",23,0
"poor","T2","75-79",48,0
"poor","T2","80+",17,1
"mode","T2","75-79",90,0
"poor","T1ab","80+",16,0
"mode","T1ab","80+",27,0
"poor","T1c","75-79",61,0
"poor","T2","80+",12,0
"mode","T1ab","80+",48,2
"mode","T2","80+",75,2
"mode","T2","70-74",26,0
"poor","T1ab","80+",10,0
"poor","T1ab","80+",21,0
"mode","T1c","66-69",20,0
"mode","T1c","75-79",83,0
"mode","T1ab","75-79",117,0
"mode","T1c","75-79",30,0
"mode","T1ab","75-79",10,0
"mode","T1c","75-79",49,2
"mode","T2","75-79",2,0
"mode","T1c","80+",1,2
"mode","T1c","80+",34,2
"mode","T1c","75-79",6,0
"poor","T2","75-79",44,1
"poor","T1c","80+",14,0
"mode","T2","75-79",74,0
"mode","T1c","80+",22,0
"mode","T1c","70-74",4,0
"mode","T2","75-79",53,0
"poor","T1c","80+",90,0
"mode","T1c","80+",15,2
"poor","T1ab","80+",36,2
"mode","T1c","80+",42,0
"poor","T2","70-74",89,2
"mode","T1ab","75-79",71,0
"mode","T1c","75-79",20,0
"mode","T1ab","70-74",38,0
"mode","T2","80+",1,0
"mode","T1ab","80+",49,0
"poor","T2","80+",102,1
"mode","T2","70-74",60,0
"mode","T1ab","75-79",14,0
"mode","T1ab","70-74",36,0
"mode","T1ab","75-79",27,0
"mode","T2","80+",29,0
"mode","T2","80+",74,2
"mode","T1ab","80+",47,2
"mode","T1c","75-79",63,0
"mode","T2","80+",25,2
"mode","T2","80+",53,0
"poor","T1c","80+",0,0
"mode","T2","66-69",65,0
"mode","T1c","70-74",9,0
"mode","T2","70-74",59,0
"mode","T1ab","80+",13,0
"mode","T1ab","80+",50,0
"mode","T2","80+",71,0
"mode","T1ab","80+",17,0
"mode","T1c","80+",11,1
"mode","T2","80+",15,0
"poor","T1c","75-79",92,2
"mode","T1c","80+",23,2
"mode","T2","80+",40,2
"mode","T1ab","75-79",54,0
"mode","T1c","75-79",22,0
"mode","T1ab","80+",67,2
"poor","T2","70-74",46,1
"mode","T1c","80+",101,0
"mode","T1ab","80+",56,0
"mode","T1c","75-79",7,0
"mode","T2","80+",38,0
"poor","T1c","75-79",66,0
"mode","T1c","75-79",71,2
"mode","T2","75-79",23,0
"mode","T1c","80+",45,0
"poor","T2","75-79",36,0
"mode","T2","75-79",15,0
"poor","T2","70-74",4,0
"poor","T1ab","80+",6,2
"mode","T1ab","80+",55,2
"mode","T1c","80+",12,0
"poor","T2","75-79",64,0
"mode","T1c","70-74",92,0
"mode","T1ab","70-74",3,0
"poor","T2","70-74",42,0
"poor","T2","75-79",71,2
"mode","T1ab","70-74",65,2
"mode","T2","70-74",28,2
"mode","T1c","80+",23,0
"mode","T1ab","75-79",88,0
"mode","T2","80+",5,0
"mode","T1c","80+",89,1
"mode","T2","80+",6,0
"mode","T1ab","75-79",70,0
"mode","T1c","75-79",15,0
"mode","T1c","80+",20,0
"mode","T1c","80+",12,0
"mode","T1c","70-74",1,0
"mode","T2","70-74",93,0
"mode","T1c","66-69",89,0
"mode","T1c","70-74",55,0
"mode","T1ab","75-79",57,0
"mode","T2","80+",47,0
"mode","T1c","70-74",13,0
"mode","T2","80+",13,0
"mode","T1ab","75-79",25,0
"mode","T2","70-74",54,0
"mode","T1ab","80+",37,0
"mode","T1c","80+",17,0
"mode","T1c","75-79",95,2
"poor","T1ab","75-79",89,2
"mode","T2","75-79",30,0
"poor","T2","80+",23,0
"mode","T1ab","80+",25,2
"mode","T1ab","80+",66,0
"poor","T2","80+",68,1
"mode","T2","75-79",118,0
"mode","T1c","66-69",21,2
"mode","T1ab","80+",54,0
"poor","T2","75-79",24,2
"mode","T2","70-74",31,0
"mode","T1c","70-74",20,2
"mode","T1c","75-79",80,0
"mode","T1c","75-79",109,0
"mode","T1ab","66-69",55,0
"mode","T1ab","80+",4,0
"mode","T2","75-79",8,0
"mode","T1ab","80+",15,0
"poor","T1ab","80+",30,2
"mode","T1ab","70-74",9,0
"mode","T1ab","66-69",20,0
"mode","T2","75-79",106,0
"mode","T1c","80+",31,2
"mode","T1c","80+",4,2
"mode","T2","75-79",36,0
"mode","T1c","70-74",20,0
"poor","T2","70-74",82,0
"mode","T1ab","66-69",117,0
"poor","T2","80+",43,0
"mode","T1c","66-69",66,0
"mode","T1ab","80+",13,0
"mode","T1ab","80+",70,2
"mode","T2","80+",109,0
"mode","T2","66-69",25,0
"poor","T1c","66-69",53,2
"mode","T2","75-79",31,0
"mode","T1c","66-69",23,2
"mode","T1ab","80+",78,0
"poor","T1c","66-69",102,0
"mode","T1ab","70-74",20,2
"mode","T1c","66-69",4,0
"mode","T2","70-74",17,0
"mode","T2","80+",15,0
"mode","T1ab","75-79",91,0
"mode","T2","66-69",0,0
"poor","T2","75-79",6,0
"mode","T2","66-69",32,1
"mode","T1ab","80+",22,2
"mode","T2","66-69",3,0
"mode","T2","70-74",28,0
"mode","T2","75-79",55,0
"mode","T1ab","66-69",30,0
"mode","T2","80+",13,2
"mode","T1c","70-74",45,0
"mode","T2","75-79",13,2
"mode","T1c","75-79",4,0
"poor","T2","75-79",2,1
"mode","T1ab","80+",95,0
"poor","T1c","75-79",38,0
"mode","T1c","75-79",11,0
"poor","T1c","66-69",6,0
"mode","T1ab","66-69",3,0
"mode","T2","70-74",49,0
"mode","T1ab","75-79",8,0
"poor","T2","75-79",54,0
"mode","T2","80+",66,0
"mode","T2","75-79",77,2
"mode","T2","80+",1,0
"mode","T1c","66-69",18,0
"mode","T1ab","80+",22,2
"mode","T1c","70-74",96,2
"mode","T2","75-79",17,2
"mode","T1c","80+",16,2
"poor","T2","80+",49,1
"mode","T1ab","80+",27,0
"mode","T2","75-79",70,2
"mode","T1c","75-79",85,0
"mode","T2","80+",18,2
"poor","T2","75-79",23,2
"poor","T1c","70-74",49,0
"mode","T2","80+",18,0
"mode","T1c","75-79",28,0
"poor","T2","80+",3,0
"mode","T1ab","70-74",6,0
"mode","T1ab","80+",26,0
"mode","T2","75-79",17,0
"poor","T1ab","70-74",6,0
"mode","T2","80+",6,0
"poor","T1ab","75-79",95,0
"mode","T1c","75-79",12,0
"mode","T2","66-69",83,0
"mode","T1ab","70-74",51,2
"mode","T1c","80+",15,0
"mode","T1c","75-79",16,2
"mode","T1c","66-69",36,0
"mode","T2","80+",20,2
"mode","T2","70-74",0,0
"mode","T1c","80+",29,2
"mode","T2","80+",6,0
"poor","T2","80+",39,1
"mode","T2","80+",6,0
"poor","T1c","75-79",26,0
"poor","T1c","80+",7,0
"poor","T2","70-74",89,0
"mode","T1c","70-74",7,0
"poor","T2","66-69",77,0
"poor","T1c","75-79",81,0
"mode","T1ab","80+",25,0
"poor","T2","80+",49,2
"mode","T2","80+",93,0
"mode","T2","70-74",2,0
"mode","T1c","75-79",46,0
"mode","T2","75-79",11,2
"mode","T2","70-74",33,0
"poor","T2","70-74",10,0
"mode","T2","75-79",12,0
"mode","T2","80+",7,0
"mode","T1c","75-79",17,2
"poor","T1ab","75-79",17,1
"mode","T1c","80+",1,2
"mode","T1c","75-79",37,2
"mode","T1c","75-79",25,2
"mode","T2","80+",25,0
"mode","T2","75-79",113,0
"mode","T1ab","80+",22,2
"poor","T1ab","70-74",61,0
"poor","T2","80+",49,1
"poor","T2","75-79",55,1
"mode","T1ab","75-79",47,2
"mode","T2","80+",73,0
"mode","T1ab","75-79",14,2
"mode","T1ab","80+",4,0
"mode","T2","80+",50,0
"mode","T1c","75-79",57,2
"mode","T1c","80+",23,0
"poor","T1c","80+",15,0
"mode","T1c","70-74",84,2
"mode","T2","75-79",49,0
"mode","T1ab","80+",67,2
"poor","T2","80+",21,0
"mode","T1c","70-74",110,0
"mode","T1ab","75-79",93,0
"mode","T2","75-79",38,0
"mode","T2","70-74",8,0
"poor","T1c","80+",87,0
"mode","T1ab","80+",28,0
"mode","T1c","75-79",13,0
"mode","T1c","70-74",27,2
"mode","T1ab","66-69",58,0
"mode","T1c","80+",62,0
"mode","T1c","75-79",18,0
"mode","T1ab","75-79",74,2
"poor","T2","80+",62,2
"mode","T1ab","75-79",94,0
"mode","T2","75-79",44,1
"mode","T2","75-79",58,0
"mode","T1c","80+",2,0
"mode","T1ab","80+",13,0
"poor","T1c","75-79",8,1
"mode","T1c","70-74",9,0
"poor","T2","80+",58,0
"mode","T1ab","75-79",12,0
"poor","T1c","75-79",10,2
"poor","T1ab","75-79",31,2
"mode","T1c","80+",82,0
"mode","T2","80+",70,0
"mode","T2","70-74",27,0
"mode","T1ab","80+",9,1
"mode","T1c","75-79",64,0
"mode","T2","80+",19,0
"mode","T1c","70-74",103,0
"mode","T1c","80+",69,0
"mode","T1c","80+",80,0
"mode","T1c","70-74",36,2
"mode","T2","70-74",76,0
"mode","T1c","70-74",41,2
"mode","T1ab","70-74",115,0
"mode","T2","80+",62,2
"poor","T2","80+",50,2
"mode","T1ab","75-79",19,2
"mode","T1ab","80+",4,2
"mode","T1c","80+",56,2
"poor","T1ab","75-79",34,0
"poor","T2","70-74",15,0
"mode","T1ab","80+",12,2
"mode","T1c","80+",33,0
"poor","T2","80+",22,0
"mode","T1ab","80+",5,0
"mode","T1ab","80+",105,0
"poor","T1ab","80+",35,0
"mode","T2","75-79",106,2
"mode","T1ab","70-74",87,0
"poor","T1ab","75-79",22,0
"poor","T2","66-69",33,0
"mode","T2","75-79",0,0
"mode","T2","70-74",58,0
"mode","T1c","66-69",22,2
"mode","T1ab","70-74",8,0
"mode","T2","80+",63,0
"mode","T2","80+",6,0
"mode","T2","80+",15,0
"mode","T2","75-79",23,0
"mode","T2","70-74",9,0
"mode","T1c","75-79",98,0
"mode","T1c","80+",15,0
"mode","T1ab","80+",65,2
"mode","T1c","80+",7,0
"mode","T1c","70-74",54,0
"mode","T1ab","80+",21,1
"mode","T2","70-74",11,0
"mode","T2","80+",18,2
"poor","T1ab","80+",27,2
"mode","T1ab","75-79",30,0
"poor","T1c","70-74",7,0
"poor","T2","80+",59,1
"mode","T1ab","75-79",30,2
"mode","T1c","70-74",9,0
"mode","T2","75-79",10,2
"poor","T1c","80+",28,0
"mode","T1c","75-79",26,2
"poor","T2","80+",42,2
"poor","T1ab","80+",16,0
"mode","T1c","75-79",44,2
"mode","T1ab","80+",3,2
"mode","T2","70-74",20,0
"mode","T1ab","80+",61,0
"poor","T2","80+",35,0
"mode","T2","66-69",72,0
"mode","T2","80+",22,0
"poor","T2","75-79",19,0
"mode","T1c","80+",17,0
"mode","T1ab","70-74",45,0
"poor","T2","80+",17,0
"mode","T1c","70-74",107,0
"mode","T1c","80+",23,0
"mode","T1c","66-69",31,0
"mode","T1c","66-69",51,0
"mode","T1c","80+",25,0
"mode","T1c","75-79",22,0
"mode","T2","70-74",101,0
"mode","T2","75-79",98,0
"mode","T1ab","70-74",0,0
"mode","T1c","75-79",1,0
"mode","T2","66-69",69,0
"mode","T1c","80+",30,0
"poor","T1ab","80+",56,0
"mode","T1ab","66-69",81,2
"mode","T1c","80+",75,0
"poor","T1c","75-79",38,1
"poor","T2","70-74",30,0
"mode","T1ab","75-79",34,2
"mode","T1ab","80+",5,0
"mode","T1c","66-69",73,0
"mode","T1c","66-69",22,0
"mode","T2","80+",89,0
"poor","T2","80+",38,0
"poor","T2","70-74",43,0
"mode","T1ab","70-74",16,0
"mode","T2","70-74",27,0
"mode","T2","70-74",2,2
"poor","T1c","80+",13,0
"mode","T1c","70-74",24,0
"mode","T1ab","80+",23,2
"poor","T1c","75-79",20,0
"mode","T1ab","75-79",38,0
"mode","T1c","80+",0,0
"mode","T1ab","70-74",12,0
"mode","T1ab","80+",3,0
"mode","T1ab","75-79",35,2
"poor","T1c","80+",19,0
"mode","T1ab","80+",66,0
"mode","T2","75-79",18,0
"mode","T1ab","75-79",61,0
"poor","T1c","75-79",43,2
"poor","T2","80+",43,2
"mode","T2","75-79",33,2
"poor","T1c","70-74",23,0
"mode","T1c","66-69",28,0
"mode","T1c","75-79",5,0
"mode","T2","75-79",22,0
"mode","T2","66-69",107,0
"mode","T1c","80+",14,0
"mode","T1c","70-74",104,0
"mode","T1c","70-74",48,0
"mode","T1c","75-79",42,2
"mode","T1ab","70-74",108,2
"mode","T1ab","75-79",35,0
"poor","T2","75-79",59,0
"mode","T1c","75-79",89,0
"mode","T2","80+",21,0
"mode","T1c","80+",12,0
"mode","T2","66-69",83,0
"mode","T1ab","80+",70,2
"poor","T2","75-79",19,0
"mode","T1ab","75-79",62,0
"poor","T2","80+",104,0
"mode","T1c","80+",78,0
"mode","T1ab","75-79",27,0
"mode","T2","75-79",22,0
"poor","T1c","80+",10,0
"mode","T2","70-74",12,0
"poor","T2","75-79",58,1
"mode","T2","75-79",95,2
"mode","T1c","70-74",0,0
"mode","T1ab","66-69",35,0
"mode","T1ab","80+",2,0
"mode","T1ab","80+",67,0
"mode","T1c","75-79",56,0
"mode","T2","70-74",21,0
"mode","T2","80+",84,2
"mode","T2","80+",75,0
"poor","T1c","80+",7,0
"mode","T1c","75-79",106,0
"mode","T1ab","70-74",80,0
"mode","T1c","80+",39,0
"mode","T1ab","75-79",19,0
"poor","T1c","70-74",115,0
"poor","T1ab","70-74",33,0
"mode","T2","75-79",72,0
"mode","T1ab","75-79",3,0
"mode","T2","70-74",23,0
"mode","T2","80+",27,2
"mode","T1ab","66-69",35,2
"mode","T1c","66-69",23,0
"mode","T1c","80+",48,0
"poor","T2","80+",48,1
"mode","T1ab","80+",3,0
"mode","T2","75-79",55,2
"mode","T1ab","70-74",10,0
"mode","T1ab","70-74",34,0
"mode","T2","75-79",1,0
"mode","T1ab","80+",110,0
"mode","T2","80+",48,2
"poor","T1ab","75-79",23,0
"mode","T1ab","80+",56,0
"mode","T1ab","75-79",12,0
"mode","T1c","75-79",5,0
"poor","T2","80+",40,2
"mode","T2","80+",9,2
"mode","T1ab","80+",55,2
"mode","T2","70-74",5,0
"mode","T1c","70-74",40,0
"mode","T1ab","70-74",34,0
"mode","T2","75-79",87,2
"mode","T1c","70-74",11,0
"mode","T2","75-79",86,0
"mode","T2","80+",21,0
"mode","T1ab","66-69",42,0
"mode","T1c","80+",112,0
"poor","T2","80+",19,0
"mode","T2","80+",34,0
"mode","T1ab","70-74",106,0
"mode","T1c","66-69",52,0
"poor","T2","70-74",72,0
"mode","T1ab","80+",119,0
"mode","T1c","75-79",22,0
"poor","T1c","75-79",98,0
"mode","T1c","80+",79,0
"mode","T1ab","75-79",44,0
"mode","T1ab","80+",12,0
"poor","T2","75-79",49,0
"mode","T2","75-79",7,0
"mode","T2","75-79",85,0
"mode","T1ab","70-74",0,0
"mode","T1ab","80+",66,2
"mode","T1ab","75-79",74,2
"mode","T2","80+",16,0
"mode","T1ab","75-79",50,0
"poor","T2","80+",6,0
"mode","T1c","70-74",47,0
"mode","T1ab","75-79",3,0
"poor","T1c","80+",19,0
"mode","T1ab","75-79",118,0
"mode","T1ab","75-79",22,0
"mode","T1ab","80+",44,0
"mode","T2","80+",2,0
"mode","T1ab","80+",56,0
"mode","T1ab","80+",60,2
"mode","T1c","75-79",66,0
"mode","T1c","70-74",34,0
"mode","T1c","75-79",86,0
"poor","T2","75-79",52,1
"poor","T2","75-79",8,1
"mode","T2","80+",36,2
"mode","T1c","80+",67,0
"mode","T1ab","70-74",10,2
"mode","T1ab","75-79",4,2
"mode","T1c","70-74",39,0
"mode","T2","75-79",37,0
"mode","T2","80+",111,2
"poor","T1c","80+",3,0
"mode","T1c","66-69",14,2
"poor","T1ab","80+",4,2
"mode","T1c","66-69",21,0
"mode","T1c","66-69",79,0
"poor","T1c","66-69",74,0
"poor","T1ab","80+",24,2
"mode","T1ab","75-79",41,0
"mode","T1c","75-79",53,0
"mode","T1ab","70-74",9,0
"poor","T1c","70-74",75,0
"poor","T2","80+",16,2
"mode","T1c","75-79",67,0
"mode","T1c","80+",29,0
"mode","T1c","80+",20,2
"mode","T2","75-79",21,2
"mode","T2","75-79",33,0
"mode","T1c","70-74",26,0
"poor","T1ab","80+",20,2
"mode","T2","70-74",58,0
"mode","T2","70-74",51,0
"mode","T1c","70-74",8,0
"mode","T1c","75-79",15,0
"mode","T1c","75-79",87,0
"mode","T2","80+",28,0
"mode","T2","80+",94,0
"poor","T2","66-69",21,0
"mode","T1c","75-79",104,0
"mode","T1ab","75-79",29,0
"mode","T2","70-74",27,2
"mode","T1c","80+",62,0
"poor","T2","80+",23,0
"mode","T2","75-79",10,0
"mode","T1c","80+",80,0
"mode","T2","75-79",21,0
"mode","T2","70-74",96,0
"mode","T1ab","66-69",108,0
"mode","T1ab","80+",18,0
"mode","T2","66-69",86,0
"poor","T1ab","80+",72,2
"mode","T2","70-74",87,2
"mode","T1c","70-74",55,2
"poor","T2","80+",55,2
"poor","T2","75-79",11,2
"mode","T1ab","66-69",15,0
"poor","T1ab","80+",25,1
"poor","T2","66-69",51,0
"mode","T1ab","80+",8,0
"mode","T2","75-79",18,2
"mode","T2","80+",21,2
"poor","T1c","75-79",96,0
"mode","T1c","75-79",82,0
"mode","T2","75-79",73,0
"mode","T1c","75-79",111,0
"mode","T2","80+",37,0
"poor","T2","80+",36,2
"mode","T2","80+",20,0
"mode","T1ab","70-74",0,0
"mode","T1c","80+",7,0
"mode","T2","80+",0,0
"mode","T1c","66-69",77,0
"mode","T2","80+",48,2
"mode","T2","75-79",58,0
"mode","T1ab","80+",2,0
"mode","T1c","75-79",70,0
"mode","T2","70-74",114,0
"mode","T2","70-74",49,0
"mode","T2","75-79",5,0
"mode","T1ab","70-74",17,0
"mode","T1ab","80+",56,2
"mode","T1c","80+",16,0
"mode","T1c","66-69",18,0
"mode","T1ab","80+",54,0
"mode","T1c","75-79",11,0
"mode","T1c","70-74",42,0
"mode","T1ab","75-79",5,0
"mode","T1c","66-69",14,0
"mode","T1c","80+",34,0
"mode","T1c","75-79",119,0
"mode","T1ab","80+",20,2
"mode","T1c","70-74",53,0
"mode","T2","80+",67,0
"mode","T2","66-69",10,0
"mode","T1c","70-74",2,0
"poor","T2","70-74",19,0
"poor","T2","80+",2,0
"mode","T2","66-69",106,0
"mode","T2","75-79",14,0
"mode","T1ab","75-79",34,0
"mode","T2","80+",14,2
"mode","T1c","75-79",5,0
"mode","T1c","66-69",88,0
"poor","T1c","70-74",21,0
"mode","T1c","66-69",73,0
"mode","T1c","75-79",115,0
"mode","T1c","75-79",40,0
"mode","T2","80+",3,0
"mode","T1ab","80+",43,2
"poor","T2","75-79",35,2
"mode","T2","70-74",19,2
"mode","T1c","75-79",63,2
"mode","T2","70-74",13,0
"mode","T2","75-79",1,0
"poor","T2","66-69",56,2
"mode","T1c","75-79",52,0
"poor","T2","75-79",27,0
"mode","T1c","70-74",17,2
"mode","T1ab","80+",32,0
"mode","T2","70-74",3,0
"mode","T2","80+",54,0
"mode","T2","80+",53,2
"mode","T2","70-74",111,2
"poor","T1ab","80+",26,2
"mode","T2","75-79",30,0
"poor","T2","80+",12,0
"mode","T1c","75-79",75,0
"poor","T2","66-69",19,0
"poor","T1ab","70-74",80,0
"mode","T2","80+",11,0
"mode","T1c","70-74",78,0
"poor","T1c","75-79",13,0
"mode","T2","75-79",15,0
"mode","T1c","70-74",81,2
"mode","T1ab","75-79",95,2
"mode","T1ab","70-74",101,0
"poor","T2","80+",3,0
"mode","T1c","70-74",102,0
"mode","T1c","75-79",48,0
"mode","T1ab","80+",61,2
"mode","T2","75-79",62,0
"mode","T1c","75-79",9,0
"mode","T1c","70-74",34,0
"mode","T1ab","80+",56,0
"mode","T2","66-69",95,0
"poor","T2","75-79",2,2
"mode","T1c","70-74",38,0
"mode","T1c","70-74",35,0
"mode","T2","75-79",93,0
"poor","T2","66-69",107,0
"mode","T2","70-74",102,0
"mode","T1c","66-69",66,0
"mode","T2","75-79",55,0
"poor","T1c","75-79",19,0
"mode","T1c","70-74",62,2
"mode","T1c","80+",0,0
"mode","T1ab","66-69",19,0
"mode","T1c","80+",48,2
"mode","T1c","75-79",46,2
"mode","T2","80+",5,0
"poor","T2","80+",17,2
"poor","T1c","80+",16,0
"poor","T1c","80+",3,2
"mode","T1ab","66-69",80,0
"poor","T2","75-79",105,0
"mode","T2","70-74",88,0
"mode","T2","75-79",5,0
"poor","T2","75-79",0,0
"mode","T2","80+",22,2
"mode","T2","70-74",12,0
"poor","T1ab","75-79",65,0
"mode","T2","75-79",8,0
"mode","T2","80+",12,0
"mode","T2","75-79",14,0
"mode","T2","70-74",16,0
"mode","T1c","80+",8,0
"poor","T2","75-79",20,0
"mode","T1ab","75-79",13,0
"mode","T2","70-74",89,0
"mode","T1c","75-79",18,0
"mode","T1c","66-69",12,0
"mode","T1ab","80+",3,0
"mode","T1ab","75-79",22,2
"mode","T2","80+",55,2
"mode","T1c","70-74",8,0
"mode","T1c","75-79",62,0
"mode","T1ab","80+",18,1
"mode","T2","75-79",10,0
"mode","T1c","80+",50,0
"mode","T2","80+",65,2
"mode","T1c","80+",69,0
"mode","T2","75-79",19,0
"mode","T1ab","75-79",11,2
"poor","T2","80+",29,1
"mode","T2","66-69",15,0
"mode","T2","75-79",14,0
"mode","T1c","80+",23,0
"mode","T2","75-79",22,0
"mode","T2","80+",35,1
"poor","T1ab","66-69",15,0
"mode","T2","75-79",63,0
"mode","T1ab","75-79",47,0
"poor","T1c","80+",36,1
"mode","T2","75-79",31,0
"mode","T2","80+",40,0
"mode","T1ab","75-79",31,2
"mode","T2","70-74",1,0
"mode","T1ab","75-79",45,0
"mode","T2","80+",20,0
"mode","T2","70-74",38,2
"mode","T2","75-79",62,2
"mode","T2","70-74",48,0
"mode","T1ab","80+",94,2
"mode","T1ab","70-74",27,0
"poor","T1c","75-79",62,0
"mode","T1ab","75-79",91,0
"mode","T1ab","70-74",48,0
"poor","T1c","75-79",6,0
"poor","T2","80+",10,0
"poor","T2","80+",71,0
"mode","T1c","70-74",86,0
"poor","T1c","75-79",19,0
"poor","T1ab","75-79",4,0
"poor","T1ab","80+",27,1
"mode","T1c","66-69",96,0
"poor","T2","80+",17,1
"poor","T1c","70-74",26,2
"mode","T1ab","70-74",5,0
"mode","T1ab","75-79",106,0
"mode","T1ab","75-79",19,0
"mode","T2","66-69",28,2
"mode","T1c","70-74",51,0
"mode","T1c","80+",76,0
"mode","T2","80+",36,0
"poor","T1c","75-79",24,2
"mode","T2","66-69",71,0
"mode","T2","66-69",106,2
"mode","T1c","80+",32,0
"mode","T1c","70-74",75,0
"mode","T1ab","70-74",51,0
"mode","T1ab","70-74",1,0
"poor","T2","70-74",4,0
"poor","T1c","80+",18,2
"poor","T1c","80+",59,2
"mode","T1ab","80+",21,0
"mode","T2","75-79",88,0
"mode","T1ab","80+",30,2
"poor","T1ab","80+",11,1
"poor","T1ab","80+",40,0
"mode","T1ab","75-79",28,0
"mode","T1c","75-79",17,0
"mode","T2","70-74",82,0
"mode","T2","66-69",6,0
"mode","T2","80+",29,1
"poor","T1ab","80+",9,0
"mode","T1ab","80+",11,0
"mode","T2","66-69",68,2
"mode","T1c","80+",44,0
"poor","T2","80+",38,1
"poor","T2","70-74",87,0
"poor","T2","75-79",23,0
"mode","T1c","70-74",39,2
"mode","T1c","75-79",72,0
"poor","T2","75-79",41,0
"mode","T1c","80+",13,0
"mode","T1ab","80+",94,0
"mode","T1ab","70-74",101,0
"mode","T1ab","70-74",67,2
"mode","T1ab","80+",33,0
"mode","T2","66-69",92,0
"poor","T1ab","80+",4,0
"mode","T1c","70-74",119,0
"mode","T1ab","66-69",68,0
"mode","T1c","80+",39,2
"mode","T1ab","70-74",115,0
"mode","T1ab","80+",39,0
"mode","T1ab","75-79",107,0
"mode","T2","75-79",78,0
"mode","T1c","80+",17,2
"mode","T1c","80+",17,0
"mode","T1ab","75-79",47,0
"mode","T1ab","75-79",86,0
"mode","T1ab","70-74",19,0
"mode","T1c","80+",9,0
"mode","T2","80+",113,0
"mode","T1ab","70-74",101,0
"mode","T2","75-79",66,2
"mode","T1c","70-74",26,0
"mode","T1c","66-69",2,0
"poor","T1c","80+",93,0
"mode","T2","75-79",90,0
"poor","T2","80+",5,0
"mode","T1ab","80+",71,2
"mode","T2","80+",0,0
"mode","T1ab","80+",24,2
"mode","T1c","70-74",86,0
"poor","T1c","80+",13,0
"mode","T1c","75-79",96,0
"mode","T2","70-74",4,0
"mode","T1c","75-79",55,0
"mode","T2","70-74",21,0
"poor","T2","80+",6,1
"poor","T2","80+",27,2
"mode","T1ab","75-79",23,0
"mode","T2","80+",37,2
"mode","T1c","66-69",18,0
"mode","T1c","70-74",96,0
"poor","T1c","80+",100,0
"mode","T2","70-74",6,2
"mode","T1ab","80+",108,0
"mode","T1ab","66-69",114,0
"mode","T2","80+",19,2
"mode","T1ab","80+",44,0
"mode","T2","70-74",58,0
"mode","T1c","80+",8,0
"mode","T2","80+",15,1
"mode","T1ab","66-69",87,2
"poor","T1c","75-79",18,0
"mode","T1ab","75-79",45,0
"poor","T2","80+",23,0
"mode","T1ab","80+",7,2
"mode","T2","75-79",22,0
"poor","T2","80+",18,2
"mode","T2","66-69",102,0
"mode","T1ab","80+",16,2
"mode","T2","70-74",68,2
"poor","T1c","70-74",41,0
"poor","T1c","70-74",6,0
"mode","T1ab","70-74",33,2
"mode","T1c","70-74",85,0
"poor","T2","80+",61,1
"mode","T1c","80+",54,1
"mode","T1c","80+",111,0
"mode","T2","75-79",10,0
"mode","T1c","66-69",46,0
"poor","T2","70-74",14,0
"poor","T2","80+",37,0
"mode","T1c","70-74",40,0
"mode","T1c","66-69",16,0
"mode","T1ab","70-74",90,2
"mode","T1c","70-74",117,0
"poor","T2","75-79",54,2
"poor","T2","75-79",11,0
"mode","T1ab","80+",1,0
"mode","T1c","80+",10,2
"mode","T1ab","80+",15,0
"mode","T1c","75-79",8,0
"mode","T1ab","70-74",28,2
"mode","T2","66-69",46,0
"mode","T1ab","80+",27,0
"poor","T1c","80+",9,0
"mode","T1c","80+",21,0
"mode","T1c","66-69",65,2
"poor","T2","80+",27,0
"poor","T2","75-79",87,0
"mode","T2","80+",19,0
"poor","T2","75-79",11,1
"mode","T2","70-74",61,0
"poor","T2","70-74",77,0
"mode","T2","80+",12,2
"mode","T2","75-79",27,0
"mode","T2","80+",56,0
"mode","T1c","75-79",64,0
"mode","T1ab","80+",0,0
"mode","T2","66-69",12,0
"mode","T1c","70-74",116,0
"mode","T1c","80+",10,0
"mode","T1ab","80+",25,2
"mode","T1c","75-79",30,0
"mode","T1ab","80+",23,2
"mode","T2","80+",14,2
"mode","T1ab","80+",101,2
"poor","T2","80+",18,0
"mode","T1ab","80+",64,2
"poor","T1c","75-79",19,0
"mode","T1ab","75-79",7,0
"mode","T2","70-74",43,0
"mode","T2","75-79",13,0
"mode","T1c","80+",18,0
"mode","T2","75-79",3,0
"mode","T2","75-79",34,0
"mode","T1c","70-74",58,0
"poor","T1c","75-79",14,0
"mode","T2","70-74",16,0
"poor","T1c","75-79",19,0
"mode","T1ab","80+",11,2
"mode","T1ab","70-74",10,0
"mode","T1ab","66-69",3,0
"mode","T1ab","70-74",106,0
"mode","T1ab","75-79",6,2
"mode","T1c","75-79",35,0
"mode","T1ab","66-69",20,0
"mode","T2","80+",7,0
"mode","T2","75-79",86,0
"poor","T2","70-74",18,0
"mode","T1ab","80+",28,0
"mode","T1c","80+",113,0
"poor","T2","75-79",2,0
"mode","T2","75-79",4,2
"mode","T1c","80+",14,2
"mode","T2","75-79",21,0
"mode","T1ab","80+",3,1
"mode","T1c","75-79",2,0
"mode","T1ab","80+",61,0
"poor","T2","75-79",32,1
"mode","T2","80+",76,0
"mode","T2","80+",4,0
"mode","T2","70-74",18,0
"mode","T1ab","75-79",26,0
"poor","T2","66-69",17,0
"mode","T1ab","75-79",17,2
"poor","T2","80+",10,0
"mode","T1c","80+",62,2
"poor","T2","80+",70,0
"poor","T2","75-79",64,2
"poor","T2","70-74",5,2
"mode","T1ab","80+",4,0
"mode","T1ab","66-69",10,0
"mode","T1c","66-69",19,0
"poor","T1c","75-79",57,0
"mode","T1c","80+",3,0
"mode","T1ab","80+",4,0
"poor","T2","80+",1,2
"mode","T1c","70-74",83,0
"mode","T2","70-74",17,0
"mode","T1c","66-69",61,0
"mode","T1ab","70-74",44,0
"poor","T1c","75-79",21,0
"mode","T2","70-74",114,0
"mode","T2","70-74",48,0
"mode","T2","80+",46,2
"mode","T1c","66-69",15,0
"mode","T2","70-74",55,0
"mode","T1c","66-69",17,0
"mode","T2","75-79",57,0
"mode","T1c","66-69",18,2
"poor","T1c","70-74",15,2
"mode","T2","66-69",83,0
"mode","T2","70-74",13,0
"mode","T1c","66-69",12,0
"mode","T1ab","70-74",46,2
"mode","T2","66-69",41,0
"poor","T2","75-79",77,0
"mode","T2","80+",6,0
"mode","T2","80+",52,2
"mode","T1c","75-79",75,0
"mode","T2","75-79",66,0
"mode","T2","70-74",14,2
"poor","T1ab","75-79",55,0
"mode","T1c","80+",16,0
"mode","T1c","80+",94,0
"poor","T2","80+",19,1
"poor","T1ab","80+",19,1
"mode","T2","80+",66,0
"mode","T2","80+",59,0
"mode","T1ab","66-69",16,0
"mode","T1c","75-79",16,0
"poor","T1c","66-69",91,2
"poor","T2","70-74",101,0
"mode","T2","70-74",61,0
"mode","T1ab","70-74",2,0
"mode","T2","70-74",24,0
"mode","T2","80+",34,2
"poor","T2","70-74",9,0
"mode","T2","75-79",78,0
"poor","T2","80+",52,2
"mode","T1ab","75-79",27,2
"mode","T1ab","80+",12,0
"poor","T2","75-79",41,1
"mode","T1ab","66-69",87,0
"mode","T1c","66-69",78,0
"poor","T1c","66-69",72,0
"poor","T1c","75-79",61,2
"mode","T1c","66-69",82,0
"mode","T1ab","80+",30,0
"mode","T2","80+",51,2
"mode","T1ab","80+",16,0
"mode","T1ab","66-69",113,0
"mode","T1ab","70-74",88,0
"mode","T2","75-79",37,2
"mode","T1ab","80+",16,2
"poor","T1c","75-79",33,0
"mode","T2","75-79",27,0
"mode","T1ab","80+",81,2
"mode","T1ab","66-69",11,0
"mode","T2","75-79",18,0
"poor","T1ab","80+",24,0
"poor","T2","80+",13,0
"mode","T2","66-69",41,0
"mode","T1c","70-74",22,1
"poor","T1ab","70-74",49,1
"mode","T1c","80+",30,2
"mode","T2","70-74",41,0
"poor","T1c","80+",20,0
"mode","T1ab","80+",92,2
"mode","T1ab","80+",10,0
"mode","T2","70-74",5,0
"mode","T1ab","70-74",2,2
"mode","T1c","75-79",77,0
"poor","T1c","80+",40,2
"mode","T1ab","75-79",40,2
"mode","T2","75-79",90,0
"mode","T1ab","70-74",52,0
"poor","T2","70-74",20,2
"mode","T1c","80+",15,0
"mode","T1c","80+",95,0
"mode","T1ab","75-79",8,0
"mode","T2","66-69",54,2
"mode","T2","80+",108,2
"mode","T1ab","75-79",63,2
"mode","T1c","80+",12,0
"mode","T2","75-79",76,0
"poor","T2","70-74",59,2
"mode","T1c","66-69",107,0
"mode","T1ab","75-79",105,0
"mode","T1ab","80+",28,0
"poor","T1c","80+",22,2
"mode","T1ab","70-74",49,2
"mode","T1ab","80+",15,0
"mode","T1ab","75-79",83,0
"poor","T1c","80+",15,2
"mode","T2","70-74",37,0
"poor","T1c","70-74",5,2
"poor","T1ab","80+",13,1
"mode","T2","70-74",4,0
"mode","T1c","80+",3,0
"mode","T2","75-79",23,2
"mode","T2","66-69",112,0
"mode","T2","80+",39,0
"poor","T2","80+",66,0
"mode","T2","80+",59,1
"poor","T2","70-74",17,0
"mode","T1ab","70-74",10,0
"mode","T2","80+",37,0
"poor","T2","75-79",59,0
"mode","T1ab","70-74",98,0
"mode","T2","75-79",7,0
"mode","T1c","75-79",87,0
"mode","T1ab","80+",60,0
"mode","T2","80+",22,0
"mode","T2","66-69",7,0
"mode","T2","70-74",74,0
"mode","T1c","75-79",62,0
"mode","T1ab","70-74",34,2
"mode","T1ab","80+",29,0
"mode","T1ab","75-79",58,0
"poor","T1ab","80+",46,2
"mode","T1c","80+",10,0
"mode","T2","66-69",9,0
"mode","T2","75-79",25,0
"mode","T2","80+",67,2
"mode","T1ab","75-79",25,0
"mode","T2","70-74",42,0
"mode","T2","70-74",42,0
"mode","T1ab","80+",105,0
"mode","T1ab","80+",3,2
"mode","T2","80+",113,2
"poor","T1c","80+",8,0
"mode","T2","80+",4,0
"mode","T2","80+",21,2
"mode","T2","80+",90,0
"mode","T1ab","80+",3,0
"poor","T1c","80+",53,2
"mode","T1c","80+",15,0
"mode","T1c","75-79",18,2
"mode","T1c","66-69",0,0
"poor","T2","66-69",41,0
"mode","T1ab","80+",15,0
"mode","T2","80+",27,0
"poor","T2","80+",82,2
"poor","T2","80+",61,0
"poor","T1ab","80+",38,0
"poor","T2","75-79",106,1
"poor","T2","80+",37,0
"mode","T1c","80+",57,0
"mode","T2","80+",28,0
"mode","T2","75-79",17,0
"mode","T1c","75-79",51,0
"mode","T1ab","70-74",97,0
"mode","T2","75-79",3,0
"mode","T2","75-79",11,0
"mode","T2","66-69",40,0
"mode","T1ab","70-74",14,0
"mode","T1ab","80+",0,0
"mode","T2","75-79",53,2
"mode","T2","80+",24,0
"mode","T1c","80+",86,0
"mode","T1c","66-69",2,0
"mode","T1ab","66-69",60,0
"mode","T2","70-74",90,0
"poor","T2","70-74",26,0
"mode","T1ab","70-74",108,0
"mode","T1ab","75-79",73,0
"poor","T1ab","75-79",61,0
"mode","T1c","80+",37,2
"poor","T2","80+",9,0
"mode","T2","75-79",46,0
"poor","T2","66-69",67,1
"mode","T1ab","80+",19,0
"mode","T1c","80+",19,0
"poor","T1c","75-79",21,0
"poor","T2","80+",77,0
"mode","T2","70-74",40,0
"poor","T1c","80+",86,0
"mode","T1c","80+",3,0
"mode","T1ab","80+",4,0
"mode","T1ab","80+",25,0
"mode","T2","80+",4,0
"poor","T2","75-79",7,0
"mode","T1c","75-79",55,2
"mode","T1c","70-74",17,0
"mode","T2","75-79",15,0
"mode","T1ab","80+",13,0
"mode","T1c","75-79",104,0
"mode","T1ab","80+",49,2
"mode","T1c","75-79",23,0
"poor","T1c","75-79",14,0
"mode","T1ab","80+",20,0
"poor","T2","80+",36,0
"mode","T1ab","66-69",0,0
"mode","T1ab","66-69",14,0
"poor","T2","70-74",53,1
"mode","T2","80+",59,0
"mode","T2","70-74",12,0
"mode","T2","75-79",6,0
"poor","T2","75-79",90,2
"mode","T2","75-79",11,0
"mode","T2","80+",37,1
"poor","T1ab","80+",9,0
"mode","T1c","75-79",13,0
"poor","T2","70-74",13,0
"mode","T1c","75-79",18,0
"mode","T1ab","70-74",6,0
"mode","T2","75-79",54,0
"mode","T2","80+",13,0
"poor","T2","80+",32,0
"mode","T1c","80+",110,0
"mode","T1c","75-79",74,0
"poor","T2","80+",59,1
"mode","T1c","80+",22,0
"mode","T1ab","80+",16,0
"mode","T1ab","80+",5,2
"mode","T2","70-74",9,0
"mode","T2","66-69",23,0
"poor","T1ab","80+",4,2
"poor","T1c","80+",51,0
"poor","T2","70-74",98,2
"poor","T2","80+",7,0
"mode","T2","80+",21,0
"mode","T1ab","70-74",37,0
"poor","T1c","80+",53,1
"mode","T1c","70-74",15,0
"mode","T2","80+",58,0
"mode","T1ab","70-74",49,0
"mode","T1ab","75-79",11,0
"mode","T1ab","80+",13,0
"mode","T1c","80+",73,0
"mode","T2","80+",9,2
"mode","T2","80+",17,0
"poor","T2","75-79",76,1
"mode","T2","75-79",20,0
"mode","T2","75-79",62,0
"poor","T1ab","75-79",108,0
"poor","T2","70-74",15,0
"mode","T2","80+",13,0
"mode","T2","75-79",0,0
"mode","T1c","80+",23,0
"poor","T2","70-74",97,0
"mode","T1ab","70-74",60,0
"poor","T2","75-79",109,0
"mode","T2","75-79",72,0
"mode","T2","80+",24,2
"mode","T1ab","75-79",25,2
"mode","T2","80+",12,0
"mode","T2","75-79",66,0
"mode","T1ab","70-74",0,0
"mode","T1ab","80+",2,0
"mode","T1c","66-69",23,0
"mode","T1ab","75-79",15,0
"mode","T2","80+",114,2
"poor","T2","70-74",65,2
"mode","T1ab","75-79",11,0
"mode","T2","75-79",18,2
"poor","T2","70-74",40,0
"mode","T1ab","80+",64,2
"poor","T2","80+",58,0
"mode","T1c","75-79",27,2
"mode","T2","80+",4,0
"mode","T1c","75-79",62,1
"mode","T2","80+",19,0
"mode","T2","70-74",13,0
"mode","T1ab","66-69",10,0
"mode","T1c","75-79",17,0
"poor","T1ab","80+",12,0
"poor","T2","80+",60,2
"mode","T1c","75-79",54,2
"mode","T2","80+",35,2
"mode","T1c","80+",83,0
"mode","T1c","75-79",28,0
"mode","T2","75-79",47,0
"mode","T1ab","66-69",10,0
"poor","T2","80+",70,0
"mode","T1c","75-79",44,0
"poor","T2","80+",63,2
"mode","T2","75-79",27,0
"mode","T1c","70-74",94,0
"mode","T1ab","70-74",47,0
"mode","T2","75-79",66,0
"poor","T1ab","80+",8,0
"mode","T2","80+",28,2
"mode","T2","80+",29,0
"mode","T2","75-79",21,0
"mode","T2","70-74",92,0
"poor","T2","80+",74,2
"poor","T1c","80+",3,0
"mode","T1c","80+",68,0
"poor","T1ab","80+",17,0
"mode","T1c","80+",23,0
"mode","T1c","80+",94,0
"poor","T1c","80+",29,1
"poor","T2","70-74",0,0
"mode","T2","80+",23,0
"mode","T1c","75-79",12,0
"mode","T2","80+",67,2
"mode","T1ab","70-74",23,0
"mode","T1ab","75-79",30,2
"mode","T1c","66-69",7,0
"mode","T1ab","80+",73,2
"mode","T2","75-79",25,0
"mode","T1c","75-79",85,0
"mode","T1ab","80+",3,0
"poor","T1c","70-74",5,0
"mode","T1ab","80+",19,2
"mode","T1ab","75-79",25,0
"mode","T2","75-79",5,0
"mode","T1ab","75-79",44,0
"mode","T1c","66-69",3,0
"mode","T2","75-79",68,0
"mode","T1c","80+",15,2
"mode","T1c","75-79",4,0
"mode","T2","75-79",2,0
"mode","T1c","80+",44,0
"mode","T1ab","70-74",25,0
"mode","T2","80+",4,0
"mode","T2","75-79",17,0
"mode","T1c","80+",7,0
"mode","T2","80+",118,0
"mode","T1ab","70-74",43,0
"mode","T1ab","66-69",6,0
"mode","T1ab","75-79",45,0
"mode","T1c","80+",65,0
"mode","T1c","66-69",0,0
"mode","T2","70-74",35,2
"poor","T1c","80+",26,2
"mode","T2","75-79",30,0
"mode","T1ab","80+",37,0
"mode","T1c","75-79",4,0
"poor","T1c","75-79",21,2
"mode","T1ab","80+",18,0
"poor","T2","70-74",52,0
"mode","T1ab","75-79",73,0
"poor","T2","80+",39,2
"mode","T1c","70-74",78,0
"poor","T2","70-74",9,0
"mode","T2","70-74",18,0
"mode","T1ab","66-69",5,0
"mode","T2","66-69",19,0
"mode","T1c","75-79",38,0
"mode","T1ab","70-74",28,2
"mode","T1ab","80+",32,0
"mode","T1c","75-79",71,2
"mode","T1ab","66-69",71,0
"poor","T1c","75-79",56,1
"mode","T2","66-69",67,0
"mode","T2","75-79",8,0
"poor","T1ab","75-79",74,2
"mode","T1ab","66-69",17,0
"poor","T1c","80+",1,0
"poor","T2","70-74",48,0
"poor","T2","70-74",15,0
"poor","T2","70-74",91,2
"mode","T1ab","66-69",44,0
"poor","T2","80+",22,0
"poor","T1ab","80+",39,2
"mode","T2","75-79",89,0
"poor","T2","80+",33,2
"poor","T2","80+",6,0
"mode","T1c","80+",70,2
"mode","T2","80+",65,2
"poor","T1c","75-79",10,0
"poor","T2","80+",7,0
"mode","T2","75-79",70,0
"mode","T2","75-79",38,0
"poor","T2","80+",35,0
"mode","T1ab","75-79",7,0
"mode","T1c","75-79",5,0
"mode","T1c","80+",57,0
"mode","T1c","75-79",3,2
"poor","T1c","80+",18,0
"mode","T1ab","75-79",14,2
"mode","T2","70-74",71,0
"poor","T1c","70-74",36,1
"mode","T1ab","80+",8,0
"poor","T2","80+",5,0
"mode","T2","75-79",5,0
"mode","T2","70-74",16,0
"mode","T2","66-69",23,0
"mode","T2","75-79",28,0
"mode","T2","75-79",49,0
"mode","T1c","75-79",113,0
"mode","T2","80+",55,2
"mode","T1c","70-74",117,2
"mode","T2","75-79",86,0
"mode","T1c","80+",22,0
"mode","T2","75-79",17,2
"poor","T2","80+",75,1
"poor","T1ab","70-74",22,1
"poor","T1c","75-79",56,1
"mode","T1c","66-69",14,0
"mode","T1c","75-79",70,1
"mode","T2","80+",66,0
"mode","T1ab","80+",29,2
"mode","T1c","75-79",5,0
"mode","T1c","70-74",89,0
"mode","T2","75-79",61,0
"poor","T1c","80+",71,0
"mode","T1c","75-79",40,0
"mode","T1c","70-74",78,0
"mode","T1c","80+",58,0
"poor","T1c","75-79",4,0
"mode","T1ab","70-74",65,0
"mode","T1ab","75-79",60,0
"mode","T1ab","80+",43,2
"mode","T1c","70-74",96,0
"mode","T2","75-79",0,0
"poor","T1ab","80+",16,2
"poor","T1c","70-74",16,0
"mode","T1c","80+",63,0
"mode","T2","80+",99,2
"mode","T1c","80+",88,0
"mode","T1ab","66-69",105,0
"mode","T2","80+",55,0
"mode","T2","75-79",0,0
"mode","T2","80+",3,0
"mode","T1ab","70-74",78,0
"mode","T1c","80+",31,1
"mode","T1ab","80+",12,2
"mode","T1ab","75-79",48,0
"mode","T1ab","70-74",118,0
"poor","T2","80+",10,2
"poor","T1c","80+",113,2
"poor","T1c","75-79",43,2
"mode","T1c","75-79",11,0
"mode","T1ab","80+",27,0
"mode","T2","80+",22,2
"mode","T1c","75-79",22,0
"poor","T1c","75-79",3,0
"poor","T2","80+",80,0
"poor","T1ab","75-79",61,2
"poor","T1c","75-79",4,0
"mode","T2","75-79",13,0
"mode","T2","75-79",24,0
"poor","T1ab","80+",21,0
"mode","T1c","80+",91,0
"poor","T1ab","70-74",17,0
"mode","T1ab","80+",10,0
"poor","T2","75-79",3,0
"mode","T2","75-79",11,2
"mode","T2","75-79",31,2
"mode","T2","66-69",13,2
"poor","T1ab","75-79",10,2
"mode","T1ab","70-74",48,2
"mode","T1c","80+",18,0
"mode","T1c","75-79",40,0
"mode","T2","75-79",92,2
"mode","T1c","80+",8,0
"poor","T1ab","80+",51,1
"mode","T2","75-79",29,2
"mode","T1ab","70-74",50,0
"mode","T1c","70-74",25,2
"mode","T1ab","80+",26,2
"poor","T2","80+",8,2
"mode","T1ab","70-74",55,0
"mode","T1c","80+",77,2
"mode","T1c","75-79",105,0
"mode","T2","80+",77,2
"mode","T2","80+",20,0
"mode","T2","75-79",47,2
"poor","T2","80+",9,0
"mode","T2","75-79",14,0
"mode","T2","70-74",7,0
"mode","T1ab","80+",12,0
"poor","T2","80+",10,0
"mode","T1ab","75-79",33,0
"mode","T2","75-79",54,0
"mode","T1ab","75-79",5,2
"mode","T1ab","75-79",30,0
"mode","T1c","66-69",20,0
"mode","T2","80+",21,2
"poor","T2","80+",12,0
"mode","T1ab","75-79",68,0
"mode","T2","80+",62,0
"mode","T2","80+",68,0
"mode","T1c","80+",27,2
"poor","T2","75-79",65,2
"poor","T1ab","70-74",82,2
"mode","T2","80+",10,0
"poor","T2","66-69",84,0
"mode","T1ab","80+",53,0
"mode","T1ab","75-79",43,0
"poor","T2","75-79",8,0
"poor","T1c","80+",80,0
"mode","T1ab","75-79",27,0
"mode","T2","70-74",34,2
"mode","T1c","75-79",6,0
"mode","T2","80+",76,0
"mode","T1c","70-74",11,0
"poor","T2","80+",21,0
"poor","T1ab","80+",10,2
"mode","T1c","70-74",107,0
"mode","T2","70-74",38,0
"poor","T2","66-69",78,0
"mode","T2","80+",106,0
"mode","T1ab","70-74",19,0
"mode","T1ab","80+",31,2
"mode","T1ab","75-79",69,2
"poor","T1c","80+",74,0
"mode","T1ab","75-79",59,2
"mode","T1ab","75-79",20,0
"mode","T1ab","80+",28,2
"poor","T2","80+",2,0
"poor","T1ab","80+",37,2
"mode","T1ab","75-79",6,0
"mode","T1c","75-79",100,0
"mode","T1c","75-79",9,0
"mode","T1c","70-74",14,0
"mode","T1c","80+",23,0
"mode","T1ab","80+",18,0
"poor","T2","75-79",29,0
"mode","T1ab","66-69",50,0
"mode","T1c","80+",14,0
"mode","T2","75-79",20,0
"mode","T2","75-79",43,0
"mode","T2","80+",11,0
"mode","T1c","70-74",31,0
"mode","T2","75-79",29,2
"mode","T2","80+",105,0
"mode","T1c","75-79",54,0
"mode","T1c","80+",3,0
"mode","T2","80+",11,0
"mode","T1ab","70-74",6,0
"mode","T2","75-79",2,0
"mode","T1c","80+",56,0
"mode","T1ab","70-74",17,0
"mode","T2","75-79",52,1
"mode","T2","80+",9,0
"mode","T1ab","70-74",34,2
"mode","T2","80+",29,2
"mode","T1c","80+",11,0
"mode","T2","80+",18,0
"poor","T2","75-79",17,0
"mode","T2","80+",13,2
"mode","T1ab","75-79",14,0
"mode","T1c","80+",83,0
"poor","T1ab","80+",54,0
"mode","T1c","75-79",13,0
"mode","T2","75-79",41,0
"poor","T1ab","75-79",23,2
"mode","T1c","75-79",24,0
"mode","T1c","80+",63,2
"mode","T1c","75-79",10,0
"mode","T1c","75-79",45,1
"mode","T2","70-74",48,0
"poor","T2","80+",18,2
"mode","T1c","75-79",1,0
"mode","T2","70-74",117,0
"poor","T1c","80+",104,0
"mode","T1c","70-74",8,0
"mode","T1c","80+",41,2
"mode","T1c","75-79",51,0
"mode","T1c","70-74",31,0
"mode","T2","66-69",65,2
"poor","T1c","66-69",46,0
"poor","T1c","70-74",35,0
"mode","T2","80+",24,0
"mode","T2","75-79",62,0
"mode","T1ab","80+",20,0
"poor","T2","80+",14,0
"mode","T2","75-79",9,0
"mode","T1c","80+",36,1
"mode","T2","70-74",78,0
"mode","T2","80+",16,1
"poor","T2","75-79",66,0
"poor","T2","66-69",90,0
"poor","T2","75-79",3,0
"poor","T2","80+",30,2
"mode","T2","70-74",111,2
"mode","T1c","80+",27,0
"mode","T1ab","70-74",72,0
"mode","T2","66-69",22,0
"mode","T1c","75-79",65,1
"mode","T1ab","70-74",4,0
"mode","T1ab","80+",39,0
"poor","T2","66-69",0,0
"mode","T1ab","75-79",35,0
"poor","T1c","80+",2,0
"mode","T2","75-79",4,2
"mode","T1ab","80+",7,0
"mode","T2","80+",0,0
"mode","T1ab","70-74",100,0
"poor","T2","66-69",22,2
"mode","T2","80+",4,0
"mode","T2","80+",5,0
"mode","T2","80+",68,2
"poor","T1ab","80+",5,0
"mode","T2","80+",45,2
"mode","T1ab","66-69",9,0
"mode","T2","75-79",18,0
"mode","T1c","80+",3,0
"mode","T1c","80+",7,0
"mode","T2","75-79",40,0
"mode","T1c","80+",5,0
"mode","T1c","80+",5,2
"mode","T1ab","70-74",12,0
"poor","T1c","80+",21,0
"mode","T2","80+",94,1
"poor","T2","80+",57,2
"mode","T2","80+",12,0
"mode","T1c","66-69",34,0
"mode","T1c","75-79",11,1
"poor","T2","80+",33,2
"poor","T2","80+",32,0
"mode","T1c","75-79",21,0
"mode","T2","80+",14,0
"poor","T1c","75-79",90,0
"mode","T1c","75-79",6,0
"mode","T1ab","80+",52,0
"mode","T1ab","75-79",7,0
"mode","T1c","66-69",56,0
"mode","T2","75-79",71,0
"mode","T1ab","75-79",11,2
"mode","T1c","66-69",4,0
"mode","T1c","80+",0,0
"mode","T1c","80+",39,2
"poor","T1c","80+",64,0
"poor","T2","80+",30,0
"mode","T1c","80+",23,0
"mode","T2","75-79",25,0
"poor","T1c","75-79",52,2
"mode","T1ab","80+",6,0
"mode","T1c","66-69",23,0
"poor","T1ab","80+",6,0
"mode","T1ab","75-79",36,0
"mode","T1ab","75-79",57,2
"mode","T1c","66-69",80,0
"mode","T2","80+",82,0
"mode","T1ab","80+",41,0
"mode","T2","70-74",90,0
"mode","T1c","80+",14,0
"mode","T1c","75-79",34,0
"mode","T1ab","70-74",84,2
"mode","T1ab","66-69",22,0
"mode","T1c","70-74",99,0
"poor","T1c","80+",15,0
"mode","T1ab","80+",58,0
"mode","T2","66-69",13,2
"poor","T2","75-79",78,0
"mode","T2","75-79",62,0
"mode","T1c","75-79",75,0
"mode","T2","75-79",20,0
"poor","T2","70-74",41,2
"mode","T2","80+",52,0
"mode","T1ab","80+",43,2
"mode","T1c","80+",69,2
"mode","T1c","75-79",47,0
"mode","T2","66-69",26,0
"mode","T2","75-79",43,0
"mode","T1c","75-79",77,2
"poor","T2","75-79",19,1
"mode","T1c","80+",42,2
"poor","T1c","75-79",15,0
"mode","T1c","66-69",11,0
"mode","T1c","66-69",23,0
"mode","T2","80+",18,0
"mode","T2","66-69",10,0
"mode","T1c","75-79",62,0
"mode","T2","75-79",14,0
"poor","T1ab","80+",43,0
"mode","T2","70-74",77,0
"mode","T1ab","70-74",44,0
"poor","T2","75-79",45,0
"mode","T1ab","80+",11,0
"mode","T1ab","70-74",12,0
"poor","T1ab","66-69",1,2
"mode","T2","70-74",0,0
"mode","T2","80+",7,0
"mode","T2","80+",74,0
"poor","T2","75-79",36,2
"mode","T1c","70-74",21,2
"mode","T1c","80+",73,2
"poor","T2","70-74",72,1
"poor","T2","80+",14,0
"mode","T1c","80+",63,2
"mode","T1ab","80+",22,2
"poor","T1c","70-74",2,0
"poor","T2","80+",11,1
"mode","T1ab","66-69",11,0
"mode","T2","66-69",13,0
"mode","T1c","80+",95,0
"mode","T2","66-69",0,0
"mode","T1ab","80+",32,0
"mode","T2","66-69",14,0
"mode","T1c","75-79",63,2
"mode","T1ab","70-74",15,2
"mode","T2","80+",72,0
"poor","T1c","80+",33,2
"poor","T2","66-69",2,0
"poor","T1ab","75-79",0,0
"mode","T2","70-74",5,0
"poor","T1c","70-74",9,0
"mode","T1ab","75-79",1,0
"mode","T1c","66-69",101,0
"mode","T2","75-79",36,0
"poor","T1c","75-79",14,0
"mode","T2","66-69",20,0
"mode","T1c","75-79",17,0
"poor","T1c","75-79",15,0
"mode","T1c","70-74",16,0
"poor","T1c","75-79",15,0
"poor","T1ab","70-74",100,0
"mode","T2","75-79",10,1
"mode","T1c","75-79",4,0
"mode","T2","75-79",26,0
"mode","T1ab","70-74",58,2
"poor","T2","70-74",23,0
"poor","T2","70-74",34,0
"mode","T1ab","80+",62,2
"mode","T2","70-74",22,0
"mode","T2","75-79",19,0
"poor","T1c","75-79",7,0
"mode","T1c","75-79",4,0
"poor","T1c","75-79",1,2
"mode","T1ab","75-79",24,2
"mode","T1c","70-74",67,0
"mode","T1c","66-69",117,0
"mode","T2","80+",21,2
"mode","T1c","80+",22,0
"mode","T2","70-74",105,0
"mode","T1c","70-74",57,0
"poor","T1c","80+",48,2
"mode","T2","70-74",14,0
"mode","T2","75-79",21,0
"poor","T1c","75-79",114,0
"mode","T1c","75-79",20,0
"mode","T2","66-69",1,0
"mode","T1c","80+",77,1
"mode","T2","80+",5,2
"mode","T1ab","80+",43,2
"mode","T1ab","66-69",1,0
"mode","T1c","66-69",16,0
"mode","T2","75-79",28,0
"mode","T1ab","80+",100,2
"mode","T1c","75-79",112,0
"mode","T2","70-74",32,0
"poor","T2","80+",1,2
"mode","T1c","75-79",10,0
"mode","T1ab","80+",40,0
"mode","T1c","75-79",119,0
"poor","T1ab","75-79",90,0
"poor","T2","80+",50,2
"poor","T2","75-79",35,0
"mode","T1ab","66-69",109,0
"mode","T2","80+",73,2
"poor","T1c","80+",81,0
"mode","T2","80+",21,0
"mode","T2","80+",47,0
"mode","T1c","70-74",27,0
"poor","T2","75-79",16,0
"mode","T2","66-69",17,0
"mode","T1c","80+",96,0
"mode","T1c","75-79",32,0
"mode","T2","75-79",64,0
"mode","T1c","80+",17,0
"mode","T2","70-74",1,0
"poor","T2","75-79",30,0
"mode","T1ab","75-79",10,2
"mode","T2","70-74",72,0
"poor","T2","75-79",16,0
"mode","T2","80+",34,2
"mode","T2","75-79",110,0
"mode","T1ab","75-79",24,0
"mode","T1ab","66-69",17,0
"mode","T1c","70-74",37,2
"mode","T1ab","80+",13,0
"poor","T1ab","75-79",84,2
"poor","T2","66-69",5,0
"mode","T2","80+",57,2
"mode","T1c","75-79",35,0
"mode","T2","80+",6,0
"poor","T1ab","80+",22,2
"poor","T1ab","80+",17,0
"mode","T1c","80+",3,2
"mode","T2","70-74",67,0
"mode","T2","80+",40,0
"mode","T1c","80+",15,0
"poor","T1c","80+",73,1
"poor","T2","80+",11,0
"mode","T2","70-74",63,0
"mode","T1c","66-69",17,0
"mode","T2","80+",54,0
"mode","T2","80+",10,2
"mode","T1c","75-79",77,0
"mode","T1ab","80+",42,2
"mode","T1c","75-79",3,0
"mode","T1c","80+",42,0
"mode","T1c","75-79",18,0
"mode","T2","75-79",20,0
"poor","T2","80+",49,0
"mode","T2","66-69",45,2
"poor","T1c","80+",4,2
"poor","T2","75-79",1,0
"mode","T1ab","80+",7,2
"mode","T1ab","80+",60,0
"mode","T2","80+",68,0
"mode","T1c","80+",50,1
"poor","T2","70-74",62,0
"mode","T1ab","66-69",76,0
"mode","T1c","66-69",37,0
"mode","T2","80+",10,0
"poor","T1c","70-74",70,2
"poor","T1ab","70-74",3,0
"mode","T1c","80+",58,2
"mode","T1c","75-79",1,0
"mode","T1c","75-79",7,2
"poor","T2","70-74",34,2
"mode","T1ab","70-74",15,0
"poor","T1c","80+",1,2
"mode","T1c","80+",27,2
"poor","T1ab","66-69",52,0
"mode","T1ab","75-79",20,0
"poor","T2","80+",14,0
"mode","T1ab","70-74",30,0
"poor","T1c","80+",9,0
"mode","T1ab","66-69",18,2
"poor","T1c","80+",5,0
"mode","T1c","80+",63,2
"poor","T2","75-79",3,0
"poor","T2","70-74",14,2
"mode","T2","70-74",43,0
"mode","T1c","80+",20,2
"poor","T2","80+",56,0
"mode","T1ab","75-79",52,0
"mode","T1ab","66-69",33,0
"mode","T2","80+",89,0
"mode","T1ab","80+",13,0
"poor","T2","75-79",110,0
"mode","T1ab","75-79",17,2
"poor","T1ab","75-79",71,0
"poor","T2","80+",8,0
"mode","T2","66-69",21,0
"mode","T2","80+",11,0
"mode","T1c","80+",34,2
"mode","T1ab","75-79",55,2
"poor","T2","80+",88,0
"mode","T1c","80+",20,2
"mode","T2","80+",5,0
"mode","T1c","70-74",104,0
"mode","T1ab","70-74",11,2
"mode","T2","66-69",80,0
"mode","T1c","70-74",1,0
"mode","T1ab","80+",40,2
"mode","T1c","66-69",13,2
"mode","T1c","75-79",47,0
"mode","T1c","70-74",52,0
"mode","T1c","75-79",28,0
"mode","T1ab","70-74",3,2
"mode","T1ab","75-79",74,0
"mode","T1ab","80+",17,2
"mode","T1c","75-79",16,0
"mode","T2","80+",8,0
"mode","T2","75-79",26,2
"poor","T1ab","75-79",99,0
"mode","T1ab","70-74",100,0
"mode","T2","75-79",19,0
"mode","T2","75-79",76,0
"mode","T2","70-74",34,0
"poor","T2","75-79",18,0
"mode","T1c","80+",6,0
"mode","T1c","80+",20,0
"mode","T2","70-74",52,0
"mode","T1c","80+",71,2
"mode","T2","80+",63,0
"mode","T1c","66-69",78,0
"mode","T2","80+",118,0
"poor","T2","70-74",57,0
"mode","T1ab","66-69",1,0
"mode","T1c","66-69",78,0
"mode","T1c","70-74",15,2
"mode","T1c","80+",18,0
"poor","T2","75-79",19,1
"mode","T2","70-74",78,0
"poor","T2","70-74",19,0
"mode","T2","70-74",106,0
"poor","T1c","70-74",14,0
"mode","T1ab","66-69",113,0
"mode","T2","75-79",14,2
"mode","T2","75-79",58,0
"mode","T1c","80+",47,0
"mode","T1ab","80+",22,0
"mode","T1c","70-74",19,0
"mode","T1ab","75-79",27,0
"poor","T1c","75-79",32,0
"mode","T1ab","80+",31,2
"mode","T2","70-74",50,0
"mode","T1c","66-69",101,0
"mode","T2","70-74",51,0
"mode","T1ab","75-79",1,2
"mode","T1ab","75-79",5,0
"mode","T1ab","80+",1,0
"poor","T1c","70-74",56,0
"mode","T1ab","75-79",6,0
"mode","T1ab","80+",1,2
"mode","T2","70-74",1,0
"mode","T1ab","66-69",17,0
"mode","T1c","70-74",69,0
"mode","T1c","80+",56,0
"mode","T1ab","66-69",54,0
"mode","T2","75-79",11,0
"poor","T1c","75-79",5,0
"mode","T2","75-79",4,0
"mode","T2","75-79",16,0
"mode","T2","66-69",3,0
"poor","T1ab","70-74",114,0
"mode","T2","80+",57,0
"mode","T1c","75-79",75,2
"mode","T1ab","75-79",65,0
"mode","T1c","80+",41,2
"mode","T1c","80+",3,0
"mode","T1c","75-79",0,0
"poor","T2","80+",12,0
"mode","T2","75-79",21,0
"mode","T2","80+",94,0
"poor","T2","80+",81,2
"poor","T2","80+",56,2
"poor","T1c","75-79",22,0
"mode","T2","70-74",24,0
"mode","T2","75-79",13,0
"mode","T1ab","80+",37,2
"mode","T1c","66-69",2,0
"mode","T1c","80+",32,0
"mode","T2","70-74",37,0
"mode","T1c","75-79",108,0
"mode","T2","80+",37,0
"mode","T2","70-74",6,0
"mode","T1c","70-74",64,2
"mode","T2","80+",14,2
"mode","T1c","66-69",18,2
"mode","T2","70-74",98,0
"mode","T1c","75-79",55,2
"mode","T2","80+",19,0
"poor","T2","80+",19,0
"poor","T1c","75-79",39,1
"poor","T2","80+",57,0
"mode","T1c","75-79",1,0
"poor","T1c","75-79",3,0
"poor","T2","80+",43,2
"mode","T2","75-79",31,2
"mode","T2","66-69",2,0
"mode","T2","66-69",74,0
"mode","T2","75-79",25,0
"mode","T1ab","75-79",12,0
"mode","T1c","80+",21,0
"mode","T1ab","80+",86,0
"mode","T1ab","70-74",11,0
"poor","T1ab","80+",5,2
"mode","T1ab","80+",44,2
"mode","T1c","75-79",70,2
"mode","T1c","70-74",14,0
"mode","T1c","75-79",53,0
"mode","T2","70-74",93,2
"mode","T1c","66-69",8,0
"poor","T2","80+",60,0
"mode","T2","80+",66,0
"mode","T2","75-79",6,0
"mode","T1c","80+",11,0
"mode","T2","75-79",58,0
"poor","T1c","70-74",42,2
"poor","T2","75-79",95,0
"poor","T2","80+",46,2
"mode","T1ab","80+",34,2
"mode","T1c","70-74",113,0
"mode","T2","70-74",21,0
"mode","T2","80+",48,2
"mode","T2","80+",24,0
"mode","T1c","80+",7,0
"mode","T1ab","80+",48,2
"mode","T1c","80+",3,0
"mode","T1ab","75-79",87,0
"poor","T2","75-79",61,0
"mode","T1ab","70-74",6,0
"mode","T1c","80+",14,0
"mode","T1ab","80+",26,2
"poor","T2","75-79",33,0
"poor","T2","66-69",59,2
"mode","T1ab","66-69",18,0
"mode","T1ab","80+",10,0
"mode","T2","70-74",38,2
"poor","T1c","70-74",11,0
"mode","T2","75-79",17,0
"mode","T1c","70-74",56,2
"mode","T1ab","66-69",63,0
"mode","T1c","75-79",45,0
"mode","T2","70-74",42,1
"poor","T2","70-74",17,2
"mode","T1ab","70-74",15,2
"mode","T1c","80+",86,0
"mode","T1c","70-74",57,1
"mode","T1c","80+",10,0
"mode","T1c","75-79",22,0
"mode","T1c","75-79",42,0
"poor","T1ab","75-79",36,1
"mode","T2","66-69",24,2
"mode","T1c","70-74",100,0
"mode","T2","66-69",75,0
"mode","T1ab","80+",3,0
"mode","T1c","66-69",67,0
"mode","T2","70-74",94,0
"mode","T1c","80+",91,0
"poor","T2","75-79",107,0
"mode","T1c","80+",62,0
"poor","T2","80+",13,2
"mode","T1c","80+",13,0
"mode","T1c","75-79",25,2
"mode","T2","80+",2,0
"mode","T1ab","70-74",20,0
"mode","T2","75-79",18,0
"mode","T2","75-79",75,0
"mode","T2","75-79",14,0
"mode","T2","66-69",47,0
"mode","T1ab","70-74",119,0
"mode","T2","80+",63,0
"mode","T1ab","70-74",13,0
"mode","T2","75-79",77,1
"poor","T2","75-79",8,0
"mode","T2","80+",21,0
"mode","T1ab","75-79",13,2
"mode","T2","75-79",28,0
"poor","T1ab","70-74",92,2
"mode","T1c","75-79",69,0
"mode","T1ab","75-79",49,2
"mode","T1c","66-69",77,0
"mode","T2","80+",22,0
"mode","T1ab","66-69",3,0
"mode","T1ab","80+",42,2
"poor","T2","80+",77,0
"mode","T2","75-79",79,0
"mode","T1c","70-74",70,2
"mode","T1ab","75-79",31,1
"poor","T1ab","80+",6,0
"mode","T1ab","66-69",100,0
"mode","T1c","70-74",90,0
"poor","T2","80+",6,0
"mode","T2","75-79",12,0
"mode","T2","70-74",15,0
"mode","T2","80+",2,1
"mode","T2","80+",76,2
"poor","T1ab","80+",16,0
"mode","T2","66-69",30,0
"mode","T1ab","80+",90,2
"mode","T2","70-74",22,0
"mode","T2","75-79",91,0
"mode","T2","80+",3,0
"mode","T2","80+",39,2
"mode","T1c","80+",57,0
"mode","T2","80+",41,0
"mode","T2","75-79",11,0
"mode","T2","80+",7,0
"mode","T2","70-74",10,0
"mode","T1c","70-74",114,0
"poor","T2","80+",23,0
"mode","T2","66-69",14,0
"mode","T1ab","70-74",117,0
"mode","T1c","80+",43,2
"mode","T1c","70-74",23,0
"mode","T1ab","80+",12,2
"poor","T2","75-79",25,0
"mode","T1ab","66-69",17,0
"poor","T1ab","66-69",9,0
"mode","T1c","75-79",27,0
"mode","T1c","66-69",18,0
"mode","T1c","80+",101,0
"mode","T1ab","75-79",49,2
"mode","T1c","75-79",11,0
"mode","T2","75-79",50,2
"mode","T1ab","75-79",92,2
"mode","T2","75-79",12,0
"mode","T2","75-79",7,0
"poor","T1c","75-79",81,0
"mode","T2","75-79",29,0
"mode","T1ab","80+",13,0
"mode","T2","66-69",47,0
"mode","T2","80+",10,2
"poor","T2","80+",39,0
"mode","T1c","80+",54,0
"mode","T1c","75-79",97,0
"mode","T1c","80+",38,0
"mode","T1ab","70-74",51,0
"poor","T1c","70-74",36,2
"mode","T2","80+",41,2
"mode","T2","70-74",7,2
"mode","T1ab","70-74",26,2
"mode","T2","80+",13,0
"poor","T2","80+",10,0
"mode","T1ab","75-79",110,0
"mode","T2","70-74",97,0
"mode","T1c","75-79",8,0
"mode","T2","80+",18,0
"mode","T1c","80+",1,0
"mode","T1c","66-69",53,0
"mode","T1ab","70-74",47,0
"mode","T2","80+",18,0
"mode","T1c","70-74",66,2
"mode","T2","75-79",24,0
"mode","T2","80+",60,0
"mode","T2","70-74",113,0
"mode","T1c","75-79",49,2
"mode","T1c","75-79",69,0
"poor","T2","66-69",56,2
"poor","T1ab","75-79",5,0
"mode","T1ab","66-69",45,0
"mode","T1c","80+",23,2
"mode","T2","70-74",11,0
"mode","T1ab","75-79",100,0
"mode","T2","66-69",86,1
"mode","T1ab","70-74",36,0
"mode","T1c","70-74",9,0
"mode","T1ab","75-79",79,0
"poor","T1c","80+",29,2
"mode","T2","80+",3,0
"mode","T2","75-79",75,0
"poor","T2","66-69",6,0
"mode","T1c","66-69",105,0
"mode","T1c","80+",10,0
"mode","T1c","75-79",19,0
"mode","T1ab","80+",42,0
"mode","T1c","70-74",45,0
"mode","T1ab","80+",23,0
"mode","T2","75-79",60,2
"mode","T1c","70-74",84,2
"mode","T2","75-79",63,0
"poor","T2","80+",18,0
"poor","T2","80+",67,2
"mode","T2","80+",70,1
"mode","T1ab","70-74",18,0
"mode","T2","80+",14,0
"mode","T1c","80+",16,0
"poor","T2","75-79",36,2
"mode","T1c","70-74",11,0
"poor","T2","70-74",19,0
"mode","T1ab","80+",24,2
"mode","T1c","80+",9,0
"mode","T2","75-79",32,1
"poor","T1ab","80+",28,1
"mode","T1c","66-69",67,0
"poor","T1c","80+",41,2
"poor","T1c","75-79",49,2
"mode","T1c","75-79",115,0
"mode","T1c","75-79",106,1
"poor","T2","75-79",107,0
"mode","T1c","80+",7,0
"mode","T2","70-74",18,0
"mode","T1c","66-69",40,2
"poor","T1c","80+",37,0
"poor","T2","75-79",24,0
"mode","T2","66-69",112,0
"poor","T1ab","80+",52,1
"poor","T1c","75-79",23,0
"mode","T1ab","70-74",68,0
"mode","T2","80+",22,0
"poor","T2","75-79",6,2
"mode","T1ab","75-79",117,0
"mode","T2","80+",9,0
"mode","T1c","80+",51,2
"poor","T2","80+",0,0
"mode","T1c","80+",30,0
"mode","T1c","70-74",37,0
"mode","T2","75-79",16,0
"poor","T1ab","80+",83,0
"mode","T2","75-79",16,0
"mode","T1ab","75-79",46,0
"mode","T2","66-69",26,0
"mode","T1ab","66-69",45,2
"mode","T1ab","80+",18,0
"poor","T2","80+",20,0
"mode","T2","80+",66,2
"mode","T1ab","80+",8,0
"mode","T1ab","80+",45,2
"poor","T2","80+",8,0
"mode","T1c","80+",27,1
"mode","T1c","75-79",107,0
"mode","T2","70-74",87,2
"mode","T1ab","80+",43,2
"mode","T1c","75-79",112,0
"mode","T1ab","80+",52,0
"poor","T2","70-74",27,1
"mode","T1c","75-79",3,0
"poor","T2","75-79",5,0
"poor","T1c","70-74",9,1
"mode","T1ab","75-79",6,0
"mode","T2","80+",18,0
"poor","T1ab","80+",25,2
"mode","T1ab","66-69",112,0
"poor","T1ab","75-79",22,0
"mode","T2","70-74",105,0
"mode","T2","80+",28,0
"poor","T1c","75-79",79,2
"mode","T1ab","66-69",100,0
"mode","T1c","80+",90,0
"mode","T1ab","80+",11,0
"poor","T1c","75-79",3,0
"mode","T1c","66-69",9,2
"mode","T1c","80+",107,0
"poor","T2","80+",36,1
"mode","T2","66-69",36,0
"poor","T2","75-79",7,0
"mode","T1c","75-79",78,0
"poor","T1ab","80+",33,2
"mode","T1ab","75-79",79,2
"mode","T1c","70-74",108,0
"poor","T1ab","75-79",21,0
"mode","T2","80+",3,0
"poor","T1c","80+",8,0
"poor","T1ab","80+",107,0
"poor","T1c","80+",4,0
"poor","T1c","80+",33,0
"mode","T1ab","66-69",22,0
"mode","T1c","66-69",10,0
"poor","T2","75-79",59,2
"mode","T2","66-69",10,2
"mode","T2","70-74",97,0
"mode","T1c","70-74",115,0
"mode","T2","80+",4,2
"mode","T1ab","80+",64,2
"mode","T1ab","70-74",5,0
"mode","T1c","70-74",82,2
"mode","T2","70-74",108,0
"mode","T2","80+",17,0
"mode","T2","80+",111,0
"poor","T1c","70-74",116,0
"mode","T2","75-79",0,0
"mode","T2","80+",21,0
"mode","T1c","80+",12,0
"mode","T1c","66-69",41,0
"mode","T1ab","70-74",69,0
"mode","T2","75-79",26,0
"mode","T1c","70-74",107,0
"mode","T1ab","70-74",10,2
"poor","T2","75-79",118,0
"mode","T1c","70-74",8,0
"mode","T1c","66-69",85,0
"mode","T2","75-79",81,0
"mode","T2","80+",11,0
"mode","T2","80+",77,0
"mode","T1c","80+",73,0
"mode","T2","80+",78,2
"mode","T1ab","80+",25,0
"mode","T1c","70-74",86,0
"mode","T1ab","70-74",48,0
"mode","T2","70-74",81,2
"mode","T1c","80+",93,1
"mode","T1ab","75-79",20,2
"mode","T1ab","80+",23,2
"mode","T2","66-69",20,0
"poor","T2","75-79",6,0
"mode","T1c","75-79",68,1
"mode","T1c","66-69",6,0
"mode","T2","75-79",10,0
"mode","T1c","80+",1,0
"mode","T1c","75-79",29,1
"mode","T2","75-79",1,0
"poor","T1ab","80+",48,2
"mode","T2","75-79",42,0
"mode","T1c","70-74",115,0
"mode","T1c","66-69",14,0
"poor","T2","75-79",7,0
"mode","T1ab","70-74",92,0
"mode","T1ab","75-79",24,0
"poor","T1ab","66-69",73,0
"mode","T2","66-69",2,0
"mode","T1ab","75-79",7,0
"mode","T1c","66-69",86,2
"mode","T1c","80+",10,0
"mode","T1ab","70-74",8,0
"mode","T2","70-74",6,0
"mode","T1ab","70-74",51,0
"mode","T2","66-69",79,0
"mode","T2","70-74",109,0
"mode","T1ab","70-74",64,0
"mode","T2","75-79",6,0
"mode","T1ab","75-79",52,2
"mode","T1ab","70-74",71,0
"poor","T1c","80+",18,0
"poor","T2","80+",12,0
"mode","T2","75-79",12,2
"mode","T2","75-79",99,2
"poor","T2","75-79",42,2
"mode","T2","80+",65,0
"mode","T1c","80+",8,0
"mode","T1ab","70-74",41,2
"mode","T2","70-74",73,0
"mode","T1ab","75-79",53,0
"poor","T2","80+",32,2
"mode","T1ab","75-79",100,0
"mode","T1c","80+",7,0
"poor","T2","80+",5,0
"mode","T2","75-79",37,2
"mode","T2","66-69",64,0
"mode","T1c","70-74",5,0
"mode","T1c","70-74",92,0
"poor","T2","80+",17,0
"mode","T1c","75-79",68,0
"mode","T1ab","80+",59,1
"mode","T2","80+",4,0
"mode","T2","75-79",12,0
"poor","T1c","80+",60,2
"poor","T1c","80+",1,0
"mode","T1c","80+",115,0
"mode","T2","66-69",28,0
"mode","T2","75-79",10,0
"mode","T1c","70-74",74,0
"poor","T2","75-79",44,0
"mode","T1c","80+",56,2
"mode","T2","75-79",49,0
"mode","T1ab","80+",5,2
"mode","T2","75-79",41,0
"mode","T2","80+",20,0
"mode","T1ab","80+",7,0
"mode","T2","80+",55,2
"poor","T2","70-74",16,0
"mode","T1c","80+",3,2
"mode","T1c","80+",72,0
"mode","T1ab","70-74",39,0
"poor","T2","80+",56,0
"mode","T1c","80+",24,0
"mode","T1c","80+",33,2
"mode","T1ab","80+",7,0
"poor","T2","80+",106,0
"poor","T1c","75-79",45,0
"mode","T1ab","70-74",62,0
"poor","T1ab","80+",18,2
"mode","T2","75-79",92,0
"poor","T1ab","75-79",2,0
"mode","T1ab","70-74",10,2
"mode","T2","70-74",26,2
"mode","T1c","75-79",55,2
"mode","T1ab","70-74",71,0
"mode","T1ab","70-74",72,0
"mode","T1c","80+",89,0
"mode","T1c","70-74",64,1
"mode","T2","80+",1,2
"poor","T1ab","75-79",20,2
"mode","T2","80+",71,2
"mode","T2","80+",36,2
"poor","T2","70-74",3,0
"mode","T1ab","80+",94,2
"mode","T1ab","80+",55,0
"poor","T2","80+",32,2
"mode","T2","75-79",6,0
"mode","T1ab","75-79",40,2
"mode","T1c","75-79",39,2
"poor","T1c","80+",32,2
"poor","T1c","80+",12,0
"mode","T2","75-79",17,0
"mode","T1ab","80+",21,1
"mode","T1c","66-69",6,2
"mode","T2","70-74",77,0
"mode","T1c","80+",35,2
"mode","T1c","80+",4,0
"mode","T2","80+",17,2
"mode","T1ab","75-79",111,0
"poor","T2","70-74",10,0
"mode","T1c","70-74",16,0
"poor","T2","75-79",32,0
"mode","T2","80+",42,0
"mode","T1ab","70-74",54,2
"poor","T2","66-69",30,0
"mode","T2","80+",87,0
"mode","T1ab","75-79",36,2
"mode","T1c","80+",89,0
"mode","T2","75-79",13,2
"poor","T1c","80+",70,2
"mode","T1ab","66-69",37,2
"mode","T1ab","80+",37,2
"mode","T1c","75-79",15,0
"mode","T2","66-69",12,0
"mode","T1c","80+",104,0
"mode","T2","75-79",15,0
"mode","T1c","80+",31,2
"mode","T2","80+",0,0
"mode","T2","80+",14,0
"mode","T1c","80+",7,1
"poor","T1ab","80+",1,2
"mode","T1c","80+",10,0
"mode","T1c","80+",30,0
"mode","T1ab","66-69",39,0
"mode","T1ab","80+",4,0
"poor","T1c","75-79",57,1
"mode","T1ab","75-79",78,2
"mode","T2","75-79",8,0
"mode","T1ab","80+",5,0
"mode","T1c","80+",51,2
"mode","T1c","80+",116,0
"mode","T1c","80+",37,0
"mode","T1ab","80+",93,0
"mode","T2","80+",16,0
"mode","T2","80+",87,2
"mode","T1c","75-79",69,2
"mode","T1ab","80+",47,2
"mode","T2","75-79",78,2
"mode","T1c","70-74",73,2
"poor","T2","80+",20,0
"mode","T2","75-79",103,0
"poor","T2","70-74",53,0
"poor","T1ab","75-79",91,2
"mode","T2","70-74",1,2
"mode","T1ab","70-74",75,0
"mode","T2","80+",61,0
"mode","T2","80+",107,0
"mode","T2","70-74",22,0
"mode","T2","80+",11,2
"poor","T1c","66-69",44,1
"mode","T1ab","70-74",58,0
"mode","T1c","70-74",42,0
"mode","T1c","80+",18,0
"mode","T1ab","80+",9,2
"mode","T1ab","80+",2,0
"mode","T1c","75-79",119,0
"mode","T1c","75-79",22,0
"mode","T1c","70-74",5,0
"poor","T1c","75-79",5,1
"mode","T1ab","75-79",41,2
"poor","T2","80+",3,1
"mode","T2","80+",19,0
"mode","T2","75-79",66,0
"poor","T1c","80+",45,0
"mode","T2","66-69",80,0
"mode","T2","80+",66,1
"poor","T1c","70-74",17,0
"mode","T2","75-79",73,0
"poor","T1c","70-74",49,0
"mode","T2","75-79",19,0
"mode","T2","80+",50,0
"mode","T2","80+",3,2
"mode","T2","80+",85,0
"mode","T1c","80+",45,0
"mode","T1c","75-79",5,0
"mode","T1c","70-74",92,0
"mode","T2","80+",32,2
"mode","T1c","80+",68,2
"mode","T2","75-79",22,0
"poor","T1c","70-74",34,2
"mode","T1ab","75-79",73,0
"mode","T1c","80+",6,2
"mode","T2","80+",44,2
"poor","T2","70-74",8,2
"poor","T2","80+",3,0
"poor","T1ab","80+",62,0
"mode","T2","80+",95,0
"mode","T1c","75-79",10,0
"mode","T2","75-79",30,0
"mode","T1c","75-79",8,0
"mode","T1c","75-79",97,0
"mode","T2","66-69",83,0
"mode","T2","80+",71,2
"mode","T1ab","75-79",15,2
"mode","T1ab","80+",47,1
"poor","T1c","80+",4,0
"mode","T1ab","70-74",21,0
"poor","T2","75-79",67,2
"mode","T1ab","66-69",21,0
"mode","T1c","80+",20,0
"mode","T1c","80+",60,0
"mode","T2","70-74",39,2
"poor","T1c","80+",54,2
"poor","T2","80+",50,0
"poor","T2","80+",61,2
"mode","T1c","80+",83,0
"mode","T2","70-74",48,0
"mode","T1c","75-79",40,2
"poor","T1c","80+",14,2
"poor","T2","80+",93,2
"mode","T2","80+",97,0
"mode","T1c","80+",47,0
"mode","T1ab","80+",39,2
"mode","T2","66-69",16,0
"mode","T1c","75-79",30,0
"mode","T1ab","75-79",34,2
"poor","T2","70-74",69,0
"poor","T1c","70-74",3,0
"mode","T2","70-74",48,1
"poor","T1c","70-74",29,1
"mode","T1c","70-74",83,0
"mode","T1c","80+",76,2
"mode","T2","80+",10,0
"mode","T2","80+",21,0
"mode","T1ab","80+",3,2
"mode","T2","80+",19,0
"mode","T1ab","66-69",3,0
"mode","T2","75-79",70,2
"mode","T1ab","70-74",40,0
"mode","T2","75-79",34,2
"mode","T2","80+",75,0
"mode","T2","70-74",59,0
"mode","T2","70-74",6,0
"mode","T1c","80+",60,0
"mode","T1ab","66-69",23,0
"mode","T2","75-79",67,2
"mode","T1c","70-74",47,0
"poor","T1c","80+",98,0
"mode","T1c","80+",95,0
"mode","T1c","70-74",28,2
"poor","T1ab","80+",9,0
"mode","T1c","70-74",79,0
"poor","T1c","80+",5,1
"mode","T2","70-74",17,0
"mode","T2","66-69",101,0
"mode","T2","70-74",3,0
"poor","T1ab","75-79",51,1
"mode","T1ab","66-69",29,0
"mode","T2","80+",47,2
"mode","T2","70-74",26,2
"poor","T1c","75-79",42,0
"poor","T1ab","80+",1,0
"poor","T2","66-69",32,2
"mode","T1ab","80+",11,0
"poor","T1c","75-79",37,0
"mode","T1c","75-79",88,0
"mode","T2","80+",12,0
"poor","T2","80+",50,2
"mode","T1c","75-79",41,2
"mode","T1ab","75-79",8,0
"mode","T1c","80+",29,0
"poor","T2","80+",22,0
"mode","T1c","75-79",38,0
"poor","T1c","66-69",77,0
"mode","T2","66-69",65,0
"mode","T2","66-69",24,0
"mode","T1ab","80+",70,0
"mode","T1ab","70-74",13,0
"mode","T1ab","80+",46,2
"mode","T1c","80+",54,2
"mode","T1c","70-74",28,0
"poor","T2","80+",16,1
"mode","T2","80+",14,0
"mode","T1ab","75-79",7,2
"mode","T1ab","70-74",34,2
"mode","T1ab","70-74",16,0
"mode","T1ab","75-79",28,0
"poor","T2","75-79",43,2
"mode","T1ab","80+",29,1
"mode","T2","80+",25,2
"mode","T1ab","70-74",2,0
"poor","T2","80+",39,0
"poor","T2","70-74",60,0
"mode","T1ab","75-79",21,0
"poor","T1c","66-69",22,0
"poor","T2","80+",16,0
"mode","T2","75-79",20,0
"mode","T1ab","75-79",101,2
"mode","T2","80+",2,0
"mode","T2","75-79",41,0
"mode","T1c","75-79",61,0
"mode","T1ab","66-69",57,0
"mode","T2","75-79",23,0
"mode","T2","70-74",99,0
"mode","T1ab","70-74",100,0
"poor","T2","80+",6,0
"poor","T2","66-69",112,0
"mode","T2","80+",6,0
"poor","T1ab","80+",50,2
"mode","T2","75-79",1,0
"mode","T1c","80+",78,0
"poor","T1c","80+",70,2
"mode","T1c","80+",73,0
"poor","T1c","80+",69,0
"mode","T2","80+",39,0
"mode","T2","80+",62,0
"poor","T1c","75-79",0,0
"mode","T1c","80+",17,0
"mode","T1c","70-74",37,0
"poor","T1c","80+",94,2
"mode","T1ab","70-74",0,0
"poor","T1c","80+",57,0
"mode","T1ab","70-74",0,0
"mode","T2","80+",15,0
"mode","T1ab","80+",3,0
"poor","T1c","70-74",16,1
"mode","T2","80+",38,2
"mode","T2","80+",56,2
"mode","T1ab","75-79",84,0
"poor","T1c","80+",14,0
"poor","T1c","80+",34,0
"poor","T1c","80+",7,0
"poor","T2","70-74",23,0
"mode","T1ab","75-79",74,2
"mode","T1ab","70-74",6,0
"mode","T1c","70-74",7,0
"poor","T2","70-74",55,0
"poor","T2","80+",8,0
"mode","T1c","75-79",29,0
"mode","T2","80+",6,0
"mode","T2","75-79",93,0
"mode","T2","75-79",113,0
"mode","T2","66-69",58,0
"mode","T2","75-79",76,0
"mode","T2","80+",2,0
"mode","T1ab","80+",16,2
"mode","T2","80+",48,1
"mode","T1ab","75-79",19,0
"mode","T1c","75-79",70,2
"poor","T1c","80+",13,0
"mode","T2","80+",60,2
"mode","T2","75-79",19,0
"mode","T1ab","66-69",84,0
"mode","T1ab","80+",17,0
"mode","T1ab","70-74",22,0
"mode","T1ab","70-74",50,0
"mode","T1ab","70-74",4,0
"poor","T1c","70-74",48,0
"mode","T1ab","70-74",68,0
"poor","T2","66-69",99,0
"mode","T2","80+",11,0
"mode","T1c","75-79",94,0
"mode","T2","75-79",1,0
"mode","T1ab","80+",41,0
"mode","T1ab","70-74",8,0
"mode","T1ab","66-69",70,0
"poor","T2","80+",12,0
"mode","T1c","75-79",0,0
"mode","T2","70-74",1,0
"poor","T1ab","70-74",17,0
"mode","T2","70-74",1,0
"mode","T1ab","80+",63,2
"poor","T2","75-79",78,0
"mode","T1ab","80+",59,0
"mode","T1c","70-74",77,0
"mode","T1ab","80+",61,0
"mode","T1c","80+",17,0
"poor","T2","75-79",116,0
"poor","T1ab","80+",21,0
"mode","T2","70-74",26,0
"mode","T1c","70-74",68,0
"mode","T2","75-79",80,1
"poor","T2","80+",17,1
"mode","T1c","80+",35,2
"mode","T1ab","80+",5,2
"mode","T1ab","80+",6,1
"mode","T1ab","70-74",28,0
"mode","T2","80+",81,0
"poor","T2","80+",21,0
"poor","T2","75-79",5,0
"mode","T2","75-79",19,0
"mode","T1c","75-79",50,2
"poor","T2","70-74",9,0
"mode","T1c","75-79",45,2
"mode","T1ab","66-69",96,0
"mode","T1c","80+",30,2
"poor","T2","75-79",56,0
"mode","T2","70-74",113,0
"poor","T1ab","80+",78,2
"mode","T1c","80+",0,0
"poor","T2","80+",11,2
"mode","T1ab","70-74",17,0
"mode","T1c","80+",96,2
"mode","T1c","66-69",77,0
"mode","T1c","75-79",53,0
"poor","T1ab","70-74",97,0
"poor","T1c","75-79",5,2
"mode","T1c","75-79",101,0
"poor","T1c","80+",4,1
"mode","T2","66-69",62,0
"mode","T1ab","80+",15,0
"mode","T1c","80+",91,2
"mode","T2","75-79",119,0
"mode","T1ab","75-79",5,0
"poor","T1c","70-74",9,0
"poor","T1ab","80+",17,1
"mode","T2","66-69",42,0
"mode","T1c","80+",62,0
"mode","T1c","75-79",39,1
"mode","T2","80+",69,1
"mode","T1c","70-74",5,0
"mode","T1ab","80+",2,0
"mode","T1ab","75-79",9,0
"mode","T1c","75-79",26,1
"poor","T2","75-79",3,0
"mode","T2","80+",80,1
"poor","T1ab","80+",11,0
"mode","T1c","75-79",107,0
"mode","T1c","80+",24,0
"mode","T1ab","66-69",6,0
"mode","T1ab","75-79",77,0
"mode","T1c","66-69",7,0
"mode","T1ab","80+",25,2
"poor","T2","80+",10,2
"poor","T2","75-79",7,1
"mode","T1c","80+",91,0
"mode","T2","75-79",67,0
"mode","T2","80+",41,0
"mode","T1ab","80+",48,0
"poor","T1c","75-79",83,0
"mode","T1ab","80+",51,0
"poor","T2","70-74",5,0
"mode","T2","80+",10,0
"mode","T1c","80+",15,0
"poor","T2","80+",3,0
"mode","T1c","66-69",17,0
"mode","T2","75-79",14,0
"mode","T2","80+",96,0
"mode","T1c","75-79",40,2
"mode","T1c","75-79",33,0
"mode","T1ab","80+",15,0
"mode","T1ab","80+",34,2
"mode","T2","75-79",25,2
"mode","T1c","66-69",17,0
"mode","T2","80+",39,0
"mode","T1c","80+",65,1
"mode","T1ab","75-79",15,0
"poor","T2","70-74",53,0
"mode","T1ab","80+",37,2
"mode","T1c","70-74",41,2
"poor","T1c","80+",55,2
"poor","T2","80+",2,0
"mode","T1c","80+",11,0
"mode","T1ab","80+",23,2
"mode","T2","75-79",38,2
"mode","T2","80+",10,0
"mode","T2","75-79",11,0
"mode","T1c","66-69",12,2
"mode","T1ab","70-74",43,0
"mode","T2","80+",13,2
"poor","T2","66-69",89,2
"mode","T2","80+",14,0
"mode","T1c","80+",77,0
"poor","T1c","75-79",11,0
"mode","T1c","80+",30,2
"mode","T1c","80+",44,0
"mode","T2","80+",69,0
"mode","T1c","80+",1,2
"poor","T2","80+",44,0
"mode","T1c","70-74",0,0
"mode","T2","80+",7,0
"mode","T2","70-74",75,0
"mode","T1ab","66-69",6,0
"poor","T1c","70-74",6,2
"mode","T2","80+",22,0
"mode","T1c","75-79",2,2
"mode","T1ab","70-74",53,2
"poor","T2","80+",92,1
"mode","T1c","80+",16,0
"poor","T2","80+",12,0
"mode","T2","75-79",82,0
"mode","T2","75-79",34,1
"mode","T1c","75-79",41,0
"poor","T2","66-69",30,0
"mode","T2","75-79",53,0
"mode","T1c","75-79",9,0
"mode","T2","80+",30,2
"mode","T1c","70-74",85,0
"mode","T1ab","70-74",8,2
"mode","T1ab","80+",27,2
"mode","T2","75-79",25,0
"poor","T2","66-69",77,2
"mode","T1c","70-74",3,0
"mode","T2","75-79",115,0
"mode","T1ab","75-79",11,0
"mode","T1ab","70-74",19,0
"mode","T1c","70-74",93,2
"mode","T2","70-74",63,0
"mode","T2","80+",17,0
"poor","T2","70-74",10,2
"mode","T1ab","80+",0,0
"poor","T1c","70-74",1,0
"mode","T1c","70-74",104,0
"mode","T1c","70-74",114,0
"mode","T1c","80+",0,0
"mode","T2","75-79",89,0
"mode","T1c","80+",85,0
"mode","T2","80+",0,0
"mode","T1c","66-69",13,0
"mode","T2","80+",31,2
"mode","T1c","66-69",3,0
"mode","T1c","70-74",84,0
"mode","T1ab","80+",8,0
"poor","T2","80+",30,0
"mode","T2","75-79",82,0
"mode","T2","80+",87,0
"poor","T2","80+",26,2
"mode","T1ab","80+",28,2
"mode","T1ab","75-79",65,0
"poor","T1c","75-79",7,0
"mode","T2","80+",43,2
"mode","T2","80+",14,2
"mode","T1c","75-79",14,0
"mode","T1c","80+",33,2
"poor","T1c","80+",13,0
"poor","T2","80+",6,0
"mode","T1c","70-74",3,0
"mode","T1ab","80+",59,2
"mode","T1ab","80+",11,2
"mode","T1c","80+",32,2
"mode","T2","66-69",25,0
"mode","T1ab","80+",6,0
"mode","T1ab","80+",58,0
"poor","T1ab","80+",9,0
"mode","T2","80+",2,2
"mode","T2","75-79",22,0
"mode","T1c","80+",73,0
"mode","T1c","80+",19,0
"mode","T1c","75-79",19,0
"mode","T1ab","75-79",9,0
"mode","T1ab","70-74",2,0
"mode","T1c","70-74",105,0
"mode","T1ab","80+",36,2
"poor","T1c","80+",16,0
"mode","T2","80+",35,2
"mode","T2","80+",2,0
"poor","T1ab","75-79",15,0
"mode","T2","75-79",39,1
"mode","T1ab","75-79",45,2
"mode","T2","80+",34,0
"poor","T2","75-79",20,0
"poor","T1ab","80+",67,0
"mode","T1c","70-74",51,0
"mode","T2","75-79",14,1
"mode","T1c","80+",111,0
"mode","T1c","66-69",80,0
"mode","T2","66-69",33,2
"mode","T2","66-69",111,0
"mode","T2","80+",22,0
"mode","T1c","80+",4,0
"poor","T1c","80+",38,2
"mode","T1c","75-79",32,0
"mode","T1ab","66-69",1,0
"mode","T1ab","80+",38,2
"mode","T1ab","70-74",89,0
"mode","T2","75-79",76,0
"poor","T2","70-74",96,0
"mode","T2","80+",33,0
"mode","T1ab","75-79",17,0
"mode","T1c","70-74",6,0
"mode","T1c","66-69",65,0
"mode","T1c","80+",30,0
"mode","T1c","80+",83,0
"mode","T1ab","66-69",12,2
"mode","T1c","75-79",84,0
"mode","T2","80+",113,0
"mode","T2","70-74",5,0
"poor","T2","66-69",10,2
"mode","T1c","80+",84,0
"poor","T1c","80+",3,0
"mode","T1ab","80+",49,2
"mode","T2","75-79",97,0
"mode","T1ab","70-74",10,0
"mode","T1ab","66-69",68,2
"mode","T1ab","80+",45,2
"poor","T2","75-79",62,0
"mode","T1ab","75-79",5,0
"mode","T1ab","75-79",45,0
"poor","T2","80+",36,1
"mode","T1ab","70-74",13,0
"mode","T1c","75-79",72,0
"mode","T1c","66-69",72,0
"mode","T1ab","75-79",18,0
"poor","T1ab","80+",61,1
"mode","T1c","80+",13,0
"poor","T1c","80+",32,0
"mode","T1ab","70-74",2,2
"mode","T1c","70-74",110,0
"mode","T2","75-79",2,0
"mode","T2","70-74",20,0
"mode","T1ab","75-79",4,0
"mode","T2","75-79",8,0
"mode","T1c","70-74",105,0
"mode","T2","80+",63,0
"mode","T2","70-74",9,0
"mode","T2","80+",62,2
"mode","T2","70-74",45,0
"mode","T2","75-79",0,0
"mode","T2","75-79",53,0
"mode","T1ab","80+",5,0
"mode","T1ab","75-79",68,0
"mode","T1c","75-79",7,0
"mode","T2","75-79",67,0
"mode","T1c","80+",47,0
"mode","T1c","75-79",10,0
"mode","T1ab","70-74",82,0
"poor","T2","75-79",40,2
"mode","T1ab","75-79",22,0
"mode","T1ab","80+",6,0
"mode","T2","80+",11,1
"poor","T2","66-69",61,1
"mode","T1ab","66-69",42,0
"mode","T1ab","80+",77,0
"mode","T2","75-79",70,0
"mode","T1c","80+",18,0
"mode","T1c","80+",65,2
"mode","T1ab","75-79",14,0
"poor","T2","80+",19,2
"mode","T2","80+",67,2
"poor","T1c","66-69",19,0
"poor","T1c","80+",4,0
"mode","T2","70-74",42,0
"mode","T2","80+",9,0
"mode","T2","70-74",51,0
"mode","T1c","75-79",110,0
"mode","T1ab","80+",97,0
"mode","T1c","80+",13,0
"mode","T1ab","75-79",14,0
"poor","T2","80+",100,2
"mode","T1ab","75-79",76,2
"mode","T1c","75-79",10,0
"mode","T1c","80+",5,0
"mode","T1ab","70-74",64,0
"mode","T2","80+",84,0
"mode","T1ab","75-79",89,2
"mode","T2","80+",49,0
"mode","T1c","80+",65,2
"mode","T2","80+",17,0
"mode","T2","70-74",99,0
"mode","T1ab","80+",112,0
"mode","T1ab","70-74",18,0
"mode","T2","75-79",7,0
"mode","T1c","80+",56,0
"poor","T2","80+",0,0
"poor","T1c","75-79",7,0
"mode","T1c","80+",22,0
"mode","T1ab","80+",11,2
"mode","T1ab","80+",73,0
"poor","T1ab","80+",36,0
"mode","T2","80+",45,0
"mode","T2","66-69",81,0
"mode","T1ab","70-74",105,0
"mode","T2","75-79",79,0
"poor","T2","80+",5,0
"poor","T1c","80+",50,0
"mode","T1ab","80+",28,0
"poor","T1ab","80+",8,0
"mode","T1ab","75-79",32,2
"poor","T1c","80+",34,0
"mode","T2","70-74",68,0
"poor","T1c","80+",14,2
"mode","T2","80+",46,0
"mode","T2","80+",37,2
"mode","T1ab","70-74",9,2
"mode","T2","75-79",41,0
"mode","T2","80+",19,2
"mode","T2","80+",72,1
"mode","T1c","80+",1,0
"mode","T1ab","70-74",106,0
"mode","T1ab","80+",10,0
"mode","T1ab","80+",2,0
"mode","T2","80+",35,2
"mode","T2","80+",37,0
"mode","T1c","80+",29,1
"mode","T1ab","70-74",103,0
"poor","T1ab","66-69",31,0
"mode","T2","75-79",18,0
"poor","T1ab","80+",20,0
"mode","T2","75-79",101,0
"poor","T1c","80+",109,0
"mode","T1ab","70-74",107,0
"poor","T2","75-79",34,1
"mode","T1c","75-79",74,2
"poor","T2","80+",7,0
"mode","T1c","75-79",20,0
"mode","T2","75-79",2,0
"poor","T1ab","80+",70,1
"poor","T1ab","75-79",95,0
"poor","T2","70-74",6,0
"mode","T1c","80+",75,0
"poor","T1ab","80+",25,0
"mode","T1ab","75-79",46,0
"mode","T1c","80+",97,0
"mode","T2","70-74",81,0
"mode","T1c","80+",31,0
"mode","T2","80+",11,0
"mode","T1c","75-79",25,0
"mode","T2","80+",26,2
"poor","T1c","75-79",34,1
"poor","T1c","70-74",64,1
"poor","T1ab","80+",63,2
"mode","T2","80+",57,0
"mode","T1ab","80+",47,2
"mode","T2","80+",15,0
"mode","T1c","75-79",67,0
"mode","T1ab","80+",11,0
"mode","T2","75-79",57,0
"mode","T2","75-79",6,0
"poor","T2","80+",56,0
"mode","T1ab","80+",8,0
"mode","T1ab","80+",33,2
"mode","T1ab","70-74",29,0
"mode","T2","80+",111,2
"mode","T1ab","80+",31,2
"mode","T1c","80+",16,0
"mode","T1c","70-74",18,0
"poor","T1c","70-74",9,0
"mode","T1c","80+",18,0
"mode","T1ab","75-79",6,0
"mode","T2","80+",30,2
"mode","T1ab","75-79",78,0
"poor","T1ab","80+",4,1
"poor","T1c","80+",10,0
"mode","T1c","66-69",109,0
"mode","T1ab","75-79",3,0
"mode","T1ab","70-74",3,0
"mode","T1ab","80+",16,0
"mode","T1c","80+",18,0
"mode","T2","66-69",16,0
"mode","T1c","80+",6,0
"mode","T2","75-79",55,2
"mode","T2","75-79",63,2
"mode","T1ab","75-79",1,0
"mode","T1c","66-69",59,0
"mode","T1c","80+",73,0
"mode","T1c","70-74",49,0
"mode","T1c","75-79",4,0
"mode","T1ab","75-79",4,0
"mode","T2","75-79",21,0
"poor","T2","75-79",0,0
"mode","T1c","80+",7,0
"poor","T2","80+",3,0
"mode","T1c","75-79",82,0
"mode","T2","75-79",20,0
"mode","T1c","80+",62,0
"mode","T1ab","80+",94,2
"mode","T2","75-79",32,0
"mode","T1ab","80+",21,2
"poor","T1ab","70-74",23,0
"mode","T1c","80+",12,0
"poor","T1c","70-74",43,1
"poor","T2","80+",21,0
"poor","T2","75-79",28,0
"mode","T1c","80+",0,0
"mode","T1ab","75-79",55,2
"mode","T2","75-79",8,0
"mode","T2","75-79",14,0
"mode","T1ab","70-74",33,2
"poor","T2","80+",28,2
"mode","T1ab","70-74",6,2
"mode","T1c","80+",13,0
"poor","T2","80+",25,2
"mode","T2","80+",70,0
"mode","T1c","80+",32,0
"mode","T2","80+",81,2
"mode","T1ab","80+",53,2
"poor","T2","80+",53,0
"mode","T2","66-69",51,0
"poor","T1c","80+",49,0
"mode","T2","75-79",91,0
"poor","T1ab","80+",18,2
"mode","T1ab","70-74",25,0
"mode","T2","80+",29,0
"mode","T1ab","75-79",38,0
"poor","T1c","80+",55,0
"mode","T2","75-79",7,0
"mode","T2","80+",23,0
"mode","T2","80+",15,0
"mode","T2","75-79",27,0
"mode","T1c","70-74",4,0
"poor","T1ab","80+",23,2
"mode","T1c","75-79",17,0
"mode","T2","80+",20,0
"mode","T2","70-74",39,0
"mode","T1ab","80+",21,2
"mode","T1ab","70-74",45,2
"poor","T2","75-79",96,0
"mode","T2","75-79",29,0
"mode","T1c","70-74",5,0
"mode","T1c","80+",13,0
"poor","T2","75-79",32,2
"mode","T1c","75-79",69,0
"mode","T1ab","80+",15,2
"mode","T2","70-74",59,2
"mode","T1c","80+",93,0
"mode","T2","80+",5,0
"mode","T2","70-74",21,2
"poor","T1c","70-74",61,2
"poor","T2","70-74",18,2
"mode","T2","80+",100,0
"mode","T2","80+",9,0
"mode","T1ab","80+",10,0
"poor","T1c","80+",81,0
"mode","T2","80+",8,1
"mode","T1c","66-69",108,0
"poor","T2","80+",18,0
"poor","T2","80+",71,0
"mode","T1c","75-79",19,0
"poor","T1ab","66-69",40,0
"poor","T2","80+",29,2
"mode","T1c","80+",9,0
"mode","T2","80+",14,2
"mode","T2","80+",51,0
"poor","T2","75-79",18,2
"mode","T2","80+",28,2
"mode","T1c","75-79",1,0
"mode","T1ab","80+",13,0
"mode","T1ab","80+",43,2
"mode","T1c","70-74",66,0
"mode","T2","80+",44,0
"mode","T2","75-79",104,0
"mode","T2","80+",28,0
"mode","T2","70-74",75,0
"mode","T1c","70-74",9,0
"poor","T2","70-74",16,0
"mode","T2","80+",18,0
"mode","T1ab","75-79",118,0
"poor","T2","75-79",5,1
"mode","T1c","80+",19,0
"mode","T2","80+",14,0
"mode","T1c","75-79",76,0
"mode","T1c","66-69",12,0
"mode","T1c","80+",19,2
"mode","T2","80+",37,0
"mode","T1ab","80+",17,0
"mode","T2","80+",3,2
"mode","T2","80+",59,2
"mode","T1ab","75-79",80,2
"poor","T2","80+",79,0
"poor","T1ab","80+",15,2
"mode","T1ab","80+",23,0
"mode","T2","75-79",14,0
"mode","T1ab","70-74",58,0
"mode","T2","80+",55,2
"mode","T1c","80+",23,0
"mode","T1c","75-79",12,2
"mode","T1c","70-74",87,0
"mode","T1ab","80+",4,0
"mode","T1c","75-79",118,0
"mode","T1c","75-79",29,0
"mode","T2","75-79",72,0
"mode","T1c","80+",39,0
"poor","T1ab","66-69",18,0
"mode","T1c","70-74",55,0
"mode","T1c","70-74",81,2
"mode","T1c","80+",31,0
"mode","T2","80+",17,0
"mode","T1c","75-79",75,0
"mode","T2","70-74",1,2
"mode","T2","80+",4,2
"mode","T1c","75-79",101,2
"poor","T2","80+",67,0
"mode","T1c","75-79",49,0
"poor","T2","75-79",26,1
"mode","T2","80+",27,1
"poor","T1c","75-79",74,0
"mode","T1ab","80+",15,0
"mode","T2","70-74",28,0
"mode","T1ab","75-79",2,0
"mode","T1c","70-74",26,0
"mode","T2","75-79",22,0
"mode","T2","75-79",27,0
"mode","T1ab","75-79",97,0
"mode","T1c","66-69",22,0
"mode","T1ab","80+",20,2
"mode","T2","75-79",22,2
"mode","T1c","70-74",7,0
"mode","T1ab","80+",92,2
"mode","T1ab","66-69",66,0
"mode","T2","80+",73,0
"mode","T1ab","80+",24,0
"mode","T1ab","75-79",13,0
"mode","T2","66-69",80,0
"mode","T1c","80+",67,0
"mode","T2","80+",13,0
"mode","T2","75-79",3,0
"mode","T1ab","66-69",59,0
"mode","T1c","66-69",18,0
"mode","T1ab","70-74",11,0
"mode","T1ab","66-69",21,0
"mode","T1ab","80+",45,2
"mode","T2","80+",37,2
"mode","T1c","80+",29,0
"mode","T2","70-74",70,0
"mode","T2","80+",4,0
"mode","T1c","70-74",3,0
"mode","T2","75-79",62,0
"mode","T2","75-79",9,2
"poor","T1ab","70-74",11,0
"mode","T1ab","75-79",57,0
"mode","T2","75-79",76,0
"poor","T1c","80+",90,0
"poor","T2","80+",29,0
"mode","T1ab","75-79",90,0
"mode","T1c","75-79",96,2
"mode","T1c","80+",88,0
"poor","T1c","75-79",35,0
"mode","T1c","80+",21,0
"mode","T1c","75-79",14,0
"poor","T1ab","80+",24,1
"mode","T1ab","80+",86,2
"mode","T2","80+",17,0
"mode","T2","80+",87,0
"mode","T1c","66-69",9,0
"mode","T2","75-79",65,0
"poor","T2","75-79",8,0
"mode","T1c","80+",29,0
"mode","T1c","66-69",6,0
"mode","T1c","80+",20,0
"poor","T1c","80+",75,0
"poor","T2","80+",13,0
"poor","T1ab","80+",32,1
"mode","T1ab","75-79",44,0
"poor","T2","80+",10,0
"mode","T2","70-74",21,0
"mode","T2","66-69",41,2
"mode","T2","66-69",41,2
"mode","T1ab","70-74",23,0
"mode","T1ab","80+",119,0
"poor","T2","75-79",69,2
"mode","T2","80+",84,2
"mode","T1c","70-74",29,2
"mode","T1c","80+",95,0
"mode","T2","70-74",16,0
"mode","T2","80+",62,2
"mode","T1ab","66-69",9,0
"mode","T2","80+",74,1
"poor","T1c","80+",59,2
"mode","T1c","80+",23,2
"mode","T2","70-74",2,0
"mode","T2","80+",65,0
"poor","T1c","75-79",2,0
"mode","T1c","70-74",22,0
"poor","T1ab","75-79",3,0
"mode","T1c","80+",22,0
"mode","T1c","75-79",88,0
"poor","T1ab","80+",51,0
"mode","T1c","75-79",97,0
"poor","T2","75-79",83,0
"poor","T1c","75-79",56,0
"mode","T1ab","80+",22,2
"mode","T2","70-74",10,0
"mode","T1c","70-74",106,0
"poor","T2","70-74",13,0
"mode","T2","75-79",16,2
"mode","T2","70-74",5,0
"mode","T1ab","75-79",57,0
"poor","T1c","80+",9,0
"mode","T1c","80+",10,2
"mode","T2","80+",10,1
"mode","T1c","80+",42,2
"mode","T2","75-79",46,1
"mode","T1ab","75-79",7,0
"mode","T1ab","66-69",26,0
"mode","T1ab","80+",10,0
"mode","T2","75-79",27,2
"poor","T1ab","80+",38,0
"poor","T2","66-69",13,0
"mode","T1c","75-79",3,0
"mode","T2","66-69",63,0
"mode","T2","80+",14,2
"mode","T1ab","75-79",10,0
"poor","T2","80+",57,1
"poor","T2","80+",8,0
"mode","T1ab","80+",32,0
"mode","T2","80+",5,1
"mode","T2","80+",5,0
"mode","T2","70-74",1,0
"mode","T2","75-79",52,2
"poor","T2","80+",16,0
"mode","T1c","75-79",56,1
"mode","T1c","75-79",87,0
"mode","T2","80+",0,0
"mode","T1c","80+",6,0
"poor","T2","75-79",2,0
"mode","T1ab","66-69",76,0
"mode","T2","80+",11,1
"mode","T2","75-79",36,0
"poor","T2","80+",57,2
"mode","T1ab","66-69",5,0
"mode","T1ab","70-74",119,0
"poor","T1ab","75-79",3,0
"mode","T1ab","75-79",37,0
"mode","T1c","75-79",77,0
"mode","T1c","80+",87,0
"mode","T1ab","70-74",26,0
"mode","T2","75-79",56,0
"mode","T1c","80+",38,1
"poor","T1ab","80+",16,0
"mode","T2","75-79",71,0
"mode","T2","70-74",18,0
"mode","T1ab","75-79",34,0
"mode","T2","80+",56,2
"poor","T2","70-74",57,1
"mode","T1ab","70-74",117,0
"mode","T1ab","70-74",22,0
"mode","T2","70-74",18,0
"mode","T2","75-79",102,0
"mode","T1c","66-69",117,0
"mode","T1c","70-74",32,0
"mode","T1ab","70-74",17,0
"poor","T2","75-79",19,0
"mode","T1ab","70-74",15,0
"mode","T1c","75-79",17,0
"mode","T1c","75-79",34,2
"mode","T2","66-69",62,0
"poor","T1ab","80+",49,1
"poor","T1c","70-74",37,0
"mode","T1ab","70-74",12,0
"mode","T2","70-74",7,0
"mode","T1ab","75-79",116,0
"mode","T1ab","70-74",97,0
"mode","T1ab","80+",32,0
"mode","T2","80+",21,0
"mode","T1c","70-74",27,0
"mode","T1c","80+",18,2
"poor","T1c","80+",2,2
"mode","T1ab","75-79",88,2
"mode","T2","75-79",10,0
"mode","T1c","66-69",21,0
"mode","T2","75-79",63,0
"mode","T2","80+",7,0
"mode","T1ab","75-79",41,2
"mode","T2","80+",13,0
"mode","T2","70-74",98,0
"mode","T1ab","80+",23,0
"mode","T1c","70-74",66,0
"mode","T1c","75-79",19,0
"mode","T1ab","75-79",29,0
"mode","T2","80+",11,0
"mode","T1ab","75-79",8,0
"mode","T1ab","80+",117,0
"mode","T2","70-74",5,0
"mode","T1ab","75-79",41,0
"mode","T2","75-79",45,1
"mode","T1c","70-74",57,0
"mode","T2","70-74",45,0
"mode","T1c","80+",5,0
"mode","T1c","75-79",70,0
"mode","T2","75-79",18,0
"mode","T1c","80+",92,0
"mode","T1c","70-74",11,0
"mode","T2","70-74",64,1
"mode","T2","80+",116,0
"mode","T2","80+",24,0
"mode","T1ab","80+",7,0
"mode","T2","80+",13,0
"mode","T2","80+",15,2
"mode","T2","80+",53,2
"poor","T1c","80+",81,0
"mode","T1c","75-79",5,0
"poor","T2","66-69",72,0
"mode","T1c","80+",12,0
"poor","T1ab","80+",26,0
"poor","T1c","75-79",1,2
"mode","T2","80+",26,0
"mode","T1ab","80+",24,0
"poor","T2","75-79",84,0
"mode","T1c","75-79",3,0
"mode","T2","70-74",74,0
"mode","T1c","80+",49,0
"mode","T1ab","80+",1,0
"mode","T2","66-69",2,0
"poor","T2","80+",23,0
"poor","T2","80+",10,2
"mode","T1c","75-79",103,0
"mode","T2","75-79",52,0
"mode","T2","70-74",49,0
"mode","T1ab","75-79",7,0
"mode","T2","75-79",41,2
"mode","T1c","75-79",76,0
"mode","T2","80+",11,0
"mode","T1c","75-79",20,0
"mode","T2","70-74",6,0
"mode","T2","66-69",17,0
"mode","T2","80+",5,0
"mode","T1ab","80+",7,0
"poor","T1c","80+",0,0
"poor","T1c","80+",46,2
"mode","T1c","80+",4,0
"mode","T1c","70-74",6,0
"mode","T2","70-74",17,0
"mode","T1c","80+",2,0
"mode","T1c","75-79",12,0
"mode","T1ab","66-69",24,0
"mode","T1ab","66-69",28,0
"poor","T2","80+",2,0
"poor","T2","70-74",57,0
"mode","T2","75-79",37,0
"mode","T2","75-79",22,0
"mode","T1ab","80+",2,0
"poor","T1c","80+",22,0
"mode","T1c","75-79",22,2
"poor","T2","80+",34,1
"mode","T2","75-79",21,0
"mode","T2","80+",11,0
"mode","T1c","70-74",22,0
"poor","T1c","75-79",99,0
"poor","T1c","80+",38,2
"mode","T1ab","80+",10,2
"poor","T1ab","80+",53,1
"mode","T1ab","66-69",71,0
"poor","T2","70-74",102,2
"poor","T1ab","75-79",26,0
"mode","T1c","70-74",60,0
"mode","T2","80+",108,0
"mode","T1c","75-79",36,0
"mode","T1ab","80+",11,2
"mode","T2","75-79",46,2
"poor","T2","80+",19,0
"mode","T1c","80+",33,0
"poor","T1c","66-69",104,2
"mode","T2","70-74",44,2
"mode","T2","80+",17,0
"mode","T1ab","70-74",16,0
"mode","T2","75-79",17,0
"poor","T1c","80+",27,2
"mode","T1c","75-79",15,2
"mode","T1c","75-79",93,0
"mode","T1c","75-79",63,0
"mode","T1c","70-74",58,0
"mode","T1c","70-74",106,0
"mode","T1c","70-74",72,0
"mode","T1c","75-79",67,2
"mode","T1ab","75-79",29,2
"mode","T1ab","80+",42,2
"poor","T2","75-79",51,0
"mode","T2","66-69",1,0
"mode","T1c","75-79",17,0
"mode","T1ab","80+",35,2
"poor","T2","80+",22,1
"poor","T1ab","75-79",36,1
"poor","T2","80+",88,0
"mode","T2","70-74",38,0
"poor","T2","80+",19,0
"mode","T1ab","75-79",15,2
"poor","T2","80+",87,0
"mode","T1ab","70-74",96,0
"poor","T2","75-79",58,1
"mode","T1ab","66-69",56,0
"mode","T1c","75-79",18,0
"mode","T1ab","80+",15,0
"mode","T1c","75-79",22,0
"poor","T1c","75-79",65,0
"mode","T1ab","70-74",83,2
"poor","T1ab","80+",2,0
"mode","T1ab","80+",6,0
"mode","T1ab","80+",29,2
"mode","T1c","70-74",51,0
"mode","T1ab","80+",6,2
"mode","T2","80+",18,0
"mode","T1c","80+",85,0
"mode","T2","70-74",69,2
"mode","T2","66-69",109,0
"poor","T1ab","80+",23,2
"mode","T2","66-69",76,2
"mode","T1ab","75-79",115,0
"poor","T1ab","80+",79,0
"mode","T2","75-79",20,2
"mode","T1ab","80+",11,2
"mode","T1c","80+",12,0
"mode","T2","80+",48,0
"poor","T2","75-79",49,0
"mode","T1ab","75-79",86,2
"mode","T1ab","70-74",11,0
"poor","T2","75-79",11,2
"poor","T2","80+",16,1
"mode","T1c","80+",9,0
"mode","T2","80+",24,0
"mode","T2","66-69",28,0
"mode","T1ab","70-74",19,0
"mode","T1c","70-74",39,2
"mode","T2","75-79",36,0
"mode","T2","75-79",106,0
"mode","T1c","80+",26,2
"poor","T1ab","75-79",2,0
"mode","T1c","70-74",4,0
"mode","T1c","70-74",109,0
"mode","T1c","75-79",63,0
"mode","T1c","80+",64,0
"mode","T1c","80+",89,0
"mode","T1c","80+",14,0
"mode","T2","66-69",19,0
"mode","T1c","80+",86,1
"mode","T1c","70-74",115,0
"mode","T2","80+",19,0
"mode","T2","66-69",26,0
"poor","T1c","80+",28,2
"mode","T1c","80+",80,0
"poor","T2","80+",73,2
"poor","T2","75-79",92,0
"mode","T2","80+",51,0
"poor","T2","75-79",11,0
"mode","T2","80+",28,1
"mode","T2","70-74",79,0
"mode","T1c","80+",7,0
"mode","T1ab","80+",20,0
"mode","T1c","80+",114,0
"mode","T1c","80+",17,0
"poor","T1c","70-74",30,0
"mode","T2","80+",4,0
"mode","T1c","66-69",59,2
"mode","T2","75-79",0,0
"mode","T2","70-74",32,0
"mode","T1ab","80+",98,2
"mode","T2","75-79",3,0
"mode","T2","75-79",22,2
"mode","T2","66-69",13,0
"poor","T2","80+",7,1
"poor","T1ab","66-69",32,0
"poor","T1ab","70-74",92,0
"mode","T2","80+",18,0
"mode","T1c","66-69",25,0
"mode","T1ab","75-79",43,0
"poor","T2","80+",24,2
"mode","T1c","75-79",93,0
"mode","T2","80+",9,0
"mode","T2","75-79",23,2
"poor","T1ab","80+",9,0
"mode","T1c","80+",7,0
"mode","T2","70-74",46,0
"mode","T2","80+",104,0
"mode","T2","75-79",31,2
"mode","T1ab","80+",82,2
"mode","T1ab","70-74",57,0
"mode","T1ab","66-69",107,0
"mode","T2","70-74",22,0
"mode","T1c","80+",2,0
"mode","T2","75-79",70,2
"mode","T1c","80+",21,0
"mode","T1ab","75-79",21,0
"mode","T1c","80+",46,0
"mode","T2","75-79",6,0
"mode","T1c","75-79",24,0
"mode","T1ab","80+",27,0
"mode","T1c","70-74",68,0
"mode","T1c","80+",0,0
"mode","T2","80+",53,1
"mode","T2","70-74",14,0
"mode","T2","75-79",23,0
"mode","T1ab","75-79",23,0
"mode","T2","75-79",1,0
"poor","T2","80+",2,0
"poor","T1c","80+",56,2
"mode","T1c","80+",45,0
"mode","T1ab","75-79",38,2
"mode","T2","75-79",85,0
"mode","T1ab","66-69",67,0
"mode","T1ab","80+",57,2
"poor","T2","75-79",38,2
"mode","T1ab","66-69",15,2
"mode","T1c","75-79",45,2
"mode","T1ab","80+",70,2
"mode","T2","70-74",0,0
"poor","T2","75-79",53,0
"poor","T2","75-79",8,0
"poor","T1c","66-69",17,0
"poor","T2","80+",42,2
"mode","T2","80+",15,0
"mode","T1c","75-79",76,0
"mode","T1c","80+",34,2
"poor","T1ab","80+",5,0
"mode","T1ab","70-74",37,0
"poor","T2","80+",10,0
"mode","T2","75-79",46,2
"mode","T2","75-79",21,0
"mode","T2","70-74",63,2
"mode","T2","75-79",30,0
"mode","T1c","66-69",87,0
"mode","T1c","80+",49,2
"mode","T2","80+",47,0
"mode","T1ab","80+",67,0
"mode","T1ab","70-74",14,0
"poor","T1ab","80+",11,0
"poor","T1ab","66-69",26,2
"mode","T1ab","66-69",1,0
"mode","T1c","75-79",40,0
"mode","T2","70-74",104,0
"mode","T1c","70-74",64,0
"mode","T2","75-79",17,0
"mode","T1ab","70-74",70,0
"mode","T1ab","70-74",74,0
"mode","T2","80+",99,2
"poor","T1ab","80+",13,2
"mode","T2","80+",58,0
"poor","T1c","75-79",20,0
"mode","T1c","75-79",113,0
"mode","T2","70-74",7,0
"poor","T1ab","75-79",18,2
"mode","T1ab","80+",77,0
"mode","T2","80+",53,0
"mode","T2","75-79",39,2
"mode","T2","75-79",15,2
"poor","T1ab","80+",24,2
"mode","T1ab","75-79",85,0
"mode","T2","80+",9,0
"mode","T2","70-74",8,0
"mode","T2","80+",33,2
"poor","T2","75-79",75,0
"mode","T1c","75-79",105,0
"mode","T2","80+",64,0
"mode","T2","80+",32,0
"mode","T1ab","80+",47,0
"mode","T1c","75-79",83,0
"poor","T2","75-79",17,0
"mode","T2","66-69",117,0
"mode","T2","80+",15,0
"poor","T1ab","80+",8,2
"poor","T2","80+",36,2
"mode","T1c","70-74",80,0
"mode","T2","80+",106,2
"poor","T1c","80+",13,0
"mode","T1ab","80+",63,2
"mode","T1ab","80+",33,0
"mode","T1c","70-74",113,2
"mode","T1c","70-74",68,0
"poor","T1c","80+",56,1
"mode","T2","80+",27,0
"mode","T2","70-74",56,0
"mode","T1ab","75-79",43,0
"mode","T2","80+",48,0
"mode","T1c","80+",67,2
"poor","T1c","70-74",4,0
"mode","T2","80+",21,0
"mode","T2","70-74",93,0
"mode","T1ab","75-79",113,0
"mode","T2","80+",32,0
"mode","T2","75-79",18,2
"mode","T1ab","80+",40,0
"mode","T1c","70-74",15,0
"poor","T1c","80+",55,0
"mode","T1c","80+",21,2
"mode","T1ab","75-79",33,0
"mode","T1ab","70-74",6,0
"mode","T2","80+",9,0
"poor","T2","75-79",43,0
"mode","T1c","75-79",1,0
"poor","T2","70-74",49,0
"mode","T2","80+",25,0
"mode","T1ab","70-74",17,0
"mode","T1ab","75-79",6,0
"mode","T2","80+",13,0
"mode","T2","75-79",27,0
"mode","T1c","80+",4,0
"mode","T1ab","80+",76,2
"mode","T2","75-79",37,2
"mode","T2","80+",19,0
"mode","T2","75-79",56,0
"poor","T1ab","75-79",9,1
"mode","T1c","75-79",40,0
"poor","T2","75-79",58,2
"mode","T1c","75-79",47,0
"mode","T1ab","70-74",12,0
"poor","T1c","80+",117,0
"mode","T2","80+",47,1
"mode","T1ab","66-69",53,0
"mode","T1ab","75-79",2,0
"poor","T2","80+",32,0
"mode","T1c","75-79",71,0
"mode","T2","75-79",46,0
"poor","T1ab","66-69",64,1
"mode","T2","75-79",10,0
"mode","T1ab","70-74",40,0
"mode","T1ab","70-74",16,2
"mode","T1c","80+",73,0
"mode","T2","66-69",24,0
"mode","T1ab","80+",43,0
"mode","T2","75-79",47,1
"mode","T1ab","66-69",16,0
"mode","T1c","66-69",11,0
"poor","T1c","75-79",15,0
"mode","T1ab","75-79",4,0
"mode","T2","80+",48,2
"poor","T1ab","80+",8,0
"mode","T1ab","75-79",13,0
"mode","T2","75-79",105,0
"mode","T1c","70-74",68,0
"mode","T2","75-79",32,0
"mode","T1ab","70-74",49,0
"poor","T1ab","80+",69,2
"poor","T1c","80+",21,0
"mode","T2","66-69",34,0
"poor","T1c","70-74",6,0
"poor","T2","70-74",18,0
"mode","T1ab","80+",77,0
"poor","T1ab","80+",18,2
"mode","T1c","80+",65,2
"mode","T1ab","70-74",103,0
"mode","T2","80+",95,0
"mode","T1c","75-79",13,0
"mode","T2","80+",69,2
"mode","T1ab","80+",5,1
"mode","T2","70-74",3,0
"poor","T2","70-74",8,0
"mode","T2","80+",29,2
"mode","T1c","66-69",44,0
"poor","T2","75-79",24,2
"mode","T1c","75-79",60,0
"mode","T1ab","66-69",5,0
"mode","T1c","70-74",27,0
"mode","T1c","80+",42,2
"mode","T2","75-79",9,0
"mode","T1c","80+",31,0
"mode","T1ab","70-74",85,2
"mode","T1ab","70-74",88,0
"poor","T2","70-74",56,0
"poor","T2","80+",5,1
"mode","T1ab","75-79",101,2
"poor","T1c","80+",0,0
"poor","T1c","80+",33,1
"mode","T1ab","80+",3,0
"mode","T1c","70-74",10,0
"mode","T2","80+",0,0
"mode","T1c","75-79",33,0
"mode","T1ab","70-74",9,0
"poor","T2","70-74",22,0
"mode","T2","75-79",24,0
"poor","T2","80+",22,0
"mode","T1ab","80+",85,0
"mode","T2","75-79",7,0
"mode","T2","70-74",58,2
"mode","T1c","70-74",21,0
"mode","T1ab","75-79",16,2
"poor","T2","75-79",57,0
"mode","T1ab","80+",32,1
"mode","T1c","66-69",83,0
"mode","T1c","70-74",40,2
"mode","T1c","66-69",89,0
"poor","T1ab","75-79",22,0
"mode","T2","80+",77,1
"poor","T1ab","66-69",33,0
"mode","T2","75-79",61,0
"mode","T1c","75-79",59,0
"mode","T1ab","66-69",7,0
"mode","T2","75-79",16,0
"mode","T1ab","66-69",38,0
"mode","T1c","80+",19,0
"poor","T1ab","80+",2,2
"poor","T1c","75-79",24,0
"mode","T1c","70-74",22,0
"mode","T1c","75-79",38,0
"mode","T2","70-74",6,0
"poor","T1ab","80+",11,0
"poor","T2","80+",56,1
"mode","T1ab","80+",24,2
"mode","T2","75-79",17,0
"mode","T1c","75-79",22,0
"poor","T2","80+",3,0
"mode","T2","80+",40,0
"mode","T1c","70-74",51,0
"mode","T1c","80+",42,0
"mode","T1ab","75-79",16,2
"mode","T2","70-74",37,0
"mode","T1c","80+",54,0
"poor","T2","80+",48,0
"mode","T2","80+",8,0
"mode","T1ab","75-79",1,0
"mode","T2","80+",2,0
"mode","T2","70-74",65,2
"mode","T2","80+",58,2
"poor","T1c","70-74",35,2
"poor","T2","80+",39,2
"poor","T2","80+",40,1
"mode","T1c","70-74",24,2
"mode","T1c","70-74",16,0
"mode","T1ab","70-74",9,0
"mode","T1ab","70-74",43,0
"poor","T2","75-79",66,1
"mode","T1ab","66-69",5,0
"mode","T2","70-74",50,0
"mode","T2","80+",17,0
"mode","T1c","80+",68,0
"mode","T1c","80+",8,0
"mode","T2","80+",28,0
"mode","T2","75-79",66,0
"poor","T1c","80+",61,2
"mode","T1ab","80+",26,1
"mode","T1c","80+",23,2
"mode","T1ab","80+",15,0
"mode","T1c","80+",64,2
"poor","T2","80+",19,2
"mode","T2","80+",92,2
"mode","T1c","80+",18,2
"mode","T2","80+",74,1
"mode","T1ab","70-74",30,0
"mode","T2","75-79",36,0
"mode","T1c","75-79",55,0
"mode","T1c","80+",55,0
"mode","T1c","66-69",82,0
"mode","T1ab","75-79",8,0
"poor","T1c","66-69",63,0
"mode","T1c","80+",5,0
"mode","T2","70-74",27,0
"mode","T2","75-79",36,2
"mode","T2","70-74",45,2
"mode","T1c","70-74",4,0
"mode","T2","75-79",57,0
"poor","T1c","80+",9,2
"mode","T2","80+",36,0
"poor","T2","75-79",53,0
"mode","T2","80+",15,0
"mode","T1ab","70-74",6,2
"mode","T2","70-74",18,0
"mode","T1c","80+",53,2
"mode","T1ab","66-69",24,0
"mode","T1c","80+",14,0
"mode","T2","80+",88,0
"mode","T1ab","75-79",23,0
"mode","T2","75-79",40,0
"mode","T1c","75-79",25,0
"poor","T1ab","75-79",35,1
"mode","T1c","66-69",29,0
"mode","T1ab","80+",40,2
"mode","T1c","70-74",8,0
"mode","T1c","75-79",66,0
"mode","T2","80+",16,0
"poor","T2","80+",13,0
"mode","T1ab","80+",31,2
"mode","T1ab","75-79",12,2
"poor","T2","70-74",44,1
"mode","T2","80+",30,0
"mode","T2","70-74",109,0
"mode","T2","70-74",2,0
"mode","T1ab","80+",2,0
"mode","T1ab","75-79",8,0
"mode","T1c","80+",48,1
"mode","T1c","75-79",55,0
"mode","T2","80+",10,0
"mode","T2","80+",80,0
"mode","T2","80+",30,2
"mode","T2","66-69",62,0
"mode","T1c","75-79",50,2
"poor","T2","66-69",20,0
"mode","T1ab","80+",54,0
"mode","T1c","70-74",99,2
"poor","T1c","80+",46,2
"mode","T1ab","80+",89,2
"mode","T2","75-79",63,0
"mode","T1c","80+",10,2
"mode","T1c","75-79",54,0
"mode","T1c","75-79",86,0
"mode","T2","80+",9,2
"mode","T2","80+",22,2
"poor","T1c","80+",50,2
"mode","T1ab","80+",51,2
"mode","T1ab","80+",45,2
"poor","T2","80+",26,2
"mode","T2","80+",87,1
"mode","T1c","70-74",76,0
"poor","T1c","75-79",34,0
"mode","T2","66-69",73,2
"mode","T2","70-74",101,0
"mode","T2","80+",13,0
"mode","T1ab","75-79",98,0
"mode","T2","66-69",40,0
"poor","T1c","75-79",5,0
"mode","T1c","75-79",81,2
"poor","T1ab","70-74",62,0
"poor","T2","80+",39,1
"mode","T1ab","80+",21,0
"mode","T1ab","70-74",1,0
"mode","T1c","66-69",9,0
"mode","T1c","75-79",108,0
"mode","T1ab","80+",15,0
"mode","T1c","80+",44,2
"mode","T2","70-74",21,0
"mode","T1ab","80+",2,0
"mode","T1c","80+",31,1
"mode","T1c","70-74",7,0
"poor","T1c","80+",27,2
"mode","T1ab","80+",13,0
"poor","T1ab","80+",37,0
"mode","T2","80+",44,2
"poor","T2","70-74",6,0
"mode","T2","66-69",18,0
"mode","T1c","66-69",92,0
"mode","T1c","80+",25,0
"mode","T2","80+",20,0
"mode","T2","75-79",67,2
"mode","T1ab","80+",54,0
"mode","T1ab","80+",9,0
"poor","T2","70-74",18,0
"mode","T2","80+",24,2
"mode","T1ab","66-69",18,0
"mode","T2","75-79",17,0
"mode","T1c","75-79",23,2
"poor","T2","75-79",75,0
"mode","T2","75-79",19,0
"mode","T1c","80+",48,0
"mode","T1ab","75-79",66,2
"mode","T1c","80+",5,0
"mode","T1ab","75-79",14,0
"mode","T1ab","80+",5,2
"poor","T2","75-79",100,0
"poor","T2","75-79",70,0
"mode","T1ab","70-74",16,0
"poor","T1ab","80+",8,1
"mode","T2","70-74",12,0
"poor","T1ab","70-74",13,0
"mode","T2","70-74",101,0
"mode","T1ab","66-69",9,0
"mode","T1c","80+",67,0
"mode","T1c","80+",44,0
"poor","T1c","80+",86,0
"mode","T2","66-69",71,0
"mode","T1ab","66-69",37,0
"mode","T1ab","80+",0,0
"poor","T1ab","80+",3,1
"mode","T1c","80+",7,2
"poor","T1ab","66-69",17,0
"mode","T2","70-74",107,0
"mode","T2","75-79",114,2
"mode","T2","80+",20,1
"mode","T2","75-79",103,0
"mode","T1c","80+",12,0
"poor","T2","75-79",32,2
"mode","T2","75-79",68,0
"mode","T2","80+",92,0
"poor","T1ab","80+",19,0
"mode","T1c","75-79",30,0
"mode","T2","66-69",40,1
"poor","T1c","80+",4,1
"mode","T1c","70-74",22,0
"mode","T2","80+",7,0
"mode","T2","75-79",34,0
"mode","T1ab","75-79",62,0
"poor","T2","80+",17,2
"mode","T1ab","80+",75,2
"poor","T2","75-79",51,1
"mode","T2","80+",11,0
"mode","T2","75-79",31,0
"mode","T1ab","80+",42,0
"mode","T1ab","80+",53,0
"mode","T1c","75-79",75,2
"poor","T1c","75-79",11,0
"mode","T1ab","70-74",11,0
"mode","T2","75-79",5,0
"poor","T2","80+",7,1
"mode","T1ab","80+",13,2
"mode","T1c","80+",35,0
"mode","T1c","80+",14,0
"mode","T1c","70-74",22,0
"mode","T1ab","70-74",17,0
"mode","T1ab","80+",9,0
"mode","T1c","80+",2,0
"poor","T2","80+",12,0
"mode","T1ab","80+",44,0
"mode","T1ab","80+",19,2
"poor","T1ab","75-79",17,1
"mode","T2","80+",47,0
"poor","T1ab","75-79",112,0
"mode","T2","66-69",23,0
"mode","T2","80+",47,2
"mode","T1ab","80+",60,2
"mode","T2","80+",33,0
"poor","T2","66-69",56,0
"mode","T2","80+",41,2
"mode","T2","80+",56,0
"poor","T1c","80+",41,0
"poor","T1c","80+",108,0
"mode","T1c","75-79",77,0
"mode","T1ab","70-74",17,2
"poor","T2","75-79",90,0
"poor","T1ab","80+",17,1
"mode","T1c","80+",25,0
"mode","T1c","70-74",47,0
"mode","T2","75-79",60,0
"mode","T2","70-74",15,0
"mode","T1c","80+",24,1
"mode","T2","75-79",45,0
"mode","T1ab","66-69",61,0
"mode","T1ab","75-79",30,2
"poor","T2","80+",22,1
"mode","T2","70-74",89,0
"mode","T1ab","80+",7,1
"mode","T1ab","75-79",14,2
"mode","T1c","66-69",29,0
"mode","T2","80+",10,0
"mode","T1c","75-79",7,0
"mode","T1ab","80+",20,2
"poor","T2","70-74",11,1
"mode","T1c","70-74",106,0
"mode","T2","80+",25,2
"mode","T2","70-74",43,0
"mode","T1c","70-74",17,0
"poor","T2","70-74",100,0
"poor","T1ab","75-79",20,1
"mode","T1c","70-74",20,2
"mode","T1c","75-79",53,2
"mode","T1ab","70-74",35,0
"mode","T2","80+",9,0
"mode","T1ab","80+",56,2
"mode","T1ab","75-79",22,0
"mode","T2","75-79",17,0
"mode","T1c","80+",79,0
"mode","T1ab","66-69",64,2
"mode","T2","66-69",13,0
"poor","T1c","80+",19,0
"mode","T1ab","70-74",97,0
"mode","T2","70-74",48,0
"mode","T2","70-74",45,0
"mode","T1ab","75-79",119,0
"mode","T2","70-74",61,0
"mode","T2","80+",88,2
"mode","T1c","80+",108,0
"poor","T1ab","75-79",67,2
"mode","T2","75-79",26,0
"mode","T1c","75-79",18,0
"mode","T1ab","75-79",52,0
"poor","T2","80+",6,0
"poor","T2","75-79",38,0
"mode","T1ab","75-79",91,2
"mode","T2","80+",17,2
"mode","T1c","70-74",56,0
"poor","T1c","80+",65,2
"mode","T1ab","75-79",55,0
"mode","T2","75-79",16,0
"mode","T1c","80+",80,0
"poor","T1c","75-79",67,2
"mode","T2","70-74",92,0
"mode","T1c","70-74",78,0
"mode","T1ab","75-79",66,0
"mode","T2","80+",43,2
"mode","T1c","80+",19,0
"mode","T2","75-79",77,0
"mode","T1c","80+",34,0
"mode","T1c","70-74",91,0
"mode","T1ab","70-74",5,0
"mode","T1c","70-74",1,0
"poor","T2","80+",50,2
"mode","T1c","70-74",3,0
"mode","T1ab","80+",10,0
"mode","T2","80+",15,2
"mode","T2","75-79",13,0
"mode","T2","70-74",15,0
"mode","T1ab","80+",104,0
"mode","T2","80+",118,0
"poor","T2","80+",15,0
"mode","T1c","75-79",29,2
"mode","T1ab","75-79",90,2
"mode","T2","80+",86,0
"poor","T1c","75-79",24,2
"mode","T1c","75-79",2,0
"mode","T1ab","80+",54,2
"mode","T2","75-79",34,0
"mode","T1ab","70-74",11,0
"mode","T2","70-74",47,0
"mode","T2","75-79",20,0
"poor","T2","80+",11,1
"mode","T1ab","66-69",99,2
"mode","T2","70-74",5,0
"mode","T1c","70-74",40,0
"mode","T1c","80+",18,0
"mode","T2","66-69",62,0
"poor","T2","80+",22,0
"mode","T1ab","75-79",40,2
"mode","T2","75-79",56,0
"mode","T1c","70-74",30,0
"poor","T1ab","80+",7,1
"poor","T2","75-79",3,0
"mode","T2","75-79",14,0
"poor","T2","80+",28,0
"mode","T1c","75-79",59,0
"mode","T1ab","80+",21,2
"poor","T2","75-79",106,0
"mode","T1ab","75-79",27,2
"mode","T2","80+",17,0
"mode","T2","70-74",47,0
"mode","T1ab","80+",14,0
"mode","T1ab","75-79",45,2
"mode","T2","70-74",59,0
"mode","T2","75-79",54,1
"poor","T1c","75-79",108,0
"mode","T1ab","80+",25,0
"mode","T2","66-69",54,0
"mode","T1c","70-74",104,0
"mode","T2","66-69",59,0
"mode","T1c","80+",89,0
"mode","T1ab","80+",36,0
"poor","T1c","70-74",23,0
"mode","T1ab","70-74",21,2
"mode","T1c","80+",52,0
"mode","T2","80+",18,0
"mode","T1ab","75-79",31,2
"mode","T1ab","80+",6,0
"poor","T2","80+",16,2
"mode","T1c","66-69",19,0
"mode","T2","75-79",92,0
"mode","T1c","80+",21,0
"mode","T2","66-69",31,2
"mode","T1c","70-74",50,1
"mode","T1ab","66-69",18,0
"mode","T1ab","80+",110,0
"mode","T1c","75-79",22,2
"mode","T1ab","80+",18,2
"mode","T1c","75-79",106,0
"mode","T2","75-79",10,0
"mode","T1ab","75-79",25,2
"mode","T2","70-74",3,0
"mode","T2","66-69",6,0
"mode","T1c","80+",111,0
"mode","T1c","66-69",95,0
"mode","T1c","75-79",22,0
"mode","T1c","80+",13,2
"poor","T1c","80+",33,2
"mode","T1ab","75-79",74,2
"mode","T2","70-74",23,2
"mode","T1ab","75-79",92,0
"mode","T1c","70-74",96,0
"mode","T2","80+",0,0
"mode","T2","75-79",19,0
"mode","T2","75-79",43,2
"mode","T2","70-74",89,0
"mode","T1ab","75-79",83,0
"mode","T1ab","80+",2,0
"poor","T1ab","80+",30,2
"mode","T2","75-79",3,0
"mode","T2","80+",99,0
"mode","T2","80+",53,0
"mode","T1c","70-74",30,2
"mode","T1ab","70-74",4,0
"poor","T1c","66-69",20,2
"mode","T2","80+",73,0
"mode","T2","75-79",111,0
"mode","T2","80+",85,0
"mode","T1ab","66-69",1,0
"mode","T2","80+",47,1
"mode","T1ab","66-69",50,0
"mode","T2","66-69",0,0
"mode","T1ab","80+",11,2
"mode","T1ab","80+",46,2
"mode","T1ab","80+",3,0
"mode","T2","80+",82,0
"poor","T2","66-69",9,0
"mode","T2","75-79",30,0
"poor","T2","75-79",7,1
"mode","T2","70-74",2,0
"poor","T1c","80+",33,0
"mode","T1ab","75-79",82,0
"poor","T1ab","80+",0,0
"mode","T1ab","75-79",3,2
"mode","T1ab","80+",43,0
"mode","T1ab","66-69",104,0
"poor","T2","80+",4,1
"mode","T2","80+",12,0
"mode","T1c","75-79",44,0
"poor","T2","80+",16,1
"mode","T2","80+",28,0
"mode","T1c","80+",0,0
"mode","T1c","80+",15,0
"mode","T1ab","80+",55,2
"mode","T2","70-74",85,0
"mode","T2","80+",33,1
"mode","T1ab","75-79",66,0
"mode","T1ab","80+",17,0
"poor","T1ab","80+",12,1
"mode","T2","75-79",102,0
"poor","T2","75-79",50,2
"mode","T2","75-79",102,0
"mode","T1ab","80+",10,1
"poor","T2","70-74",92,0
"mode","T2","80+",83,2
"mode","T2","80+",55,0
"mode","T1ab","70-74",6,0
"mode","T2","75-79",55,0
"mode","T1ab","80+",4,0
"poor","T2","80+",17,0
"mode","T1c","80+",102,0
"mode","T1c","66-69",18,0
"mode","T2","75-79",7,0
"mode","T2","70-74",18,0
"mode","T2","80+",7,0
"mode","T1ab","75-79",12,0
"mode","T1c","75-79",91,0
"mode","T2","66-69",8,0
"mode","T1c","70-74",36,0
"mode","T2","80+",21,0
"mode","T1ab","80+",0,0
"poor","T2","80+",12,1
"mode","T1ab","80+",6,0
"poor","T1ab","75-79",33,2
"poor","T1ab","80+",43,0
"mode","T1ab","70-74",52,0
"mode","T1ab","75-79",60,0
"mode","T1c","70-74",6,0
"mode","T1ab","75-79",61,0
"poor","T1c","80+",22,0
"mode","T1ab","70-74",15,0
"mode","T2","80+",56,2
"mode","T2","80+",2,2
"mode","T1c","80+",20,0
"mode","T2","75-79",16,0
"mode","T1c","66-69",10,0
"mode","T2","70-74",93,2
"poor","T2","70-74",28,2
"poor","T2","80+",0,0
"mode","T1c","80+",62,2
"mode","T1c","80+",51,2
"mode","T1ab","80+",71,0
"mode","T1c","80+",21,0
"mode","T1c","80+",5,0
"poor","T2","75-79",2,0
"mode","T2","80+",20,2
"mode","T1ab","75-79",78,2
"mode","T1ab","70-74",62,0
"mode","T2","75-79",15,2
"mode","T1ab","75-79",59,0
"poor","T2","66-69",10,2
"poor","T2","80+",69,2
"mode","T2","70-74",31,2
"mode","T1ab","80+",21,0
"mode","T2","70-74",34,0
"mode","T1ab","70-74",4,0
"mode","T1ab","75-79",81,0
"mode","T1ab","80+",24,2
"mode","T1c","80+",112,0
"mode","T2","70-74",14,0
"mode","T1ab","75-79",22,0
"mode","T2","70-74",14,0
"mode","T1ab","80+",55,0
"poor","T1c","75-79",23,0
"mode","T1c","80+",12,0
"mode","T1ab","80+",46,2
"mode","T2","70-74",84,0
"mode","T1ab","80+",1,0
"mode","T1c","70-74",34,0
"mode","T1ab","80+",101,2
"mode","T1c","70-74",95,0
"mode","T2","80+",4,1
"mode","T2","70-74",11,0
"poor","T2","80+",24,0
"mode","T1c","75-79",12,2
"poor","T1c","75-79",47,0
"poor","T1c","80+",60,0
"mode","T2","75-79",48,0
"mode","T2","70-74",77,0
"mode","T2","75-79",85,0
"mode","T2","70-74",7,0
"poor","T2","70-74",44,0
"mode","T1ab","80+",11,0
"poor","T2","75-79",51,2
"mode","T1c","75-79",37,0
"mode","T1c","70-74",73,2
"mode","T1c","70-74",53,0
"mode","T2","70-74",89,0
"poor","T2","75-79",4,0
"poor","T2","70-74",66,2
"mode","T1c","75-79",95,0
"mode","T1c","80+",16,0
"poor","T2","80+",53,0
"mode","T1c","66-69",26,0
"poor","T1c","75-79",78,0
"mode","T1c","80+",1,0
"poor","T2","70-74",100,0
"mode","T1c","70-74",43,0
"mode","T1ab","80+",15,0
"mode","T2","80+",52,2
"mode","T2","80+",14,0
"mode","T1ab","80+",54,0
"mode","T1c","75-79",6,0
"mode","T1ab","80+",23,0
"mode","T1ab","70-74",14,0
"mode","T2","70-74",51,0
"mode","T1ab","70-74",35,0
"mode","T2","80+",14,0
"poor","T1c","75-79",19,0
"mode","T2","70-74",99,0
"mode","T1c","80+",63,2
"poor","T2","80+",37,0
"poor","T1c","80+",34,0
"poor","T2","80+",19,0
"mode","T1ab","70-74",7,0
"mode","T2","75-79",15,0
"poor","T1c","75-79",39,0
"mode","T1c","75-79",72,0
"poor","T1c","75-79",1,0
"poor","T2","70-74",3,0
"mode","T2","80+",20,0
"mode","T2","80+",43,0
"poor","T1ab","80+",23,0
"mode","T2","66-69",34,0
"mode","T1c","70-74",43,0
"poor","T1ab","80+",12,0
"mode","T1ab","75-79",11,0
"mode","T2","80+",1,2
"poor","T2","80+",9,1
"mode","T2","66-69",55,0
"mode","T1c","75-79",47,0
"mode","T1ab","80+",64,2
"mode","T2","70-74",3,0
"mode","T1ab","80+",31,1
"poor","T2","75-79",13,0
"mode","T1c","70-74",118,0
"poor","T2","80+",5,0
"poor","T2","80+",16,0
"mode","T2","75-79",56,1
"poor","T1c","70-74",4,2
"mode","T1c","75-79",8,0
"mode","T1ab","80+",25,2
"poor","T1c","70-74",20,0
"mode","T1ab","80+",34,0
"poor","T1c","75-79",56,0
"mode","T2","75-79",100,0
"mode","T1c","80+",56,0
"mode","T1c","75-79",81,0
"mode","T2","80+",41,0
"mode","T1c","70-74",25,2
"mode","T2","75-79",53,0
"mode","T2","70-74",22,2
"mode","T1ab","70-74",15,0
"mode","T2","66-69",39,0
"mode","T2","80+",53,1
"mode","T1ab","80+",54,2
"mode","T1ab","66-69",23,0
"mode","T1ab","80+",32,2
"mode","T2","75-79",50,0
"poor","T2","66-69",87,0
"poor","T2","66-69",30,2
"mode","T1ab","75-79",10,0
"mode","T1c","75-79",23,0
"mode","T1c","80+",14,0
"mode","T2","80+",26,2
"mode","T2","80+",22,2
"poor","T2","80+",15,0
"mode","T2","70-74",25,0
"poor","T2","80+",51,2
"poor","T2","70-74",6,0
"mode","T1c","75-79",41,0
"mode","T1ab","75-79",51,2
"mode","T1ab","75-79",52,2
"mode","T1ab","75-79",3,2
"mode","T1ab","80+",3,0
"mode","T1c","75-79",4,0
"poor","T1ab","75-79",40,1
"poor","T1c","80+",101,0
"poor","T2","80+",33,0
"mode","T1c","75-79",91,2
"mode","T1c","80+",91,0
"poor","T1c","75-79",6,1
"mode","T1c","66-69",23,0
"poor","T1c","75-79",45,0
"mode","T1c","70-74",94,0
"mode","T2","80+",28,0
"mode","T2","80+",15,2
"mode","T1ab","80+",6,0
"mode","T1ab","80+",79,0
"poor","T1ab","80+",32,0
"mode","T2","75-79",3,0
"mode","T1c","66-69",23,0
"poor","T2","80+",0,0
"mode","T2","75-79",12,0
"mode","T1c","70-74",19,0
"mode","T2","75-79",11,0
"mode","T1c","66-69",37,0
"mode","T1c","66-69",10,0
"poor","T2","80+",11,0
"mode","T2","75-79",44,2
"mode","T1c","75-79",18,0
"mode","T1c","75-79",12,0
"mode","T1ab","70-74",9,0
"mode","T1ab","66-69",62,0
"mode","T1ab","70-74",23,0
"mode","T2","75-79",119,0
"mode","T2","70-74",114,0
"mode","T1ab","80+",40,0
"mode","T2","66-69",46,2
"mode","T1ab","66-69",29,0
"mode","T1c","70-74",8,0
"mode","T1c","80+",36,2
"poor","T1c","75-79",94,0
"poor","T1c","70-74",43,0
"poor","T1c","80+",16,0
"mode","T1c","80+",55,2
"mode","T1ab","80+",19,0
"mode","T1ab","80+",80,0
"mode","T1c","75-79",93,1
"poor","T2","80+",18,0
"mode","T1c","66-69",103,0
"mode","T1c","70-74",31,0
"mode","T1c","75-79",60,0
"mode","T2","75-79",4,0
"poor","T1c","80+",51,2
"mode","T2","75-79",1,0
"mode","T2","80+",59,1
"mode","T2","75-79",6,0
"poor","T2","75-79",60,0
"mode","T1ab","80+",11,2
"mode","T1c","66-69",91,0
"mode","T2","80+",33,1
"poor","T1ab","80+",43,2
"mode","T2","70-74",20,2
"poor","T2","80+",29,0
"mode","T1ab","66-69",117,0
"poor","T1ab","70-74",18,0
"poor","T1c","66-69",6,0
"poor","T2","80+",14,0
"mode","T1ab","75-79",53,2
"mode","T1c","70-74",23,0
"poor","T2","80+",32,1
"poor","T2","80+",62,1
"mode","T1ab","75-79",16,0
"mode","T1ab","70-74",27,0
"mode","T1c","80+",4,0
"mode","T2","70-74",17,0
"mode","T1ab","70-74",109,0
"mode","T2","70-74",107,0
"mode","T1c","80+",43,0
"mode","T2","75-79",75,2
"mode","T1ab","70-74",13,0
"mode","T1ab","75-79",27,0
"poor","T2","70-74",83,0
"mode","T1ab","80+",1,0
"poor","T1c","80+",23,0
"poor","T1ab","75-79",76,0
"mode","T1c","75-79",31,0
"poor","T1c","75-79",24,1
"mode","T1ab","75-79",16,2
"mode","T1ab","70-74",74,0
"mode","T1ab","80+",78,2
"poor","T2","80+",1,0
"mode","T2","80+",16,0
"mode","T2","70-74",19,0
"mode","T2","75-79",65,0
"mode","T1c","80+",51,0
"poor","T1ab","80+",58,0
"mode","T1c","75-79",111,0
"poor","T1ab","75-79",13,0
"mode","T1c","70-74",25,0
"mode","T1c","70-74",66,0
"mode","T1ab","80+",56,2
"mode","T2","80+",5,0
"mode","T1ab","70-74",115,0
"poor","T2","80+",16,0
"mode","T1c","80+",11,0
"mode","T1c","80+",15,0
"mode","T1ab","75-79",18,0
"mode","T1ab","75-79",2,0
"mode","T2","80+",28,0
"mode","T1c","75-79",38,0
"mode","T2","70-74",0,0
"mode","T2","80+",40,2
"mode","T2","66-69",105,0
"mode","T1ab","75-79",34,2
"mode","T1c","80+",50,0
"mode","T1c","80+",54,0
"mode","T2","80+",7,0
"mode","T2","80+",89,0
"mode","T2","75-79",4,0
"poor","T1c","70-74",79,0
"mode","T1ab","80+",45,2
"mode","T1ab","80+",12,0
"mode","T2","75-79",80,2
"poor","T1c","75-79",3,0
"poor","T1c","80+",19,0
"poor","T2","80+",81,0
"mode","T1ab","80+",11,0
"mode","T1c","80+",51,0
"poor","T2","75-79",80,0
"mode","T2","70-74",59,2
"mode","T1c","66-69",25,2
"poor","T2","70-74",74,0
"mode","T1ab","75-79",18,0
"poor","T1ab","80+",10,0
"mode","T1c","75-79",25,0
"mode","T2","70-74",9,0
"mode","T2","80+",58,0
"mode","T1ab","66-69",33,0
"mode","T1c","75-79",23,0
"mode","T1ab","80+",91,0
"poor","T1c","75-79",3,2
"mode","T2","80+",35,0
"mode","T1c","75-79",8,0
"poor","T1c","80+",13,0
"mode","T1ab","75-79",37,0
"mode","T1c","70-74",13,0
"poor","T2","75-79",28,0
"poor","T1ab","80+",4,0
"mode","T1c","70-74",35,0
"mode","T1c","75-79",20,0
"mode","T1c","75-79",5,0
"mode","T1c","80+",12,0
"mode","T1ab","80+",22,0
"mode","T1c","75-79",9,0
"mode","T1c","80+",4,0
"poor","T1ab","80+",87,2
"mode","T1ab","70-74",0,0
"mode","T1c","70-74",20,0
"mode","T2","66-69",58,0
"mode","T2","80+",1,0
"mode","T1ab","80+",17,0
"mode","T1c","70-74",99,0
"mode","T2","75-79",6,0
"mode","T1ab","70-74",1,0
"mode","T1ab","70-74",31,0
"poor","T2","80+",18,2
"mode","T1ab","80+",83,0
"poor","T2","80+",36,1
"poor","T1c","80+",48,1
"mode","T1ab","80+",9,0
"poor","T2","80+",18,1
"mode","T1ab","70-74",7,0
"poor","T2","70-74",0,0
"mode","T2","70-74",21,0
"poor","T2","80+",23,2
"mode","T1ab","80+",25,0
"poor","T1ab","80+",110,0
"mode","T2","80+",29,0
"mode","T1ab","70-74",44,0
"mode","T1ab","80+",30,2
"mode","T1c","80+",99,0
"mode","T2","75-79",14,2
"mode","T2","66-69",8,0
"mode","T1c","70-74",71,2
"mode","T1c","66-69",8,0
"mode","T2","80+",44,2
"mode","T1c","80+",28,0
"mode","T1ab","75-79",19,2
"mode","T1ab","80+",55,0
"mode","T2","80+",14,1
"mode","T1ab","80+",20,0
"poor","T2","75-79",1,0
"mode","T1ab","70-74",11,2
"mode","T1ab","80+",6,0
"mode","T1c","80+",74,0
"mode","T1ab","70-74",2,0
"mode","T2","80+",19,0
"poor","T1c","80+",46,0
"mode","T2","80+",61,2
"mode","T2","70-74",13,0
"mode","T1ab","70-74",54,2
"poor","T1ab","70-74",8,0
"mode","T2","75-79",36,0
"poor","T2","80+",0,0
"mode","T2","75-79",15,1
"poor","T2","70-74",0,0
"mode","T2","75-79",4,0
"mode","T2","70-74",2,0
"mode","T2","66-69",69,0
"mode","T1c","80+",10,0
"mode","T1c","80+",23,0
"mode","T2","80+",32,1
"mode","T1ab","70-74",106,0
"poor","T1ab","66-69",61,0
"mode","T1ab","75-79",77,1
"mode","T1c","75-79",7,0
"mode","T2","75-79",11,2
"poor","T1ab","80+",110,0
"mode","T2","80+",22,0
"mode","T2","70-74",41,0
"poor","T1ab","80+",48,0
"poor","T1c","70-74",34,2
"mode","T2","75-79",8,0
"mode","T1c","66-69",48,0
"mode","T1c","70-74",103,0
"mode","T1c","75-79",22,0
"poor","T2","70-74",8,2
"mode","T2","80+",30,2
"mode","T1c","75-79",19,2
"mode","T1c","66-69",46,0
"poor","T2","80+",45,0
"mode","T1c","70-74",11,0
"poor","T1c","80+",97,0
"mode","T1c","70-74",78,0
"mode","T1ab","70-74",116,0
"mode","T1ab","70-74",22,0
"mode","T2","70-74",1,0
"mode","T2","80+",49,2
"mode","T1c","75-79",17,0
"mode","T1c","75-79",11,0
"poor","T2","80+",43,0
"mode","T1c","66-69",88,0
"mode","T1c","80+",11,0
"mode","T1ab","75-79",38,0
"mode","T1ab","80+",2,0
"mode","T1c","75-79",57,0
"mode","T2","70-74",23,2
"mode","T1ab","75-79",13,0
"mode","T1ab","75-79",51,0
"mode","T2","75-79",26,2
"mode","T1ab","70-74",97,0
"mode","T2","70-74",51,0
"poor","T1ab","75-79",1,0
"mode","T2","66-69",12,0
"mode","T2","75-79",44,0
"mode","T1c","75-79",37,0
"poor","T2","80+",37,1
"mode","T1c","80+",13,0
"mode","T2","70-74",72,0
"poor","T1c","80+",31,0
"mode","T1c","66-69",68,0
"mode","T2","75-79",21,0
"mode","T2","75-79",12,0
"mode","T1c","80+",12,1
"mode","T1ab","80+",84,2
"mode","T1ab","80+",95,0
"mode","T1ab","66-69",11,0
"poor","T1c","80+",26,1
"mode","T1ab","66-69",68,0
"mode","T1ab","80+",75,2
"mode","T2","75-79",38,0
"mode","T1c","80+",7,0
"poor","T1c","80+",5,0
"mode","T1c","80+",77,2
"poor","T1ab","70-74",40,2
"mode","T1c","75-79",23,0
"poor","T1c","80+",21,0
"poor","T1c","80+",51,2
"poor","T2","66-69",22,2
"mode","T2","75-79",45,2
"poor","T1c","80+",27,0
"mode","T1c","80+",67,0
"poor","T1ab","75-79",12,0
"mode","T1ab","75-79",54,2
"poor","T1ab","80+",65,1
"poor","T2","80+",20,0
"mode","T1ab","70-74",2,0
"poor","T1c","66-69",42,0
"mode","T2","80+",6,0
"mode","T1ab","75-79",15,2
"mode","T1ab","70-74",64,0
"mode","T1c","66-69",20,2
"mode","T2","80+",33,0
"mode","T1ab","75-79",24,0
"poor","T2","70-74",43,0
"mode","T1ab","75-79",68,0
"mode","T1ab","66-69",19,0
"mode","T1c","80+",61,0
"mode","T2","75-79",37,2
"mode","T1c","66-69",6,0
"mode","T1c","70-74",72,0
"mode","T1ab","80+",79,2
"mode","T1ab","80+",25,2
"mode","T1c","70-74",88,0
"poor","T1ab","80+",70,0
"poor","T1c","70-74",8,0
"poor","T1ab","80+",13,1
"poor","T2","75-79",9,2
"poor","T2","80+",15,2
"mode","T2","75-79",63,2
"mode","T1ab","75-79",38,0
"mode","T2","75-79",51,0
"poor","T2","70-74",31,2
"mode","T1c","75-79",22,0
"poor","T1c","80+",59,0
"mode","T1ab","80+",44,0
"poor","T1c","80+",60,0
"mode","T1c","66-69",76,0
"poor","T2","75-79",18,0
"mode","T1c","75-79",83,2
"mode","T2","66-69",51,2
"mode","T1c","80+",89,0
"poor","T1ab","80+",50,1
"mode","T2","66-69",6,0
"mode","T1ab","80+",34,2
"mode","T1c","75-79",53,0
"mode","T1c","80+",55,2
"mode","T2","75-79",5,0
"mode","T1c","66-69",56,0
"poor","T2","80+",34,0
"poor","T2","75-79",9,0
"poor","T1ab","80+",15,0
"mode","T2","75-79",22,0
"poor","T1c","66-69",32,0
"mode","T1ab","75-79",12,0
"poor","T1c","75-79",82,0
"mode","T1c","70-74",27,0
"mode","T1ab","80+",15,0
"mode","T2","75-79",79,0
"mode","T2","80+",107,0
"mode","T2","80+",6,0
"poor","T1ab","80+",103,1
"mode","T2","75-79",42,0
"mode","T2","70-74",20,0
"mode","T1c","80+",31,0
"poor","T1c","75-79",25,2
"mode","T2","80+",18,0
"mode","T1c","80+",69,0
"mode","T1c","66-69",42,0
"mode","T2","75-79",32,0
"mode","T1ab","75-79",81,0
"mode","T2","70-74",21,0
"poor","T1ab","80+",23,2
"mode","T1ab","75-79",18,0
"poor","T1c","66-69",43,0
"mode","T1ab","75-79",16,0
"mode","T2","80+",13,0
"mode","T1ab","80+",52,0
"poor","T1ab","80+",21,0
"mode","T2","75-79",65,0
"mode","T2","75-79",56,2
"mode","T1c","70-74",89,0
"mode","T1ab","70-74",10,0
"mode","T1c","80+",50,1
"mode","T1ab","80+",13,0
"mode","T2","70-74",25,0
"mode","T1c","80+",10,0
"poor","T1c","75-79",112,0
"mode","T2","80+",14,0
"mode","T1c","70-74",5,0
"mode","T2","80+",15,0
"mode","T2","80+",92,2
"mode","T1c","75-79",38,0
"mode","T2","70-74",17,0
"mode","T2","80+",22,2
"mode","T1c","80+",20,2
"mode","T1c","75-79",65,0
"mode","T1c","70-74",9,0
"mode","T1c","75-79",22,0
"poor","T1ab","80+",22,2
"poor","T2","75-79",6,0
"mode","T2","75-79",15,2
"mode","T1c","80+",13,0
"mode","T1ab","75-79",103,0
"mode","T1ab","80+",103,0
"mode","T2","75-79",23,2
"mode","T2","66-69",12,0
"mode","T2","75-79",5,0
"mode","T2","80+",16,0
"mode","T1c","70-74",91,0
"mode","T2","66-69",10,0
"mode","T1c","75-79",73,0
"mode","T2","75-79",0,0
"mode","T1c","80+",116,0
"mode","T2","75-79",46,2
"poor","T1c","70-74",66,0
"mode","T1ab","80+",32,0
"poor","T2","80+",2,0
"mode","T2","70-74",55,0
"poor","T2","70-74",63,0
"mode","T1c","66-69",16,0
"mode","T1ab","75-79",24,0
"mode","T1ab","75-79",2,2
"mode","T2","75-79",9,0
"mode","T1ab","70-74",103,0
"mode","T1ab","80+",94,2
"mode","T1c","75-79",61,0
"mode","T2","80+",42,2
"poor","T2","80+",5,0
"poor","T1ab","80+",21,0
"poor","T1ab","80+",85,0
"mode","T1ab","80+",24,2
"poor","T2","70-74",24,2
"poor","T1ab","80+",21,0
"poor","T2","70-74",31,1
"mode","T2","70-74",71,0
"mode","T2","70-74",100,0
"mode","T1c","75-79",70,2
"mode","T2","70-74",98,0
"mode","T1ab","80+",10,0
"mode","T2","80+",79,0
"mode","T2","80+",36,0
"mode","T2","80+",41,2
"mode","T1c","66-69",26,0
"poor","T1ab","80+",41,0
"mode","T1ab","80+",33,0
"mode","T1ab","80+",32,0
"poor","T2","75-79",1,0
"mode","T2","80+",16,2
"mode","T1ab","80+",74,2
"mode","T1ab","75-79",60,2
"mode","T1ab","75-79",19,0
"mode","T2","70-74",3,0
"poor","T2","75-79",73,0
"mode","T1ab","80+",17,2
"mode","T2","80+",86,2
"mode","T1c","80+",103,0
"mode","T1ab","70-74",83,0
"poor","T1c","80+",54,0
"mode","T1ab","75-79",14,0
"mode","T1ab","80+",80,0
"mode","T1c","66-69",67,0
"mode","T1ab","70-74",45,0
"mode","T1c","70-74",7,0
"mode","T1c","75-79",97,0
"poor","T2","70-74",30,0
"mode","T1c","80+",6,0
"mode","T1c","66-69",60,0
"poor","T1ab","80+",10,2
"poor","T1ab","80+",25,0
"mode","T1ab","80+",13,0
"mode","T1c","70-74",23,0
"poor","T2","70-74",54,2
"mode","T1ab","70-74",3,2
"poor","T2","70-74",64,0
"mode","T1c","80+",54,2
"mode","T1ab","80+",22,0
"mode","T1c","66-69",35,0
"mode","T1c","75-79",26,0
"poor","T2","75-79",1,0
"mode","T2","70-74",84,0
"mode","T2","70-74",77,2
"poor","T1c","70-74",26,0
"mode","T2","75-79",3,0
"mode","T1c","80+",39,0
"poor","T2","70-74",10,0
"mode","T1c","75-79",10,0
"poor","T1c","80+",33,0
"mode","T1ab","75-79",79,2
"mode","T2","80+",20,0
"mode","T1ab","75-79",22,0
"mode","T2","80+",60,2
"mode","T1ab","80+",20,0
"mode","T1ab","80+",15,0
"mode","T1ab","70-74",5,0
"mode","T1c","80+",14,0
"mode","T2","75-79",10,0
"mode","T1c","80+",53,1
"mode","T1c","80+",12,0
"poor","T2","75-79",37,1
"mode","T2","75-79",112,0
"mode","T1c","80+",102,0
"mode","T2","80+",18,0
"mode","T1c","66-69",90,0
"poor","T2","75-79",20,2
"poor","T2","80+",29,2
"poor","T1c","80+",9,0
"poor","T2","80+",5,1
"mode","T1ab","80+",23,2
"mode","T1c","70-74",34,0
"mode","T1c","75-79",7,0
"mode","T2","75-79",14,0
"mode","T1c","75-79",44,0
"mode","T2","66-69",13,0
"poor","T2","80+",119,0
"mode","T2","66-69",48,1
"poor","T2","75-79",22,0
"mode","T1c","80+",36,0
"mode","T1ab","80+",16,0
"mode","T1ab","75-79",53,0
"poor","T1ab","80+",33,0
"mode","T1ab","80+",12,0
"mode","T2","80+",3,0
"mode","T2","80+",40,2
"mode","T2","75-79",78,2
"mode","T1ab","75-79",36,0
"poor","T2","80+",21,0
"mode","T1c","80+",28,0
"mode","T1ab","70-74",55,0
"mode","T2","70-74",11,0
"mode","T2","80+",22,0
"mode","T1c","66-69",18,0
"poor","T1ab","80+",1,2
"mode","T2","75-79",4,0
"poor","T1c","75-79",12,0
"mode","T1ab","75-79",20,0
"mode","T1ab","75-79",14,0
"mode","T1ab","66-69",104,0
"mode","T2","80+",12,2
"mode","T2","75-79",23,0
"mode","T2","75-79",15,0
"poor","T1c","80+",7,0
"mode","T1ab","80+",90,0
"mode","T2","80+",66,0
"mode","T1ab","75-79",7,0
"mode","T1c","75-79",79,0
"mode","T1c","80+",6,0
"mode","T1c","75-79",7,0
"mode","T1c","75-79",63,0
"mode","T1c","75-79",60,0
"mode","T2","80+",35,0
"mode","T1c","70-74",33,0
"poor","T2","80+",35,1
"mode","T1c","80+",5,1
"poor","T1c","75-79",36,0
"mode","T1ab","80+",54,2
"mode","T1c","80+",28,1
"mode","T2","70-74",72,0
"mode","T1ab","75-79",22,2
"poor","T1c","80+",68,0
"mode","T1c","66-69",95,0
"mode","T2","75-79",23,0
"mode","T2","70-74",78,0
"mode","T2","75-79",97,0
"mode","T2","75-79",16,0
"mode","T1ab","80+",7,2
"mode","T1c","75-79",30,0
"mode","T2","80+",17,0
"poor","T1ab","80+",25,0
"mode","T2","75-79",35,2
"mode","T2","80+",119,0
"mode","T1ab","75-79",2,2
"mode","T2","80+",76,1
"mode","T2","80+",42,1
"mode","T1c","80+",88,0
"mode","T2","80+",30,2
"mode","T1ab","80+",27,0
"mode","T1c","80+",16,0
"mode","T2","75-79",54,0
"mode","T2","66-69",70,0
"mode","T1c","80+",12,2
"mode","T1ab","80+",4,0
"poor","T1ab","80+",3,0
"mode","T2","80+",91,0
"mode","T1c","75-79",71,0
"mode","T2","75-79",1,0
"poor","T2","66-69",92,0
"poor","T2","66-69",13,0
"mode","T1c","66-69",78,0
"poor","T1ab","70-74",28,1
"mode","T1ab","70-74",6,2
"mode","T1c","70-74",93,0
"mode","T2","80+",19,2
"mode","T1ab","80+",14,0
"mode","T2","70-74",34,2
"mode","T1ab","75-79",22,0
"mode","T1c","75-79",8,0
"poor","T2","80+",62,0
"mode","T2","66-69",41,2
"mode","T1ab","75-79",65,0
"poor","T2","75-79",47,0
"mode","T2","80+",59,2
"mode","T2","80+",95,0
"poor","T2","80+",18,0
"mode","T2","66-69",2,0
"poor","T1c","75-79",6,0
"mode","T1ab","80+",74,2
"mode","T2","75-79",31,2
"mode","T1c","80+",68,0
"mode","T1c","70-74",15,0
"mode","T1c","80+",58,2
"poor","T1c","66-69",45,0
"mode","T1c","75-79",15,0
"mode","T1c","80+",11,2
"mode","T1c","70-74",68,2
"poor","T2","70-74",43,0
"mode","T1ab","80+",86,2
"mode","T2","70-74",103,0
"mode","T1ab","80+",83,2
"mode","T1ab","70-74",33,2
"poor","T1ab","80+",72,2
"mode","T1c","70-74",11,0
"mode","T1ab","66-69",58,0
"mode","T1ab","75-79",54,0
"mode","T1ab","75-79",28,2
"poor","T1c","75-79",43,0
"mode","T1ab","80+",86,0
"mode","T2","80+",60,0
"mode","T1c","75-79",12,0
"mode","T2","70-74",93,0
"poor","T2","80+",1,2
"mode","T1c","80+",92,2
"mode","T2","70-74",111,0
"poor","T1c","75-79",14,0
"mode","T2","75-79",51,2
"mode","T2","66-69",91,1
"mode","T2","70-74",32,0
"mode","T2","75-79",9,0
"mode","T1ab","70-74",59,0
"poor","T1c","70-74",14,2
"mode","T1ab","70-74",87,0
"mode","T1c","66-69",20,0
"poor","T2","66-69",40,2
"mode","T2","75-79",77,1
"mode","T2","75-79",109,0
"mode","T2","75-79",11,2
"poor","T1c","75-79",20,1
"mode","T1c","66-69",11,2
"mode","T2","70-74",67,0
"mode","T1ab","80+",114,0
"mode","T2","70-74",51,0
"mode","T2","80+",54,0
"mode","T2","80+",53,1
"mode","T2","75-79",96,2
"mode","T1c","66-69",11,1
"mode","T1c","80+",61,0
"mode","T2","80+",17,2
"mode","T1c","70-74",23,0
"poor","T2","70-74",8,0
"mode","T2","70-74",15,0
"mode","T1c","75-79",16,0
"mode","T2","75-79",39,0
"mode","T1ab","80+",75,0
"mode","T1ab","80+",12,0
"poor","T1c","75-79",7,0
"mode","T2","70-74",0,0
"mode","T1c","66-69",14,0
"mode","T1c","75-79",90,0
"poor","T2","75-79",13,2
"mode","T1c","80+",57,0
"mode","T1ab","75-79",34,0
"mode","T1c","70-74",27,2
"poor","T1ab","80+",14,0
"mode","T2","80+",21,0
"mode","T1ab","66-69",118,0
"poor","T1ab","66-69",113,0
"poor","T1c","80+",16,0
"poor","T2","80+",1,0
"mode","T2","66-69",21,0
"mode","T1ab","80+",33,0
"mode","T1c","75-79",17,0
"poor","T1ab","80+",45,2
"mode","T2","66-69",10,0
"mode","T1ab","66-69",70,0
"mode","T1ab","75-79",3,0
"mode","T2","70-74",15,0
"poor","T1ab","80+",1,2
"poor","T1c","80+",62,0
"mode","T2","66-69",29,2
"mode","T1c","75-79",69,0
"mode","T1c","80+",56,0
"mode","T2","80+",44,2
"mode","T1ab","75-79",69,0
"mode","T1c","75-79",62,0
"mode","T2","80+",13,0
"mode","T1c","70-74",10,0
"mode","T1c","75-79",70,0
"mode","T1ab","80+",72,2
"mode","T1c","70-74",110,0
"mode","T1ab","75-79",37,0
"mode","T2","80+",73,2
"mode","T1c","80+",26,0
"mode","T2","75-79",75,0
"mode","T2","70-74",1,2
"mode","T1ab","75-79",60,1
"poor","T1ab","80+",8,0
"poor","T1c","80+",96,2
"mode","T2","75-79",10,0
"mode","T1c","75-79",4,0
"mode","T1ab","80+",76,0
"mode","T1c","75-79",16,0
"mode","T1c","75-79",1,0
"poor","T2","75-79",4,0
"mode","T2","70-74",0,0
"poor","T2","80+",67,2
"mode","T1ab","75-79",77,2
"mode","T1ab","75-79",37,0
"poor","T1ab","80+",18,0
"mode","T1c","70-74",9,0
"mode","T2","75-79",107,2
"mode","T1c","80+",42,0
"mode","T1ab","80+",27,0
"mode","T2","70-74",17,2
"mode","T1ab","80+",20,0
"mode","T1c","70-74",87,2
"mode","T1c","70-74",46,0
"mode","T1c","70-74",8,2
"mode","T2","80+",44,2
"poor","T1c","75-79",18,0
"mode","T1ab","75-79",5,1
"mode","T1c","75-79",23,0
"mode","T2","75-79",1,0
"mode","T1c","70-74",90,0
"poor","T2","75-79",71,1
"mode","T1ab","70-74",7,2
"mode","T1c","80+",2,0
"mode","T2","80+",35,2
"mode","T1ab","75-79",80,0
"mode","T1c","80+",3,0
"mode","T2","70-74",78,0
"mode","T2","80+",40,2
"mode","T1ab","70-74",13,0
"mode","T1ab","70-74",19,0
"mode","T2","70-74",89,0
"poor","T2","75-79",66,0
"poor","T2","70-74",57,0
"poor","T2","70-74",62,0
"mode","T2","70-74",2,0
"poor","T2","75-79",25,0
"poor","T1c","80+",8,0
"poor","T2","75-79",16,0
"mode","T1ab","80+",82,0
"poor","T2","80+",10,0
"mode","T1ab","75-79",111,0
"poor","T1c","70-74",71,0
"mode","T1ab","80+",49,0
"poor","T2","70-74",96,0
"mode","T1c","70-74",74,0
"mode","T1ab","80+",84,0
"mode","T2","66-69",64,1
"poor","T2","80+",31,0
"mode","T1ab","80+",7,0
"mode","T2","80+",52,2
"mode","T2","70-74",12,0
"poor","T2","80+",15,1
"poor","T1ab","80+",19,0
"mode","T2","80+",91,1
"mode","T1c","75-79",35,0
"poor","T2","80+",50,2
"mode","T2","75-79",55,0
"mode","T1ab","80+",58,0
"mode","T1ab","66-69",30,0
"mode","T1ab","75-79",34,0
"mode","T1c","75-79",0,0
"mode","T1c","70-74",50,2
"mode","T1c","80+",6,0
"poor","T2","75-79",39,1
"mode","T1c","80+",11,0
"mode","T1c","80+",12,0
"mode","T2","80+",23,2
"mode","T1ab","75-79",94,0
"mode","T2","66-69",109,0
"poor","T1ab","80+",81,2
"mode","T1c","70-74",69,2
"mode","T1c","80+",14,2
"mode","T2","75-79",44,0
"mode","T1c","66-69",94,0
"poor","T2","75-79",0,0
"mode","T2","80+",33,0
"mode","T2","80+",25,0
"mode","T2","70-74",13,0
"mode","T2","80+",47,0
"mode","T2","80+",4,2
"mode","T1c","75-79",13,0
"poor","T1ab","80+",16,0
"mode","T1ab","75-79",72,0
"mode","T2","70-74",58,0
"poor","T1ab","75-79",67,0
"mode","T2","80+",28,2
"mode","T1c","75-79",69,0
"mode","T2","66-69",30,0
"mode","T1ab","75-79",25,0
"mode","T2","70-74",100,0
"mode","T1ab","75-79",115,0
"mode","T2","70-74",77,0
"mode","T1ab","75-79",2,0
"mode","T1c","70-74",49,0
"mode","T2","70-74",11,0
"poor","T1ab","75-79",4,0
"mode","T1c","70-74",3,0
"mode","T1c","70-74",9,0
"mode","T1c","80+",43,1
"mode","T1ab","80+",107,0
"mode","T1c","66-69",9,0
"mode","T2","70-74",72,0
"mode","T1c","75-79",47,0
"mode","T1ab","70-74",50,2
"mode","T1c","80+",47,0
"mode","T1c","75-79",92,0
"mode","T1c","70-74",22,0
"poor","T2","70-74",47,0
"mode","T1c","80+",59,2
"poor","T2","75-79",10,0
"mode","T2","70-74",63,2
"poor","T1c","75-79",70,0
"mode","T1ab","75-79",70,2
"poor","T1c","80+",3,0
"mode","T1ab","75-79",11,0
"mode","T1ab","70-74",18,0
"poor","T1c","80+",8,0
"mode","T1ab","70-74",9,0
"mode","T1c","70-74",117,0
"mode","T1ab","80+",23,0
"poor","T2","80+",76,1
"mode","T2","70-74",45,0
"poor","T2","80+",32,2
"poor","T2","80+",84,2
"poor","T2","70-74",89,2
"mode","T1c","75-79",36,0
"mode","T2","80+",6,0
"mode","T2","75-79",9,0
"mode","T2","80+",61,0
"poor","T2","66-69",4,0
"poor","T2","66-69",42,2
"mode","T1c","80+",90,0
"poor","T1c","80+",108,0
"poor","T1c","75-79",107,0
"poor","T2","80+",7,1
"mode","T1ab","70-74",79,0
"mode","T1ab","66-69",9,0
"mode","T2","75-79",0,0
"mode","T2","70-74",96,0
"mode","T2","75-79",23,0
"mode","T1c","70-74",84,0
"poor","T2","80+",19,1
"mode","T1c","70-74",49,0
"poor","T2","80+",11,0
"mode","T1ab","80+",29,0
"mode","T1c","70-74",37,0
"mode","T2","70-74",50,0
"poor","T2","75-79",4,0
"poor","T2","80+",13,0
"poor","T2","75-79",21,0
"mode","T1c","66-69",1,2
"mode","T1c","75-79",73,0
"mode","T1ab","75-79",33,0
"mode","T1c","70-74",12,0
"mode","T2","80+",5,0
"poor","T1ab","75-79",1,0
"mode","T2","70-74",8,0
"mode","T1ab","80+",12,0
"mode","T2","75-79",64,0
"poor","T1c","80+",2,1
"mode","T2","70-74",22,0
"poor","T2","75-79",2,0
"mode","T1ab","70-74",41,2
"mode","T2","66-69",18,0
"mode","T1c","80+",8,0
"poor","T1c","66-69",2,0
"mode","T2","80+",43,0
"poor","T1c","70-74",29,0
"mode","T1c","70-74",44,2
"mode","T1ab","66-69",71,0
"mode","T2","75-79",82,0
"mode","T1c","75-79",61,0
"mode","T2","80+",67,2
"mode","T2","70-74",3,0
"mode","T2","80+",39,0
"mode","T1ab","80+",5,2
"mode","T2","80+",97,0
"mode","T2","80+",99,0
"mode","T2","70-74",51,0
"mode","T2","66-69",11,0
"mode","T2","75-79",4,0
"mode","T1ab","80+",10,0
"mode","T1ab","75-79",21,0
"poor","T1c","66-69",50,0
"mode","T2","80+",10,2
"mode","T1c","75-79",12,0
"poor","T2","80+",70,0
"poor","T1c","80+",96,0
"mode","T1ab","66-69",111,0
"mode","T1c","80+",2,0
"poor","T2","80+",28,1
"mode","T1c","70-74",6,0
"mode","T1ab","70-74",37,0
"mode","T1ab","75-79",33,0
"mode","T2","80+",84,1
"poor","T1ab","66-69",53,0
"mode","T2","80+",9,2
"mode","T1ab","75-79",9,2
"mode","T1c","80+",59,2
"mode","T1ab","75-79",34,0
"mode","T2","75-79",31,0
"mode","T1ab","75-79",14,0
"mode","T2","80+",4,0
"poor","T1c","66-69",65,0
"poor","T1c","80+",61,0
"mode","T2","66-69",39,2
"poor","T2","80+",55,2
"poor","T2","80+",66,2
"mode","T2","80+",15,0
"mode","T1ab","80+",8,0
"mode","T2","75-79",73,2
"mode","T1ab","75-79",55,0
"mode","T1ab","70-74",115,0
"mode","T1c","70-74",0,0
"mode","T2","70-74",7,0
"mode","T1ab","70-74",102,0
"poor","T2","75-79",95,2
"poor","T1ab","70-74",61,0
"poor","T1ab","75-79",71,0
"mode","T1c","70-74",9,0
"poor","T1ab","70-74",59,2
"mode","T1c","80+",12,0
"mode","T1c","66-69",28,2
"mode","T1c","75-79",37,0
"mode","T2","75-79",24,2
"mode","T2","70-74",7,0
"poor","T1c","80+",38,0
"mode","T2","80+",5,0
"mode","T2","70-74",22,2
"mode","T1ab","75-79",23,0
"poor","T1ab","70-74",5,0
"mode","T2","75-79",7,0
"mode","T1c","80+",18,0
"mode","T1c","75-79",90,0
"mode","T1c","75-79",78,0
"mode","T2","80+",17,0
"mode","T1c","75-79",66,0
"mode","T2","75-79",51,0
"mode","T1ab","75-79",38,0
"poor","T1ab","80+",2,0
"mode","T1ab","70-74",68,0
"mode","T1c","75-79",4,0
"poor","T1ab","80+",6,0
"mode","T1c","80+",7,0
"mode","T1ab","75-79",12,2
"poor","T1c","70-74",68,1
"poor","T2","80+",41,0
"mode","T2","75-79",113,2
"mode","T1c","80+",24,0
"poor","T2","80+",12,0
"mode","T2","70-74",4,0
"mode","T1ab","66-69",2,0
"mode","T2","75-79",25,0
"mode","T1ab","70-74",104,0
"mode","T2","75-79",25,2
"mode","T2","75-79",15,2
"mode","T1ab","80+",8,2
"mode","T1c","70-74",44,0
"poor","T1c","80+",79,0
"mode","T1c","75-79",106,0
"mode","T1c","70-74",49,0
"poor","T1ab","80+",5,1
"poor","T2","75-79",19,2
"mode","T1c","70-74",47,0
"mode","T1ab","75-79",56,0
"poor","T2","66-69",25,0
"mode","T2","80+",39,0
"mode","T1c","70-74",14,0
"poor","T2","75-79",18,1
"mode","T1ab","80+",17,0
"mode","T1c","75-79",98,0
"mode","T1c","80+",90,0
"mode","T2","80+",64,1
"mode","T1ab","75-79",47,2
"mode","T1c","80+",25,0
"mode","T1ab","75-79",48,2
"mode","T1ab","80+",4,0
"mode","T1ab","80+",19,0
"poor","T1c","80+",27,2
"mode","T1c","70-74",1,2
"poor","T1c","70-74",80,0
"mode","T1c","80+",102,0
"mode","T1c","75-79",56,0
"mode","T2","80+",97,0
"poor","T1c","75-79",54,0
"mode","T1ab","66-69",23,2
"mode","T1c","75-79",37,1
"mode","T1c","80+",36,0
"mode","T1c","80+",44,2
"mode","T2","75-79",45,2
"mode","T1ab","80+",14,0
"mode","T2","80+",48,0
"poor","T2","80+",1,0
"poor","T2","75-79",15,2
"mode","T2","70-74",10,0
"mode","T1ab","80+",4,2
"poor","T1c","75-79",1,0
"mode","T1ab","80+",19,0
"mode","T2","70-74",20,0
"mode","T1ab","66-69",87,0
"poor","T1c","70-74",16,0
"poor","T2","70-74",34,2
"mode","T2","66-69",61,2
"mode","T1c","70-74",51,0
"poor","T1ab","75-79",5,0
"mode","T1ab","66-69",40,0
"mode","T2","70-74",21,0
"mode","T2","75-79",22,0
"mode","T2","70-74",98,0
"mode","T1ab","70-74",40,0
"mode","T1c","80+",1,2
"mode","T1ab","75-79",53,0
"mode","T2","80+",19,1
"mode","T2","75-79",10,0
"mode","T1c","70-74",18,0
"mode","T1ab","70-74",22,0
"mode","T2","75-79",20,2
"mode","T2","80+",9,0
"mode","T1ab","70-74",6,0
"mode","T2","70-74",3,0
"mode","T2","66-69",39,0
"mode","T2","75-79",22,0
"poor","T2","66-69",18,2
"mode","T1c","70-74",76,0
"mode","T1ab","80+",26,2
"mode","T2","70-74",19,0
"mode","T1ab","75-79",13,0
"mode","T1ab","75-79",46,0
"poor","T1c","70-74",94,0
"mode","T1ab","80+",10,2
"mode","T1c","80+",64,0
"poor","T2","80+",13,1
"mode","T2","66-69",21,0
"mode","T2","70-74",42,0
"mode","T2","75-79",8,0
"poor","T1ab","75-79",28,1
"poor","T1c","75-79",20,0
"poor","T1c","75-79",28,1
"mode","T2","75-79",69,0
"mode","T1ab","70-74",52,2
"mode","T1ab","80+",95,2
"poor","T2","80+",31,0
"mode","T1c","80+",14,0
"poor","T2","80+",30,1
"poor","T1ab","80+",12,0
"mode","T1ab","80+",41,0
"poor","T2","70-74",82,2
"poor","T1c","80+",24,2
"mode","T1ab","80+",11,0
"mode","T2","80+",2,0
"mode","T2","75-79",52,2
"poor","T2","75-79",4,0
"mode","T2","70-74",16,0
"mode","T1ab","66-69",10,0
"mode","T1c","75-79",18,0
"poor","T1ab","80+",18,0
"mode","T2","75-79",102,0
"mode","T2","75-79",0,0
"mode","T1ab","75-79",6,0
"mode","T1c","75-79",1,2
"mode","T1c","80+",114,0
"mode","T2","70-74",17,0
"mode","T2","75-79",86,0
"mode","T1c","80+",43,2
"poor","T1ab","70-74",32,0
"mode","T1ab","75-79",73,0
"mode","T1c","75-79",69,2
"mode","T2","75-79",76,0
"mode","T1c","80+",63,0
"mode","T2","80+",7,0
"mode","T1c","70-74",103,0
"mode","T2","80+",47,0
"mode","T2","75-79",43,0
"mode","T1c","75-79",64,0
"mode","T1c","80+",58,0
"mode","T1ab","80+",110,1
"poor","T2","80+",14,2
"poor","T1c","70-74",46,2
"poor","T2","80+",11,0
"mode","T1ab","66-69",112,0
"mode","T1c","70-74",11,0
"poor","T1ab","80+",30,0
"mode","T1ab","75-79",70,2
"poor","T2","80+",16,0
"mode","T1c","80+",2,0
"poor","T1ab","70-74",75,2
"poor","T2","75-79",0,0
"mode","T1c","75-79",54,1
"mode","T1ab","70-74",4,0
"mode","T1ab","70-74",8,0
"mode","T1ab","80+",27,1
"poor","T1c","75-79",56,2
"mode","T1c","70-74",75,0
"mode","T1c","66-69",29,0
"mode","T1ab","80+",30,1
"mode","T2","70-74",24,2
"mode","T1ab","80+",10,0
"poor","T2","80+",27,1
"mode","T1ab","70-74",80,0
"mode","T1c","80+",7,0
"mode","T1ab","80+",36,0
"mode","T2","75-79",76,0
"mode","T2","70-74",45,2
"mode","T1ab","70-74",38,2
"poor","T1ab","80+",84,2
"mode","T1ab","80+",3,0
"mode","T2","80+",12,0
"mode","T1ab","75-79",110,0
"mode","T2","80+",32,0
"mode","T1ab","66-69",55,2
"mode","T2","80+",30,1
"mode","T2","70-74",11,0
"mode","T2","75-79",115,0
"mode","T1ab","80+",26,0
"mode","T1c","66-69",38,2
"poor","T2","80+",33,2
"poor","T2","75-79",13,0
"poor","T1c","80+",23,1
"mode","T1c","80+",23,0
"poor","T1ab","75-79",11,1
"mode","T2","75-79",20,0
"poor","T1ab","80+",20,0
"mode","T1c","75-79",42,0
"mode","T2","66-69",85,0
"mode","T1ab","75-79",18,2
"poor","T1ab","80+",56,1
"mode","T1c","80+",95,0
"mode","T1c","75-79",9,0
"mode","T1c","80+",62,0
"mode","T2","80+",13,0
"mode","T2","80+",11,2
"poor","T2","75-79",4,0
"mode","T1ab","80+",22,0
"poor","T1ab","70-74",117,0
"mode","T1ab","70-74",17,0
"mode","T2","70-74",18,0
"mode","T1c","66-69",75,0
"mode","T1c","70-74",113,0
"mode","T1ab","75-79",44,2
"poor","T1ab","66-69",12,0
"mode","T1ab","80+",54,2
"mode","T2","66-69",40,0
"mode","T1c","66-69",15,0
"mode","T1ab","80+",47,0
"poor","T1c","80+",10,1
"poor","T2","80+",21,2
"mode","T2","70-74",50,2
"poor","T1ab","80+",57,0
"poor","T1c","80+",113,2
"poor","T2","75-79",34,0
"mode","T2","75-79",78,0
"mode","T1ab","75-79",0,0
"mode","T1ab","80+",18,0
"poor","T2","75-79",18,0
"mode","T1ab","70-74",95,0
"mode","T2","75-79",81,0
"mode","T2","70-74",60,0
"poor","T2","80+",36,1
"poor","T2","75-79",37,2
"mode","T1c","75-79",80,0
"poor","T2","80+",20,0
"poor","T1c","66-69",100,0
"mode","T2","66-69",0,0
"mode","T1c","80+",46,2
"mode","T2","75-79",21,0
"mode","T1ab","75-79",14,0
"mode","T1c","75-79",76,0
"mode","T2","66-69",54,0
"mode","T1ab","75-79",19,0
"mode","T1ab","75-79",18,0
"poor","T2","80+",22,0
"poor","T1c","80+",49,0
"mode","T1ab","75-79",7,0
"poor","T2","80+",70,2
"mode","T1c","66-69",12,2
"mode","T2","70-74",14,0
"mode","T2","80+",26,0
"poor","T2","75-79",97,2
"poor","T2","80+",49,2
"mode","T1c","75-79",32,0
"mode","T1ab","70-74",56,0
"mode","T2","70-74",19,0
"poor","T2","75-79",9,0
"poor","T1ab","75-79",39,1
"mode","T1c","80+",92,1
"poor","T1c","66-69",65,0
"mode","T1c","70-74",27,2
"poor","T2","80+",18,0
"poor","T2","66-69",60,1
"mode","T2","80+",23,0
"mode","T2","75-79",85,2
"mode","T1c","75-79",33,0
"poor","T2","75-79",60,0
"mode","T1c","75-79",4,0
"poor","T2","75-79",42,0
"mode","T1ab","80+",19,0
"mode","T2","80+",62,0
"poor","T1c","70-74",6,0
"poor","T1c","70-74",10,2
"mode","T1c","80+",86,2
"mode","T1c","80+",0,0
"mode","T1c","70-74",11,0
"poor","T1ab","80+",45,1
"mode","T1ab","80+",4,1
"mode","T1c","80+",60,0
"mode","T1ab","80+",14,2
"mode","T1c","75-79",77,2
"mode","T1c","75-79",14,0
"mode","T1ab","66-69",1,0
"poor","T2","66-69",18,0
"mode","T1c","70-74",42,0
"mode","T1ab","80+",16,0
"mode","T2","75-79",6,0
"mode","T1c","66-69",57,0
"poor","T1c","66-69",68,1
"mode","T1c","70-74",0,0
"mode","T1ab","80+",30,0
"mode","T1c","80+",25,0
"mode","T2","75-79",35,0
"poor","T1ab","80+",14,2
"mode","T2","75-79",69,0
"mode","T1c","80+",71,2
"poor","T2","80+",45,2
"mode","T1ab","70-74",51,0
"mode","T1ab","80+",8,0
"poor","T1ab","75-79",38,0
"mode","T2","80+",90,0
"mode","T1c","70-74",23,0
"mode","T1c","75-79",10,0
"poor","T1c","80+",83,2
"mode","T2","75-79",18,2
"mode","T1c","80+",55,0
"poor","T2","75-79",82,2
"mode","T2","75-79",6,2
"mode","T2","70-74",34,0
"mode","T1ab","70-74",13,0
"mode","T1ab","80+",11,0
"mode","T2","75-79",14,0
"mode","T2","75-79",5,0
"poor","T2","80+",56,0
"mode","T1ab","66-69",51,0
"mode","T1ab","66-69",5,2
"mode","T2","80+",13,0
"mode","T2","80+",76,0
"mode","T2","66-69",84,0
"mode","T1ab","80+",26,0
"mode","T1ab","70-74",89,0
"poor","T2","80+",67,0
"mode","T1ab","75-79",93,2
"poor","T2","80+",15,2
"mode","T2","66-69",21,0
"mode","T1ab","75-79",22,2
"mode","T1c","66-69",2,0
"mode","T1c","75-79",36,2
"mode","T1ab","66-69",58,2
"mode","T2","70-74",91,0
"mode","T1c","75-79",2,0
"mode","T2","66-69",66,0
"poor","T1ab","80+",16,2
"mode","T1ab","75-79",1,0
"poor","T2","80+",23,0
"mode","T1ab","70-74",61,0
"poor","T1c","75-79",77,1
"mode","T1ab","75-79",14,0
"mode","T2","70-74",63,0
"mode","T2","75-79",102,0
"mode","T1ab","80+",20,2
"mode","T1ab","70-74",10,0
"poor","T2","80+",14,2
"mode","T1c","75-79",70,0
"mode","T1c","80+",56,0
"mode","T1c","70-74",79,0
"mode","T2","66-69",22,0
"mode","T2","80+",3,0
"poor","T1c","80+",6,0
"mode","T1c","75-79",18,0
"mode","T1c","80+",30,2
"mode","T2","80+",5,0
"mode","T1c","66-69",98,0
"mode","T2","75-79",54,0
"mode","T2","66-69",19,0
"mode","T1ab","75-79",83,2
"mode","T1c","80+",1,0
"mode","T2","80+",6,0
"mode","T1ab","66-69",50,0
"poor","T2","70-74",49,0
"mode","T1c","70-74",28,0
"poor","T2","80+",7,0
"poor","T2","66-69",12,0
"mode","T2","75-79",41,0
"mode","T1c","80+",30,2
"mode","T2","66-69",14,0
"mode","T2","75-79",4,0
"mode","T1c","75-79",0,0
"mode","T1c","66-69",1,0
"mode","T1ab","75-79",14,0
"mode","T1c","80+",17,0
"mode","T1ab","75-79",6,0
"mode","T1c","75-79",6,0
"mode","T1c","80+",6,0
"mode","T1ab","75-79",42,0
"mode","T2","75-79",20,0
"poor","T2","80+",7,0
"mode","T1c","80+",86,2
"mode","T1c","75-79",93,2
"mode","T1ab","80+",21,0
"mode","T1c","70-74",102,0
"mode","T2","75-79",53,0
"mode","T1ab","75-79",68,0
"mode","T2","66-69",17,2
"mode","T2","80+",34,1
"mode","T2","80+",94,0
"mode","T1ab","75-79",23,0
"mode","T2","80+",113,0
"mode","T2","66-69",3,0
"mode","T1ab","70-74",11,0
"mode","T1ab","75-79",86,0
"poor","T2","80+",1,2
"poor","T2","80+",7,0
"mode","T2","70-74",86,0
"mode","T1ab","70-74",54,2
"mode","T2","75-79",80,0
"mode","T1ab","70-74",86,0
"mode","T2","80+",29,2
"poor","T2","80+",2,0
"poor","T1c","80+",51,1
"mode","T1c","70-74",40,0
"mode","T1ab","80+",16,0
"poor","T2","80+",8,0
"mode","T2","75-79",12,0
"mode","T1ab","75-79",55,0
"poor","T2","70-74",7,0
"mode","T1ab","80+",43,2
"mode","T1c","80+",32,2
"mode","T1ab","75-79",48,2
"mode","T1c","75-79",14,0
"poor","T1c","75-79",37,0
"poor","T1c","80+",8,2
"mode","T2","70-74",54,2
"mode","T1c","75-79",10,0
"mode","T2","66-69",77,0
"poor","T2","75-79",77,0
"mode","T2","75-79",23,0
"poor","T1c","80+",27,0
"mode","T1c","75-79",89,1
"mode","T1ab","70-74",48,0
"mode","T1ab","80+",43,0
"mode","T1c","80+",6,0
"poor","T1c","66-69",17,0
"poor","T1c","80+",116,0
"poor","T2","80+",69,0
"mode","T2","80+",33,2
"poor","T1c","70-74",107,0
"mode","T2","75-79",4,0
"mode","T2","70-74",103,0
"mode","T1c","80+",8,0
"mode","T1c","80+",111,0
"poor","T2","75-79",69,2
"poor","T1ab","75-79",9,0
"mode","T1c","66-69",58,0
"poor","T2","70-74",11,0
"mode","T1c","75-79",12,2
"mode","T2","70-74",9,0
"mode","T2","80+",43,0
"mode","T1ab","70-74",39,0
"mode","T1ab","80+",71,2
"mode","T2","75-79",24,0
"mode","T2","80+",51,2
"mode","T1ab","70-74",56,0
"mode","T1c","75-79",86,1
"mode","T2","70-74",76,0
"mode","T1c","66-69",70,0
"mode","T1c","75-79",28,2
"mode","T1ab","70-74",48,0
"poor","T1c","80+",39,0
"poor","T1ab","80+",7,0
"mode","T2","66-69",68,0
"mode","T1ab","66-69",52,0
"poor","T1c","75-79",60,2
"mode","T1c","70-74",5,0
"mode","T2","75-79",71,2
"mode","T2","75-79",37,2
"mode","T1c","70-74",27,0
"poor","T2","80+",29,1
"poor","T1ab","80+",8,2
"mode","T1ab","66-69",9,0
"mode","T1c","66-69",1,0
"mode","T1ab","80+",30,0
"mode","T1c","70-74",111,0
"mode","T1ab","80+",24,0
"poor","T1c","66-69",65,2
"mode","T1c","75-79",67,0
"mode","T2","75-79",109,0
"poor","T1ab","70-74",44,1
"mode","T2","70-74",49,0
"mode","T1ab","75-79",16,0
"mode","T2","75-79",85,0
"mode","T1c","75-79",105,0
"poor","T2","75-79",56,0
"mode","T1c","80+",21,0
"mode","T2","80+",26,0
"mode","T2","66-69",18,0
"mode","T1ab","75-79",76,0
"poor","T2","80+",105,0
"poor","T1c","80+",61,0
"mode","T1ab","75-79",22,0
"mode","T1c","75-79",60,2
"poor","T1ab","70-74",14,0
"mode","T1ab","75-79",7,2
"mode","T2","75-79",73,0
"mode","T2","80+",22,0
"mode","T2","75-79",11,0
"poor","T1c","66-69",53,0
"mode","T1ab","66-69",2,0
"mode","T1c","75-79",9,0
"mode","T2","70-74",18,0
"mode","T1c","70-74",56,0
"mode","T2","70-74",1,0
"poor","T2","75-79",17,0
"mode","T2","70-74",50,0
"mode","T2","80+",109,0
"mode","T2","70-74",8,0
"mode","T1ab","66-69",63,0
"poor","T2","80+",74,0
"mode","T1c","70-74",44,0
"poor","T1ab","75-79",44,1
"poor","T1ab","70-74",61,2
"mode","T1c","70-74",11,0
"mode","T2","66-69",64,0
"mode","T1c","80+",12,0
"mode","T1c","80+",25,2
"mode","T2","70-74",10,0
"mode","T1ab","80+",40,2
"mode","T1c","75-79",23,0
"poor","T1ab","66-69",28,0
"mode","T2","80+",47,2
"poor","T1c","70-74",95,0
"mode","T1ab","75-79",59,0
"mode","T2","75-79",0,0
"mode","T1ab","80+",31,2
"mode","T1ab","80+",24,1
"poor","T1ab","80+",29,1
"mode","T2","80+",83,1
"mode","T2","80+",79,2
"mode","T2","80+",33,1
"mode","T1c","75-79",33,0
"mode","T2","80+",31,1
"mode","T1c","66-69",18,0
"poor","T2","80+",27,0
"poor","T2","75-79",12,0
"poor","T1c","75-79",32,1
"mode","T2","80+",38,1
"mode","T1c","75-79",44,0
"mode","T2","70-74",79,0
"mode","T1c","75-79",26,0
"mode","T2","70-74",0,0
"mode","T1ab","80+",50,2
"mode","T1c","75-79",78,0
"poor","T1ab","80+",11,0
"mode","T2","80+",36,2
"mode","T1ab","80+",16,2
"mode","T1c","80+",9,1
"mode","T1ab","70-74",104,0
"poor","T2","70-74",4,0
"mode","T1ab","75-79",17,0
"mode","T1c","80+",31,0
"mode","T2","70-74",95,0
"mode","T1c","75-79",17,0
"mode","T2","75-79",90,2
"poor","T2","75-79",68,2
"mode","T2","75-79",22,0
"mode","T1c","75-79",17,0
"mode","T2","70-74",69,2
"mode","T1ab","80+",41,0
"mode","T1c","80+",103,0
"mode","T1c","80+",53,0
"mode","T2","75-79",8,0
"mode","T1c","70-74",46,0
"mode","T2","66-69",50,0
"mode","T1ab","80+",11,0
"mode","T1c","80+",17,1
"mode","T1ab","70-74",117,0
"mode","T1ab","75-79",82,0
"mode","T1ab","80+",52,0
"mode","T1c","70-74",5,0
"mode","T2","66-69",62,0
"mode","T1c","70-74",59,0
"mode","T2","75-79",22,0
"poor","T1c","80+",15,0
"mode","T1c","75-79",10,0
"poor","T1c","80+",44,0
"mode","T1c","70-74",46,0
"mode","T1c","80+",0,0
"mode","T2","70-74",23,0
"mode","T2","75-79",21,0
"mode","T1c","70-74",4,0
"mode","T1ab","70-74",8,0
"poor","T1c","80+",34,2
"mode","T1ab","80+",61,2
"poor","T2","75-79",15,0
"mode","T1c","66-69",5,0
"mode","T1c","70-74",9,0
"mode","T1c","80+",0,0
"mode","T2","75-79",72,0
"mode","T1c","70-74",0,0
"poor","T2","75-79",62,2
"poor","T2","75-79",93,0
"mode","T2","80+",53,0
"mode","T1ab","75-79",37,0
"mode","T1ab","80+",22,2
"mode","T1c","75-79",58,0
"mode","T2","75-79",59,0
"mode","T1ab","66-69",103,0
"mode","T2","70-74",11,0
"poor","T2","75-79",14,0
"mode","T1ab","70-74",54,2
"poor","T2","70-74",0,0
"mode","T2","66-69",51,2
"mode","T2","80+",37,2
"mode","T1c","80+",49,0
"mode","T2","75-79",68,2
"mode","T1ab","75-79",0,0
"mode","T2","75-79",39,0
"mode","T2","80+",104,0
"mode","T2","80+",81,2
"mode","T2","80+",27,2
"mode","T2","80+",13,0
"poor","T1c","80+",108,0
"mode","T1c","70-74",103,2
"mode","T2","75-79",21,0
"mode","T1c","80+",5,0
"mode","T1c","75-79",7,0
"mode","T2","80+",79,0
"mode","T2","80+",17,0
"mode","T1ab","70-74",8,0
"mode","T1c","75-79",49,0
"mode","T2","75-79",34,1
"mode","T1ab","80+",28,2
"mode","T1c","75-79",67,2
"mode","T2","75-79",2,0
"mode","T1ab","75-79",32,0
"mode","T1c","75-79",14,0
"mode","T1c","66-69",52,0
"poor","T2","75-79",71,2
"mode","T1c","75-79",29,0
"mode","T2","80+",41,0
"mode","T1c","75-79",25,0
"poor","T2","70-74",23,0
"mode","T2","80+",16,2
"mode","T1ab","80+",23,2
"mode","T2","80+",60,0
"mode","T1c","80+",3,0
"mode","T2","80+",1,0
"mode","T1ab","70-74",7,0
"mode","T2","80+",13,0
"mode","T1c","70-74",14,0
"poor","T1c","75-79",7,0
"mode","T2","80+",7,0
"mode","T2","66-69",25,0
"mode","T1ab","66-69",62,0
"poor","T1ab","75-79",14,1
"mode","T2","75-79",50,0
"mode","T2","66-69",13,2
"mode","T2","75-79",36,2
"mode","T1c","70-74",21,0
"mode","T1c","80+",7,2
"mode","T2","80+",13,0
"mode","T1ab","80+",24,0
"mode","T2","70-74",14,0
"poor","T1c","70-74",11,0
"mode","T2","75-79",57,0
"poor","T2","66-69",80,0
"mode","T1c","66-69",0,0
"poor","T1ab","80+",47,2
"poor","T1ab","80+",1,2
"mode","T1ab","80+",12,0
"mode","T1c","75-79",88,0
"poor","T1c","75-79",60,0
"poor","T1ab","70-74",30,2
"mode","T1ab","80+",11,1
"mode","T1c","70-74",55,0
"mode","T1c","75-79",58,1
"mode","T1c","70-74",51,0
"poor","T2","80+",13,0
"mode","T1ab","80+",22,0
"mode","T2","75-79",56,2
"mode","T2","80+",27,2
"mode","T1ab","80+",1,0
"mode","T1ab","80+",16,2
"poor","T1c","75-79",20,0
"poor","T1c","75-79",31,0
"mode","T2","66-69",14,0
"poor","T1c","70-74",19,2
"mode","T1ab","75-79",27,2
"poor","T1c","66-69",66,0
"mode","T2","70-74",91,0
"poor","T1ab","80+",66,0
"mode","T1c","80+",77,0
"mode","T2","80+",86,2
"mode","T1c","66-69",41,0
"mode","T2","80+",74,2
"mode","T1ab","70-74",7,0
"mode","T2","80+",24,0
"mode","T1c","80+",25,0
"poor","T2","80+",18,0
"mode","T2","80+",4,0
"mode","T2","80+",8,2
"poor","T1c","80+",22,0
"poor","T1ab","80+",24,0
"poor","T2","80+",15,1
"mode","T2","75-79",27,0
"mode","T2","80+",40,1
"mode","T2","80+",68,0
"mode","T1ab","66-69",57,0
"poor","T1c","80+",31,2
"mode","T1c","75-79",7,0
"mode","T2","66-69",16,0
"mode","T1c","80+",9,0
"poor","T1c","80+",57,2
"mode","T2","80+",22,0
"mode","T1ab","80+",4,2
"mode","T1c","66-69",97,0
"poor","T1ab","80+",10,0
"mode","T1ab","66-69",0,0
"mode","T1c","80+",2,0
"mode","T2","75-79",72,0
"mode","T1ab","75-79",23,0
"mode","T1c","75-79",35,0
"poor","T1c","80+",13,2
"mode","T1ab","66-69",50,0
"mode","T1ab","80+",21,0
"mode","T1ab","80+",49,0
"mode","T1c","70-74",41,0
"mode","T2","66-69",11,0
"mode","T1ab","70-74",39,0
"poor","T2","70-74",22,0
"mode","T1c","70-74",91,0
"mode","T1c","66-69",81,0
"mode","T1c","75-79",22,2
"poor","T2","70-74",29,0
"mode","T1c","80+",18,2
"mode","T2","70-74",23,2
"mode","T2","80+",10,0
"mode","T2","75-79",4,0
"mode","T1c","80+",111,0
"mode","T1ab","75-79",0,0
"poor","T2","80+",40,0
"mode","T2","75-79",104,0
"mode","T2","75-79",1,0
"poor","T1c","80+",11,0
"mode","T1ab","75-79",23,1
"mode","T2","75-79",82,0
"mode","T2","75-79",7,0
"poor","T1c","80+",15,0
"mode","T2","66-69",44,0
"mode","T1c","75-79",42,2
"poor","T1c","75-79",32,2
"poor","T1c","75-79",64,0
"mode","T2","75-79",22,0
"mode","T1c","80+",45,2
"mode","T1c","70-74",13,2
"mode","T2","80+",15,2
"poor","T2","80+",59,0
"mode","T1c","75-79",17,0
"poor","T1c","75-79",6,2
"mode","T2","75-79",40,0
"poor","T1ab","80+",8,1
"poor","T1c","80+",59,0
"mode","T2","80+",6,0
"mode","T1c","66-69",65,0
"mode","T1ab","70-74",19,0
"poor","T1ab","80+",28,2
"mode","T1c","70-74",7,0
"mode","T1c","75-79",76,0
"mode","T2","70-74",46,2
"mode","T1ab","66-69",1,0
"mode","T1ab","66-69",109,0
"mode","T1ab","80+",42,0
"mode","T1ab","75-79",1,0
"mode","T2","70-74",7,0
"mode","T1ab","70-74",53,0
"poor","T1ab","70-74",43,0
"poor","T1ab","80+",20,0
"mode","T2","80+",90,2
"mode","T1ab","75-79",3,0
"mode","T2","75-79",11,0
"mode","T2","80+",66,1
"mode","T1ab","70-74",13,0
"mode","T2","75-79",53,0
"poor","T2","80+",38,2
"mode","T1ab","75-79",82,2
"mode","T1ab","70-74",66,2
"poor","T1c","75-79",4,0
"mode","T2","80+",54,1
"poor","T2","80+",64,1
"poor","T2","75-79",38,1
"poor","T1c","80+",75,1
"poor","T2","75-79",54,0
"mode","T1ab","75-79",5,0
"mode","T1c","75-79",107,0
"mode","T1ab","80+",17,2
"mode","T2","80+",39,0
"mode","T1ab","75-79",10,2
"mode","T2","75-79",65,0
"poor","T1c","80+",19,0
"mode","T1c","80+",68,0
"mode","T1ab","80+",21,2
"mode","T1ab","70-74",14,0
"mode","T1ab","80+",64,0
"mode","T1c","75-79",17,0
"mode","T2","80+",29,1
"mode","T2","75-79",36,0
"mode","T1c","80+",32,0
"poor","T1c","70-74",1,0
"mode","T1ab","75-79",35,0
"mode","T1ab","80+",15,2
"poor","T1c","80+",3,0
"poor","T2","80+",37,2
"mode","T1c","75-79",68,2
"mode","T2","75-79",38,0
"mode","T2","80+",21,0
"mode","T1ab","80+",5,0
"poor","T1ab","80+",96,0
"mode","T2","75-79",40,0
"mode","T1c","70-74",61,2
"mode","T2","66-69",44,2
"poor","T2","70-74",16,0
"mode","T1c","66-69",5,0
"poor","T1ab","66-69",6,0
"mode","T2","75-79",20,0
"mode","T1ab","80+",95,0
"mode","T2","80+",0,0
"poor","T2","80+",14,2
"mode","T1ab","80+",21,0
"mode","T2","75-79",105,0
"mode","T2","66-69",39,0
"mode","T2","70-74",25,0
"mode","T1ab","66-69",66,0
"poor","T1c","80+",26,1
"mode","T1ab","75-79",8,2
"mode","T1ab","70-74",27,0
"poor","T1c","80+",1,0
"poor","T1ab","80+",18,1
"mode","T1c","75-79",12,0
"poor","T1c","80+",23,0
"mode","T1c","66-69",3,0
"mode","T1c","80+",13,1
"mode","T1ab","75-79",29,0
"mode","T2","70-74",94,0
"poor","T2","75-79",9,1
"mode","T1ab","80+",31,0
"poor","T2","70-74",30,0
"mode","T2","80+",44,2
"mode","T1c","75-79",47,2
"mode","T1c","75-79",64,0
"poor","T1ab","66-69",52,2
"mode","T2","70-74",4,0
"mode","T2","80+",115,0
"mode","T1c","80+",110,2
"mode","T2","75-79",5,2
"mode","T1c","70-74",48,0
"mode","T1ab","75-79",20,0
"mode","T2","70-74",98,1
"mode","T2","75-79",17,0
"mode","T2","80+",11,0
"mode","T1ab","75-79",10,0
"mode","T1c","75-79",31,0
"poor","T1c","80+",66,1
"mode","T1c","80+",5,0
"poor","T2","80+",13,0
"poor","T2","80+",2,0
"mode","T2","70-74",28,0
"mode","T2","66-69",29,2
"mode","T2","70-74",44,0
"mode","T1c","66-69",43,0
"poor","T1c","80+",27,1
"poor","T2","80+",2,0
"mode","T1c","75-79",60,0
"mode","T1c","70-74",46,0
"mode","T1ab","80+",39,2
"mode","T1ab","70-74",2,0
"mode","T2","66-69",6,0
"mode","T1c","70-74",73,0
"poor","T2","75-79",6,0
"mode","T2","75-79",83,2
"poor","T2","75-79",24,0
"mode","T1ab","70-74",13,0
"poor","T1c","70-74",83,0
"mode","T1ab","75-79",18,0
"mode","T2","80+",13,0
"mode","T1ab","75-79",30,2
"mode","T1ab","70-74",13,0
"poor","T1ab","66-69",4,0
"mode","T1c","66-69",10,0
"mode","T2","70-74",13,0
"mode","T1ab","80+",17,0
"mode","T2","70-74",20,0
"mode","T2","75-79",74,0
"poor","T2","80+",40,0
"poor","T2","66-69",8,0
"mode","T1ab","80+",7,0
"mode","T2","80+",20,0
"poor","T2","80+",30,2
"mode","T1ab","75-79",93,0
"mode","T1ab","66-69",7,0
"mode","T1ab","70-74",90,0
"mode","T1c","80+",19,1
"mode","T2","70-74",8,0
"mode","T1c","80+",8,2
"poor","T2","80+",65,2
"mode","T2","80+",18,2
"poor","T2","80+",65,2
"mode","T1ab","80+",11,0
"poor","T1ab","75-79",1,0
"mode","T2","75-79",39,2
"poor","T1c","75-79",81,0
"poor","T1c","80+",19,0
"poor","T1ab","80+",13,1
"mode","T2","66-69",62,2
"mode","T2","70-74",71,0
"mode","T1c","75-79",2,2
"mode","T1c","66-69",53,0
"poor","T2","80+",0,0
"mode","T2","75-79",37,0
"mode","T2","70-74",110,0
"mode","T1c","66-69",0,0
"mode","T1c","80+",47,2
"poor","T1c","75-79",69,0
"mode","T1c","75-79",10,0
"mode","T1ab","80+",45,2
"poor","T2","66-69",32,2
"mode","T1ab","80+",66,0
"mode","T2","66-69",19,0
"poor","T1c","70-74",5,0
"mode","T1ab","80+",12,0
"mode","T1ab","70-74",52,2
"mode","T1c","66-69",11,0
"mode","T1c","70-74",18,0
"mode","T1ab","66-69",100,2
"poor","T1ab","66-69",16,0
"mode","T1ab","80+",66,2
"mode","T2","75-79",54,0
"mode","T1c","80+",4,0
"mode","T2","75-79",92,2
"mode","T1ab","70-74",105,0
"mode","T1ab","80+",73,0
"mode","T1ab","66-69",45,0
"mode","T1c","70-74",10,0
"mode","T2","80+",80,2
"mode","T1c","66-69",84,0
"mode","T1c","80+",1,0
"mode","T1c","70-74",63,0
"mode","T2","75-79",68,0
"mode","T1c","80+",14,0
"mode","T1ab","75-79",66,0
"mode","T1ab","80+",23,0
"mode","T2","80+",94,0
"poor","T2","80+",61,0
"mode","T2","75-79",9,0
"mode","T1ab","70-74",45,2
"poor","T1ab","70-74",22,0
"mode","T2","80+",38,0
"mode","T2","75-79",85,0
"poor","T2","70-74",57,2
"poor","T2","66-69",8,0
"mode","T2","75-79",31,2
"mode","T1c","75-79",65,0
"mode","T1ab","66-69",18,2
"poor","T2","66-69",17,0
"mode","T1c","70-74",41,2
"mode","T2","80+",0,0
"mode","T2","75-79",14,0
"mode","T1c","66-69",22,0
"mode","T2","80+",104,2
"mode","T1ab","66-69",94,0
"mode","T2","80+",18,0
"mode","T1c","80+",73,2
"poor","T2","70-74",35,2
"mode","T1c","80+",26,1
"mode","T1ab","66-69",78,0
"mode","T2","75-79",50,0
"mode","T1c","75-79",92,1
"mode","T2","75-79",69,0
"mode","T1ab","70-74",39,0
"mode","T1ab","66-69",113,0
"poor","T1ab","80+",22,2
"mode","T1ab","75-79",19,0
"mode","T1c","80+",2,0
"poor","T2","80+",11,2
"mode","T2","80+",55,1
"mode","T1ab","80+",16,0
"mode","T1ab","75-79",3,0
"poor","T1c","70-74",0,0
"mode","T1ab","80+",38,2
"mode","T1c","66-69",5,2
"mode","T1c","75-79",100,0
"mode","T1ab","80+",9,0
"mode","T1c","70-74",10,0
"mode","T1ab","80+",49,2
"mode","T1c","70-74",0,0
"mode","T1c","75-79",30,0
"mode","T1ab","80+",40,0
"mode","T2","80+",33,0
"poor","T1c","70-74",8,0
"poor","T2","80+",27,0
"mode","T1c","75-79",52,0
"mode","T1c","75-79",100,0
"mode","T2","66-69",37,0
"mode","T1ab","75-79",113,0
"mode","T1ab","66-69",99,0
"mode","T1c","75-79",28,0
"mode","T1c","80+",18,0
"mode","T1ab","70-74",89,0
"mode","T1c","66-69",4,0
"mode","T1ab","80+",15,1
"mode","T2","75-79",12,0
"mode","T1ab","80+",18,2
"mode","T1c","80+",62,0
"mode","T1c","75-79",21,0
"mode","T2","75-79",51,2
"poor","T2","75-79",73,2
"mode","T1c","70-74",25,0
"mode","T1ab","75-79",57,0
"mode","T1c","80+",76,2
"mode","T2","66-69",39,1
"mode","T1ab","80+",71,0
"poor","T2","80+",5,1
"mode","T2","80+",30,2
"mode","T2","80+",60,0
"mode","T2","75-79",42,0
"mode","T2","70-74",13,0
"poor","T2","80+",3,0
"mode","T1ab","66-69",10,0
"mode","T1c","75-79",23,0
"mode","T1c","70-74",6,0
"mode","T2","75-79",74,0
"mode","T1ab","70-74",51,0
"mode","T2","80+",12,0
"poor","T1c","70-74",60,1
"mode","T1c","80+",36,2
"mode","T1c","70-74",18,0
"mode","T1c","80+",37,0
"mode","T1ab","75-79",40,2
"mode","T2","80+",20,0
"mode","T1c","75-79",74,0
"poor","T1c","70-74",96,0
"poor","T1ab","80+",91,0
"mode","T1ab","80+",22,2
"mode","T1c","75-79",63,2
"mode","T1c","70-74",117,0
"mode","T1c","70-74",10,2
"mode","T2","70-74",35,0
"mode","T1c","70-74",1,0
"poor","T1c","80+",54,0
"mode","T1c","70-74",61,0
"mode","T1c","70-74",11,0
"mode","T1ab","70-74",2,0
"mode","T2","80+",108,0
"mode","T2","70-74",19,0
"poor","T2","80+",31,0
"mode","T1c","75-79",22,2
"mode","T2","80+",65,0
"mode","T1c","75-79",9,0
"mode","T1ab","70-74",5,0
"mode","T1ab","70-74",38,0
"mode","T1ab","66-69",23,2
"poor","T1c","75-79",1,0
"mode","T1c","75-79",9,0
"poor","T1ab","75-79",9,0
"mode","T1c","80+",17,0
"mode","T1c","66-69",89,2
"poor","T2","80+",9,1
"mode","T1c","80+",19,0
"mode","T1c","80+",19,0
"poor","T1c","75-79",44,0
"mode","T1ab","75-79",37,1
"mode","T1c","75-79",94,0
"mode","T1ab","75-79",7,0
"mode","T1ab","66-69",41,0
"mode","T1ab","75-79",22,0
"mode","T1ab","66-69",68,0
"mode","T1ab","75-79",62,2
"mode","T1c","75-79",118,0
"poor","T1c","70-74",36,2
"poor","T1c","80+",98,0
"mode","T1ab","75-79",88,0
"mode","T2","70-74",91,0
"mode","T1ab","80+",22,0
"mode","T1ab","66-69",27,0
"mode","T1c","75-79",31,0
"mode","T1ab","75-79",40,2
"poor","T1c","80+",9,2
"mode","T2","80+",57,2
"mode","T1ab","80+",85,0
"mode","T1c","80+",62,0
"mode","T1c","70-74",78,0
"mode","T1c","80+",9,0
"poor","T1ab","80+",20,0
"poor","T2","70-74",90,0
"mode","T1ab","70-74",39,0
"mode","T1c","70-74",33,0
"poor","T2","80+",42,0
"mode","T1ab","70-74",9,0
"poor","T2","80+",5,0
"poor","T1c","80+",58,2
"poor","T1c","75-79",46,0
"mode","T1c","75-79",21,2
"mode","T1c","75-79",34,0
"mode","T1c","80+",18,0
"mode","T1ab","70-74",23,2
"poor","T1ab","80+",93,2
"mode","T2","80+",52,2
"mode","T2","75-79",103,0
"mode","T1ab","66-69",5,0
"mode","T1c","75-79",17,0
"mode","T1ab","80+",58,2
"mode","T1c","75-79",46,0
"mode","T2","75-79",71,2
"poor","T2","75-79",98,0
"mode","T2","80+",56,0
"mode","T1ab","75-79",23,0
"poor","T1c","75-79",54,0
"mode","T1ab","75-79",24,0
"mode","T1ab","70-74",20,2
"mode","T2","75-79",45,0
"mode","T1c","70-74",22,0
"mode","T1ab","80+",1,2
"poor","T2","80+",54,2
"mode","T2","70-74",47,2
"mode","T1ab","75-79",30,0
"mode","T2","70-74",69,2
"mode","T1c","80+",69,0
"mode","T2","75-79",4,0
"mode","T2","70-74",13,2
"mode","T2","70-74",17,0
"poor","T2","80+",13,0
"mode","T1c","80+",51,0
"mode","T1c","75-79",53,0
"mode","T1c","75-79",84,0
"mode","T2","70-74",22,0
"mode","T1c","66-69",107,0
"mode","T2","70-74",58,0
"mode","T1c","70-74",9,0
"mode","T1c","80+",35,0
"poor","T1ab","80+",12,1
"mode","T1ab","80+",8,0
"poor","T2","66-69",29,0
"mode","T2","66-69",114,0
"mode","T1c","75-79",112,0
"mode","T1c","80+",1,0
"mode","T2","70-74",62,0
"mode","T1c","80+",0,0
"mode","T1ab","80+",66,0
"poor","T1ab","80+",11,0
"mode","T2","80+",87,0
"mode","T1ab","80+",48,0
"mode","T1ab","75-79",9,0
"mode","T2","70-74",17,0
"mode","T1c","80+",22,0
"poor","T1c","80+",85,0
"mode","T1ab","66-69",15,0
"mode","T2","70-74",2,0
"mode","T2","70-74",12,0
"mode","T1ab","66-69",108,0
"mode","T1ab","75-79",30,0
"poor","T1ab","75-79",14,1
"mode","T1c","80+",69,2
"mode","T2","80+",13,0
"mode","T2","80+",0,0
"mode","T2","66-69",6,2
"mode","T1ab","75-79",11,2
"mode","T1ab","75-79",49,0
"mode","T2","75-79",17,0
"mode","T1ab","75-79",14,0
"mode","T1c","70-74",0,0
"mode","T1c","66-69",64,2
"mode","T1c","70-74",58,0
"mode","T1ab","70-74",3,2
"mode","T1c","80+",60,2
"mode","T2","75-79",65,0
"poor","T1c","80+",94,0
"poor","T2","70-74",19,1
"mode","T1ab","70-74",13,0
"mode","T1ab","75-79",98,0
"poor","T2","66-69",64,2
"mode","T2","80+",66,0
"poor","T1ab","70-74",39,0
"mode","T1ab","75-79",72,2
"mode","T2","80+",28,2
"poor","T1ab","80+",22,2
"mode","T1c","75-79",34,0
"mode","T2","70-74",63,0
"poor","T1ab","75-79",51,2
"mode","T2","80+",37,1
"mode","T2","70-74",56,0
"mode","T1ab","80+",15,2
"mode","T1ab","70-74",69,2
"mode","T1c","80+",70,0
"mode","T2","70-74",48,0
"poor","T2","75-79",14,0
"mode","T1c","75-79",66,2
"mode","T1c","80+",6,0
"mode","T2","75-79",110,0
"mode","T2","75-79",73,2
"poor","T2","80+",72,2
"mode","T1ab","75-79",1,0
"mode","T2","80+",9,0
"mode","T1c","75-79",21,0
"mode","T2","80+",7,0
"mode","T1c","75-79",90,0
"poor","T1c","75-79",48,0
"poor","T1c","80+",4,0
"mode","T1c","80+",76,2
"mode","T1ab","80+",17,2
"mode","T2","75-79",26,2
"poor","T2","70-74",37,1
"mode","T1ab","70-74",8,0
"mode","T1c","80+",12,0
"mode","T2","70-74",80,0
"mode","T2","80+",57,0
"poor","T2","70-74",23,0
"mode","T1c","70-74",7,0
"mode","T2","75-79",3,0
"mode","T1ab","80+",21,0
"poor","T2","70-74",1,0
"mode","T2","75-79",9,0
"mode","T1c","80+",13,0
"mode","T2","70-74",108,0
"mode","T1c","80+",59,0
"mode","T2","80+",4,0
"mode","T2","80+",65,0
"mode","T1ab","70-74",40,2
"mode","T1c","80+",50,0
"mode","T1c","66-69",13,2
"mode","T1c","75-79",98,0
"mode","T2","70-74",68,0
"mode","T1c","75-79",34,0
"mode","T2","70-74",15,0
"mode","T1ab","66-69",33,0
"mode","T2","80+",108,2
"mode","T2","70-74",12,0
"mode","T2","75-79",23,0
"poor","T1ab","75-79",9,0
"mode","T1ab","75-79",21,0
"mode","T1c","75-79",69,0
"mode","T1c","80+",51,2
"mode","T1ab","80+",4,2
"mode","T1c","66-69",87,0
"mode","T1c","75-79",9,0
"mode","T2","75-79",13,0
"poor","T1ab","80+",4,0
"mode","T1ab","80+",36,0
"mode","T1c","80+",14,0
"mode","T1ab","80+",6,0
"mode","T1c","80+",9,0
"mode","T2","75-79",0,0
"mode","T1ab","75-79",75,2
"mode","T2","80+",95,0
"poor","T2","80+",5,0
"poor","T2","75-79",13,0
"mode","T1c","80+",9,2
"mode","T1ab","80+",40,0
"mode","T1c","75-79",55,0
"mode","T1ab","66-69",48,2
"poor","T2","80+",8,0
"mode","T2","80+",35,0
"mode","T1c","75-79",61,0
"mode","T1c","66-69",5,0
"poor","T2","80+",8,0
"poor","T2","75-79",10,2
"mode","T2","80+",50,0
"mode","T1ab","80+",62,0
"mode","T2","80+",15,0
"mode","T2","75-79",117,0
"mode","T1ab","80+",21,2
"mode","T1ab","66-69",0,0
"mode","T2","80+",76,2
"mode","T2","80+",63,0
"mode","T2","80+",13,0
"mode","T1ab","70-74",31,0
"mode","T1ab","66-69",98,0
"poor","T2","75-79",54,0
"mode","T1c","80+",21,0
"mode","T1c","70-74",42,0
"poor","T1c","75-79",91,0
"poor","T1c","70-74",0,0
"mode","T1ab","80+",32,0
"poor","T1c","75-79",4,0
"poor","T2","66-69",2,0
"poor","T1c","70-74",73,0
"poor","T2","80+",111,0
"mode","T2","80+",54,0
"mode","T1ab","75-79",63,1
"mode","T1ab","80+",41,2
"mode","T2","80+",14,1
"mode","T2","80+",38,2
"mode","T2","80+",52,0
"poor","T2","70-74",7,2
"mode","T2","75-79",30,0
"mode","T2","70-74",111,0
"mode","T1ab","80+",20,0
"mode","T2","75-79",58,0
"poor","T2","80+",18,0
"mode","T2","80+",42,2
"mode","T1c","70-74",107,0
"mode","T1ab","80+",21,2
"mode","T1ab","70-74",4,0
"mode","T2","66-69",23,0
"mode","T1c","80+",60,2
"mode","T1c","80+",50,0
"mode","T2","70-74",43,0
"mode","T2","80+",0,0
"mode","T1c","75-79",50,2
"mode","T1ab","66-69",45,0
"mode","T2","70-74",1,2
"mode","T1c","75-79",23,0
"poor","T2","66-69",30,0
"mode","T2","66-69",38,0
"mode","T2","75-79",2,0
"poor","T2","80+",7,0
"mode","T2","75-79",93,0
"poor","T1ab","75-79",72,0
"mode","T2","70-74",23,0
"mode","T1c","75-79",15,0
"mode","T2","80+",3,0
"mode","T1c","75-79",48,2
"mode","T1ab","66-69",1,0
"mode","T1c","80+",66,1
"mode","T1ab","66-69",84,0
"mode","T2","80+",14,0
"mode","T1ab","75-79",13,0
"mode","T2","80+",23,0
"mode","T2","75-79",58,1
"mode","T2","66-69",46,0
"mode","T2","70-74",111,0
"mode","T1c","75-79",83,2
"poor","T2","75-79",38,0
"mode","T1c","80+",9,2
"mode","T1c","70-74",61,0
"mode","T1ab","80+",7,0
"mode","T1c","75-79",56,2
"poor","T2","80+",13,0
"poor","T2","80+",51,2
"mode","T2","75-79",13,0
"mode","T1c","70-74",20,0
"mode","T1c","75-79",99,0
"poor","T2","70-74",41,2
"mode","T1c","66-69",81,0
"mode","T1c","80+",48,0
"mode","T1ab","80+",28,2
"mode","T2","80+",31,2
"mode","T2","80+",23,0
"mode","T1ab","80+",13,0
"mode","T2","75-79",14,0
"mode","T2","80+",57,2
"mode","T1c","70-74",0,0
"mode","T2","80+",37,2
"mode","T1c","75-79",46,2
"mode","T1ab","66-69",14,0
"mode","T1ab","80+",53,2
"mode","T1ab","80+",7,2
"poor","T1c","80+",7,0
"mode","T1c","70-74",9,0
"mode","T2","66-69",40,2
"mode","T2","75-79",60,0
"mode","T1c","70-74",89,0
"mode","T2","66-69",14,0
"mode","T1ab","70-74",5,0
"mode","T2","75-79",12,0
"poor","T2","70-74",13,0
"poor","T1ab","80+",9,0
"mode","T2","80+",40,0
"mode","T1c","80+",14,0
"mode","T1c","75-79",7,0
"mode","T1ab","75-79",55,2
"mode","T1ab","66-69",70,0
"mode","T2","75-79",1,0
"mode","T2","70-74",61,0
"poor","T1c","80+",53,0
"mode","T2","80+",26,0
"mode","T1ab","66-69",50,2
"mode","T1ab","80+",11,0
"mode","T2","75-79",89,0
"mode","T2","75-79",118,0
"mode","T1ab","80+",10,0
"mode","T1c","70-74",43,0
"poor","T2","75-79",25,0
"mode","T1c","70-74",18,0
"mode","T2","75-79",42,0
"mode","T1c","80+",16,2
"mode","T2","75-79",17,0
"mode","T1c","66-69",104,0
"mode","T2","66-69",40,0
"mode","T2","75-79",28,0
"mode","T2","70-74",32,2
"mode","T1ab","66-69",68,0
"mode","T1ab","66-69",90,0
"poor","T2","70-74",3,0
"mode","T2","70-74",60,0
"mode","T1c","75-79",41,2
"mode","T1ab","70-74",50,0
"mode","T2","80+",11,0
"mode","T1c","70-74",76,0
"mode","T2","66-69",6,0
"mode","T2","75-79",16,0
"mode","T1c","70-74",21,0
"poor","T1ab","80+",21,0
"poor","T2","80+",41,2
"mode","T1c","75-79",10,0
"mode","T1c","80+",36,0
"poor","T1c","80+",6,2
"mode","T1ab","70-74",33,1
"mode","T1c","66-69",16,0
"mode","T2","80+",33,0
"mode","T1ab","70-74",94,0
"mode","T1ab","70-74",2,0
"mode","T2","66-69",44,0
"mode","T1ab","70-74",8,0
"poor","T2","66-69",14,2
"mode","T2","75-79",2,0
"poor","T1c","75-79",43,2
"poor","T2","70-74",9,0
"mode","T1c","66-69",85,0
"mode","T2","66-69",43,0
"mode","T1ab","75-79",28,0
"mode","T1c","75-79",12,0
"mode","T1c","80+",4,0
"mode","T2","80+",21,0
"mode","T2","80+",34,0
"mode","T2","75-79",54,0
"poor","T1c","75-79",34,2
"poor","T2","70-74",15,0
"mode","T1ab","80+",35,2
"mode","T2","70-74",37,0
"mode","T2","80+",49,0
"mode","T1c","80+",17,0
"mode","T2","70-74",9,0
"mode","T2","75-79",73,2
"mode","T1ab","70-74",46,0
"poor","T1c","80+",20,0
"mode","T1ab","70-74",79,0
"mode","T2","75-79",91,0
"mode","T2","70-74",39,0
"mode","T2","75-79",5,0
"mode","T1ab","75-79",38,0
"mode","T1c","80+",77,0
"mode","T1ab","70-74",6,0
"mode","T1c","80+",64,2
"poor","T2","80+",20,0
"mode","T2","75-79",11,2
"mode","T2","75-79",6,0
"poor","T1c","80+",14,0
"mode","T1c","70-74",24,2
"mode","T1c","66-69",62,0
"mode","T1ab","80+",52,2
"mode","T1ab","80+",24,2
"poor","T2","70-74",8,0
"mode","T2","80+",68,2
"mode","T1c","75-79",29,1
"mode","T1ab","80+",4,0
"mode","T1c","75-79",73,0
"mode","T1c","75-79",77,0
"mode","T1c","70-74",77,0
"mode","T1ab","75-79",69,2
"mode","T2","80+",13,2
"mode","T2","80+",11,0
"mode","T1c","80+",45,2
"mode","T2","70-74",84,2
"mode","T1c","75-79",6,0
"poor","T2","80+",5,0
"poor","T1c","75-79",54,2
"mode","T1ab","75-79",9,0
"mode","T1ab","80+",38,0
"mode","T1c","75-79",70,0
"mode","T2","75-79",32,0
"mode","T1c","75-79",13,0
"mode","T1c","75-79",41,0
"mode","T1ab","80+",49,0
"poor","T1ab","80+",1,2
"mode","T1ab","80+",23,1
"mode","T1c","75-79",63,0
"poor","T2","80+",34,2
"mode","T2","80+",61,0
"mode","T2","75-79",10,2
"mode","T2","70-74",0,0
"poor","T2","80+",13,0
"mode","T2","70-74",90,1
"mode","T2","80+",3,0
"mode","T1ab","70-74",16,0
"mode","T2","70-74",33,2
"mode","T2","75-79",23,0
"mode","T1ab","70-74",44,0
"poor","T2","75-79",27,0
"poor","T1c","80+",17,0
"mode","T1c","70-74",119,0
"mode","T2","75-79",6,0
"mode","T1c","80+",97,0
"mode","T1c","66-69",8,0
"poor","T1ab","80+",5,0
"mode","T2","75-79",64,0
"poor","T2","70-74",90,0
"mode","T1c","75-79",7,0
"mode","T2","80+",30,1
"mode","T1ab","80+",66,2
"mode","T2","80+",19,0
"mode","T1c","80+",25,0
"mode","T2","66-69",67,2
"mode","T1ab","70-74",21,0
"mode","T1ab","75-79",7,0
"mode","T1c","75-79",8,0
"mode","T1c","75-79",2,0
"mode","T1ab","75-79",73,0
"mode","T2","75-79",9,0
"poor","T2","70-74",18,0
"poor","T2","80+",15,1
"mode","T1ab","70-74",109,0
"poor","T2","75-79",41,0
"mode","T1c","80+",16,1
"mode","T1ab","75-79",73,0
"mode","T1c","75-79",55,2
"poor","T2","80+",15,1
"mode","T2","75-79",118,0
"poor","T2","75-79",14,0
"mode","T1ab","80+",64,2
"mode","T2","80+",21,2
"poor","T1ab","80+",28,0
"mode","T1ab","80+",42,0
"mode","T2","80+",61,0
"mode","T2","80+",37,1
"mode","T1ab","80+",46,2
"mode","T2","75-79",51,0
"poor","T1c","70-74",91,0
"mode","T2","66-69",98,0
"mode","T2","80+",95,0
"mode","T1c","75-79",34,0
"mode","T1c","75-79",52,0
"mode","T1c","70-74",10,2
"poor","T1c","75-79",87,0
"mode","T1ab","75-79",33,0
"mode","T1c","80+",12,2
"mode","T1ab","80+",28,2
"mode","T2","75-79",51,0
"poor","T1ab","80+",79,0
"poor","T1ab","70-74",36,1
"mode","T2","75-79",110,0
"poor","T2","80+",20,1
"mode","T1ab","80+",13,0
"mode","T1ab","80+",44,2
"mode","T1c","75-79",16,2
"mode","T2","75-79",70,2
"mode","T1ab","75-79",3,0
"mode","T2","75-79",77,0
"mode","T1ab","80+",7,0
"mode","T2","70-74",10,2
"mode","T1c","66-69",19,0
"mode","T2","80+",19,0
"mode","T1ab","80+",0,0
"mode","T1ab","75-79",53,2
"mode","T1ab","80+",8,0
"poor","T1c","75-79",28,0
"mode","T1ab","75-79",33,2
"mode","T1c","80+",9,0
"mode","T2","75-79",40,1
"mode","T2","75-79",27,2
"mode","T2","75-79",42,0
"mode","T1ab","66-69",31,0
"mode","T1c","75-79",57,0
"mode","T1c","66-69",0,0
"mode","T1c","66-69",41,0
"poor","T1c","66-69",17,2
"mode","T1c","75-79",77,0
"mode","T1c","70-74",13,0
"mode","T1ab","75-79",9,0
"poor","T2","75-79",108,0
"mode","T1ab","75-79",77,2
"mode","T1ab","75-79",50,2
"mode","T1c","75-79",21,0
"mode","T2","80+",43,2
"poor","T1ab","75-79",8,2
"mode","T2","80+",9,0
"mode","T2","70-74",3,2
"mode","T1ab","75-79",28,2
"mode","T1c","80+",50,2
"mode","T2","66-69",16,0
"mode","T1ab","75-79",70,2
"mode","T1c","80+",46,0
"mode","T1c","70-74",37,2
"poor","T2","70-74",94,0
"mode","T1ab","80+",78,2
"mode","T1c","70-74",86,0
"mode","T1c","75-79",15,0
"mode","T1c","75-79",44,0
"mode","T1ab","75-79",71,2
"mode","T2","75-79",28,0
"poor","T1c","80+",13,0
"poor","T1ab","80+",44,2
"mode","T2","70-74",38,0
"poor","T1c","75-79",9,0
"mode","T1ab","75-79",60,0
"mode","T1c","75-79",65,0
"mode","T1ab","80+",103,0
"poor","T2","80+",38,2
"poor","T2","75-79",29,2
"mode","T1ab","80+",22,0
"mode","T2","80+",55,0
"mode","T1ab","70-74",29,0
"poor","T2","75-79",22,0
"poor","T2","66-69",21,0
"mode","T1c","80+",14,0
"mode","T2","70-74",7,0
"poor","T2","75-79",97,0
"mode","T1ab","70-74",51,0
"mode","T2","80+",5,2
"poor","T1c","80+",24,2
"mode","T1ab","80+",38,2
"poor","T1c","80+",22,0
"mode","T1c","80+",22,2
"mode","T1c","75-79",10,2
"mode","T1c","80+",49,0
"mode","T2","75-79",42,0
"mode","T1c","75-79",21,1
"mode","T2","66-69",21,0
"mode","T2","80+",87,2
"mode","T1ab","75-79",25,0
"mode","T1ab","80+",65,2
"poor","T2","80+",52,0
"mode","T1c","70-74",16,0
"mode","T1ab","75-79",4,0
"mode","T2","75-79",13,2
"mode","T2","80+",50,0
"poor","T1c","75-79",89,2
"mode","T2","75-79",57,0
"poor","T2","70-74",19,0
"mode","T1c","80+",36,2
"mode","T2","80+",51,0
"mode","T1c","80+",4,0
"mode","T1ab","75-79",49,2
"poor","T1c","75-79",28,2
"poor","T1c","66-69",16,0
"mode","T1c","66-69",10,0
"mode","T1c","70-74",86,2
"poor","T1ab","75-79",47,2
"mode","T1ab","70-74",36,0
"poor","T1ab","75-79",49,2
"mode","T2","75-79",109,2
"mode","T1c","80+",15,0
"mode","T2","80+",78,0
"poor","T2","80+",8,2
"mode","T2","66-69",95,0
"mode","T1c","70-74",62,0
"poor","T1ab","75-79",10,0
"poor","T2","80+",42,0
"poor","T1c","75-79",28,0
"mode","T1c","75-79",30,0
"mode","T1c","70-74",116,1
"mode","T2","80+",66,0
"mode","T1c","70-74",8,0
"poor","T1c","75-79",62,2
"poor","T1ab","75-79",68,1
"poor","T2","80+",28,1
"mode","T1c","70-74",13,0
"mode","T2","80+",29,0
"poor","T1c","75-79",8,0
"mode","T2","66-69",24,0
"mode","T2","75-79",112,0
"mode","T1ab","80+",32,0
"mode","T1c","70-74",8,2
"mode","T2","75-79",66,0
"poor","T2","75-79",20,1
"mode","T2","80+",101,0
"mode","T1c","80+",53,0
"mode","T1c","75-79",46,1
"mode","T2","75-79",19,0
"mode","T2","75-79",3,0
"mode","T1ab","80+",45,2
"poor","T1c","75-79",11,0
"mode","T1c","80+",22,2
"mode","T1ab","70-74",1,2
"mode","T1ab","66-69",20,0
"mode","T1c","70-74",15,0
"mode","T1ab","80+",47,2
"mode","T2","70-74",76,1
"poor","T1c","70-74",2,0
"poor","T2","66-69",5,0
"mode","T1ab","75-79",12,0
"mode","T1ab","70-74",9,0
"mode","T1c","70-74",18,0
"mode","T1ab","70-74",37,2
"mode","T1ab","70-74",53,0
"mode","T2","80+",43,0
"mode","T1c","70-74",17,0
"poor","T2","75-79",34,2
"mode","T2","80+",21,0
"poor","T2","66-69",33,2
"mode","T2","70-74",80,0
"mode","T1c","70-74",4,0
"poor","T1ab","80+",78,0
"mode","T1c","75-79",24,0
"poor","T1c","70-74",10,0
"mode","T2","80+",30,2
"mode","T1c","80+",21,0
"mode","T1c","80+",98,0
"mode","T1ab","70-74",40,2
"mode","T2","80+",4,0
"mode","T1ab","80+",30,2
"poor","T2","80+",41,2
"mode","T2","70-74",48,0
"poor","T2","80+",66,0
"mode","T1ab","66-69",84,0
"mode","T1c","70-74",3,0
"mode","T1ab","75-79",39,2
"poor","T1c","80+",13,0
"mode","T1ab","75-79",58,0
"mode","T2","75-79",10,0
"mode","T2","75-79",12,2
"mode","T1c","80+",29,0
"mode","T1c","70-74",24,0
"mode","T1c","66-69",13,0
"mode","T1c","80+",76,2
"mode","T1ab","80+",1,2
"mode","T1c","80+",60,0
"poor","T2","70-74",35,1
"mode","T1c","80+",58,0
"mode","T1ab","80+",33,1
"mode","T1c","80+",98,0
"mode","T1c","80+",77,0
"poor","T1ab","80+",17,1
"mode","T1ab","75-79",10,0
"mode","T1ab","75-79",63,0
"mode","T2","80+",26,0
"poor","T2","70-74",31,1
"poor","T1c","75-79",50,0
"poor","T2","75-79",7,0
"mode","T1ab","70-74",91,0
"mode","T1ab","70-74",8,2
"mode","T1c","80+",55,0
"mode","T1c","66-69",3,0
"mode","T1c","75-79",116,0
"mode","T2","75-79",12,1
"mode","T1c","80+",74,1
"mode","T2","75-79",34,2
"mode","T2","66-69",31,2
"poor","T2","75-79",2,0
"poor","T1c","80+",5,0
"mode","T1c","80+",92,2
"mode","T1ab","80+",83,0
"mode","T2","66-69",54,2
"mode","T1c","70-74",101,0
"poor","T1ab","75-79",2,0
"mode","T1c","66-69",13,0
"mode","T1c","80+",24,0
"mode","T1c","70-74",111,0
"mode","T1ab","70-74",80,0
"poor","T2","80+",13,0
"mode","T1ab","80+",11,0
"mode","T2","80+",53,2
"mode","T2","75-79",99,0
"poor","T2","80+",14,0
"mode","T2","75-79",75,0
"mode","T1ab","75-79",34,0
"mode","T1ab","75-79",0,0
"mode","T2","80+",6,0
"mode","T2","75-79",8,0
"mode","T2","75-79",55,0
"mode","T2","80+",21,0
"mode","T1c","66-69",18,0
"mode","T2","70-74",89,2
"mode","T1ab","70-74",97,0
"poor","T2","75-79",4,0
"mode","T1ab","75-79",11,0
"poor","T2","70-74",16,0
"mode","T1c","80+",22,0
"mode","T2","75-79",2,0
"mode","T1c","80+",38,0
"mode","T1c","75-79",57,1
"mode","T2","80+",2,0
"mode","T2","80+",19,0
"mode","T1ab","70-74",39,2
"mode","T1ab","80+",19,0
"mode","T1c","80+",47,1
"mode","T1c","70-74",0,0
"mode","T2","75-79",52,0
"poor","T1ab","80+",1,0
"mode","T1ab","80+",2,0
"mode","T2","80+",61,0
"mode","T1ab","75-79",62,2
"mode","T2","80+",2,0
"mode","T1ab","75-79",83,2
"mode","T1c","66-69",78,0
"mode","T2","75-79",4,0
"mode","T1ab","75-79",1,2
"mode","T1ab","66-69",63,0
"mode","T1c","80+",34,0
"poor","T2","75-79",37,0
"poor","T1ab","80+",87,2
"mode","T1c","70-74",7,0
"poor","T1ab","80+",3,0
"poor","T2","80+",40,0
"mode","T2","80+",50,2
"mode","T1ab","75-79",59,2
"mode","T2","75-79",0,0
"mode","T2","66-69",44,0
"mode","T1ab","70-74",52,2
"mode","T1ab","80+",91,1
"mode","T1ab","80+",65,2
"poor","T1ab","75-79",42,1
"mode","T2","75-79",45,0
"mode","T1ab","80+",4,0
"mode","T1c","66-69",9,0
"mode","T2","80+",25,0
"poor","T2","70-74",22,0
"mode","T1ab","80+",48,0
"poor","T1ab","75-79",6,1
"mode","T1ab","80+",21,0
"mode","T2","75-79",29,0
"mode","T2","80+",65,0
"mode","T1ab","80+",55,2
"mode","T1ab","80+",14,1
"mode","T2","75-79",70,0
"mode","T1c","70-74",79,0
"poor","T2","75-79",48,2
"mode","T2","80+",59,2
"poor","T2","75-79",31,2
"mode","T1ab","75-79",114,0
"mode","T1ab","80+",10,2
"poor","T1c","75-79",16,2
"mode","T1ab","80+",20,0
"mode","T2","75-79",35,2
"mode","T2","80+",78,0
"mode","T1c","75-79",50,0
"mode","T1ab","75-79",0,0
"poor","T2","75-79",8,0
"mode","T2","80+",48,0
"mode","T2","70-74",5,0
"mode","T1c","70-74",88,2
"mode","T2","70-74",93,0
"mode","T2","75-79",8,0
"mode","T2","80+",14,0
"mode","T1c","66-69",90,2
"mode","T1c","75-79",27,0
"poor","T2","80+",0,0
"mode","T1c","80+",17,0
"poor","T1c","66-69",115,0
"mode","T1c","80+",13,2
"mode","T1c","75-79",19,0
"mode","T2","75-79",10,2
"mode","T1ab","70-74",83,2
"mode","T1c","70-74",87,0
"mode","T1c","80+",56,0
"mode","T2","70-74",0,0
"mode","T2","75-79",22,0
"poor","T2","80+",20,0
"mode","T1ab","66-69",20,0
"mode","T2","80+",23,0
"mode","T1c","70-74",58,0
"mode","T1ab","75-79",3,0
"mode","T1ab","75-79",18,0
"mode","T1c","80+",21,0
"mode","T1c","75-79",5,0
"mode","T1ab","66-69",3,0
"mode","T1ab","80+",16,0
"mode","T1c","75-79",30,2
"poor","T2","75-79",9,0
"mode","T1ab","70-74",2,0
"poor","T1c","70-74",90,0
"mode","T1c","70-74",7,2
"mode","T2","80+",5,0
"mode","T1ab","66-69",26,2
"poor","T1c","75-79",69,0
"mode","T1c","80+",13,0
"poor","T1c","75-79",105,0
"mode","T1c","80+",14,0
"poor","T1c","70-74",83,0
"mode","T2","75-79",41,1
"mode","T2","80+",42,0
"mode","T2","80+",9,0
"mode","T1ab","70-74",108,0
"mode","T1ab","75-79",19,0
"mode","T1ab","70-74",0,0
"mode","T2","70-74",53,1
"mode","T1c","66-69",30,0
"mode","T1c","70-74",50,2
"poor","T2","80+",37,0
"poor","T2","75-79",39,0
"mode","T1c","80+",16,2
"mode","T1c","70-74",94,1
"mode","T2","75-79",67,2
"mode","T1ab","70-74",33,0
"poor","T2","80+",34,1
"poor","T1ab","80+",5,1
"mode","T1c","80+",51,0
"mode","T2","75-79",12,0
"mode","T1ab","75-79",86,0
"mode","T1c","75-79",39,0
"mode","T2","75-79",82,2
"poor","T1ab","80+",10,2
"mode","T2","70-74",114,0
"mode","T2","80+",58,2
"mode","T1ab","80+",5,0
"mode","T2","70-74",5,0
"mode","T2","80+",18,2
"mode","T1c","66-69",15,0
"mode","T1c","80+",22,0
"mode","T1c","66-69",108,0
"mode","T1ab","75-79",36,2
"mode","T1c","70-74",10,0
"mode","T1ab","80+",3,1
"mode","T1c","75-79",69,0
"mode","T1c","80+",17,0
"mode","T2","80+",5,0
"poor","T2","75-79",8,2
"mode","T1c","75-79",59,0
"poor","T1ab","66-69",112,0
"poor","T2","75-79",97,0
"poor","T2","75-79",53,0
"mode","T2","75-79",110,0
"mode","T1ab","75-79",15,2
"poor","T2","66-69",68,1
"mode","T1ab","75-79",54,2
"mode","T1ab","80+",19,2
"mode","T1ab","80+",79,0
"mode","T1c","75-79",37,0
"mode","T2","75-79",7,0
"mode","T1c","66-69",101,0
"mode","T1c","75-79",28,0
"mode","T1c","75-79",105,0
"mode","T2","66-69",56,0
"poor","T2","80+",48,0
"mode","T2","75-79",13,0
"poor","T2","80+",21,2
"mode","T2","70-74",114,0
"mode","T2","80+",61,2
"mode","T1ab","66-69",13,0
"mode","T2","75-79",19,0
"mode","T1c","80+",29,0
"mode","T2","80+",60,0
"mode","T2","75-79",3,0
"poor","T1c","80+",91,0
"poor","T2","70-74",32,0
"poor","T1ab","80+",29,2
"mode","T2","80+",13,0
"mode","T1c","66-69",14,1
"poor","T1ab","70-74",13,0
"mode","T2","66-69",24,2
"poor","T2","80+",16,1
"mode","T1ab","80+",44,2
"mode","T1c","80+",33,0
"mode","T1ab","80+",32,0
"mode","T2","75-79",6,0
"mode","T1ab","70-74",32,2
"poor","T2","80+",48,1
"mode","T2","80+",37,0
"mode","T2","80+",2,0
"mode","T2","80+",79,0
"poor","T1c","80+",11,0
"mode","T1c","70-74",104,0
"mode","T1ab","80+",85,0
"mode","T1c","66-69",11,0
"mode","T1ab","70-74",2,0
"mode","T1c","80+",119,0
"mode","T1c","75-79",21,0
"mode","T2","80+",7,0
"poor","T1c","66-69",23,0
"poor","T2","70-74",40,2
"poor","T1c","75-79",3,1
"mode","T2","75-79",7,0
"mode","T2","70-74",0,0
"mode","T2","70-74",74,2
"mode","T2","75-79",1,0
"poor","T2","75-79",9,2
"mode","T2","75-79",20,0
"mode","T2","70-74",79,0
"mode","T2","75-79",100,2
"mode","T2","66-69",56,0
"mode","T1c","75-79",83,2
"mode","T1ab","70-74",52,0
"mode","T2","80+",12,0
"mode","T1c","75-79",98,0
"mode","T2","80+",20,0
"poor","T2","80+",13,2
"mode","T1c","75-79",5,0
"mode","T2","75-79",60,0
"poor","T2","80+",10,0
"mode","T1ab","66-69",12,0
"mode","T2","80+",22,0
"mode","T1ab","70-74",8,0
"mode","T1c","70-74",94,0
"mode","T1c","66-69",57,2
"mode","T1c","80+",20,0
"mode","T1ab","66-69",1,0
"mode","T1ab","66-69",27,0
"mode","T2","80+",30,2
"poor","T2","75-79",95,0
"poor","T2","80+",110,2
"mode","T1ab","80+",46,2
"mode","T2","70-74",113,0
"mode","T1c","80+",20,0
"mode","T1ab","70-74",18,2
"mode","T2","66-69",0,0
"mode","T1ab","66-69",9,0
"mode","T1ab","80+",26,2
"mode","T1c","66-69",71,0
"mode","T2","66-69",85,0
"mode","T1ab","66-69",72,0
"mode","T1ab","80+",68,2
"mode","T2","70-74",41,0
"mode","T2","80+",37,0
"mode","T1ab","70-74",18,0
"mode","T2","80+",61,1
"mode","T1c","66-69",61,0
"mode","T2","70-74",103,0
"mode","T2","70-74",31,0
"poor","T2","80+",2,0
"mode","T1ab","80+",17,0
"mode","T2","80+",95,2
"mode","T1c","75-79",26,0
"mode","T2","75-79",21,0
"poor","T2","70-74",22,2
"mode","T2","80+",5,0
"mode","T2","80+",10,2
"mode","T1c","80+",10,0
"mode","T1c","80+",94,2
"mode","T1ab","80+",66,0
"mode","T1c","70-74",18,0
"mode","T1ab","80+",48,0
"mode","T1c","66-69",66,0
"mode","T2","80+",10,2
"poor","T1ab","75-79",20,0
"mode","T1c","70-74",2,0
"poor","T1ab","75-79",54,0
"mode","T2","75-79",20,0
"mode","T1ab","66-69",36,0
"mode","T1c","75-79",102,0
"mode","T1ab","70-74",16,0
"mode","T2","66-69",70,2
"mode","T2","70-74",34,0
"mode","T1c","70-74",10,1
"mode","T2","80+",2,0
"mode","T1ab","75-79",42,0
"poor","T1c","75-79",19,0
"mode","T2","80+",20,0
"poor","T2","75-79",44,1
"mode","T2","70-74",66,0
"mode","T2","80+",28,0
"mode","T1c","70-74",4,0
"mode","T2","80+",42,2
"poor","T2","75-79",16,0
"mode","T1ab","80+",59,0
"mode","T1ab","70-74",64,0
"mode","T1ab","70-74",67,0
"mode","T2","80+",15,0
"mode","T2","75-79",7,0
"mode","T1ab","75-79",15,0
"mode","T2","80+",48,2
"mode","T1c","70-74",12,0
"mode","T1ab","66-69",117,0
"mode","T1ab","75-79",35,0
"mode","T1c","80+",5,0
"mode","T1c","80+",41,2
"mode","T1c","75-79",7,0
"mode","T1c","75-79",61,2
"mode","T1ab","66-69",18,0
"mode","T1ab","75-79",116,0
"mode","T1c","75-79",103,0
"mode","T1ab","75-79",47,2
"mode","T1c","80+",9,2
"mode","T2","70-74",23,0
"mode","T1c","75-79",11,0
"mode","T2","75-79",14,0
"mode","T1c","66-69",14,0
"poor","T2","80+",12,0
"poor","T2","75-79",30,0
"poor","T2","70-74",100,0
"poor","T1c","80+",83,2
"mode","T2","70-74",48,0
"mode","T1c","75-79",96,0
"poor","T2","80+",1,0
"mode","T1c","75-79",4,0
"mode","T1c","70-74",16,0
"mode","T2","70-74",3,0
"mode","T1ab","70-74",94,0
"mode","T1ab","80+",62,0
"poor","T1c","80+",14,2
"mode","T1c","75-79",78,0
"mode","T1ab","75-79",0,0
"mode","T2","80+",3,0
"mode","T1ab","70-74",3,0
"mode","T1ab","66-69",14,0
"mode","T1ab","66-69",102,2
"mode","T2","80+",1,2
"mode","T1ab","66-69",77,0
"mode","T2","75-79",25,0
"mode","T2","66-69",26,0
"mode","T2","75-79",3,0
"mode","T1ab","70-74",41,0
"mode","T1c","75-79",12,0
"poor","T1ab","80+",25,2
"poor","T1ab","70-74",4,0
"mode","T1ab","80+",43,0
"mode","T1ab","66-69",119,0
"mode","T2","75-79",5,0
"mode","T1c","75-79",14,0
"mode","T1c","80+",90,2
"poor","T2","80+",48,0
"poor","T1ab","80+",19,0
"mode","T1c","75-79",82,0
"mode","T1ab","75-79",117,0
"poor","T2","80+",34,0
"mode","T1ab","75-79",67,1
"mode","T1c","75-79",118,0
"poor","T2","80+",48,2
"poor","T2","75-79",24,2
"mode","T1ab","70-74",76,0
"poor","T2","80+",44,2
"poor","T1ab","75-79",0,0
"mode","T2","70-74",2,0
"mode","T2","70-74",10,0
"mode","T1c","80+",19,0
"mode","T1c","70-74",0,0
"mode","T1c","70-74",76,0
"mode","T1c","80+",1,0
"mode","T1c","70-74",91,0
"mode","T1c","75-79",109,0
"poor","T2","75-79",26,2
"mode","T1ab","75-79",88,0
"mode","T2","80+",16,2
"mode","T1ab","75-79",8,0
"mode","T2","80+",19,2
"poor","T2","80+",64,1
"mode","T1ab","70-74",0,0
"poor","T2","80+",6,0
"poor","T2","75-79",12,0
"poor","T1c","70-74",49,0
"mode","T1c","70-74",33,0
"mode","T2","80+",25,2
"mode","T1c","66-69",4,0
"mode","T1ab","75-79",3,0
"mode","T2","70-74",34,0
"mode","T2","70-74",50,2
"poor","T1c","66-69",118,0
"mode","T1ab","75-79",0,0
"poor","T1c","80+",56,0
"mode","T2","66-69",36,0
"mode","T2","80+",18,1
"mode","T2","80+",95,0
"mode","T2","75-79",52,1
"mode","T1ab","75-79",23,0
"mode","T1ab","75-79",33,2
"poor","T1ab","80+",33,0
"mode","T2","75-79",73,0
"mode","T1c","70-74",13,0
"mode","T1ab","70-74",22,0
"poor","T1ab","75-79",57,0
"mode","T2","75-79",32,2
"mode","T2","66-69",46,0
"mode","T2","80+",17,2
"mode","T2","75-79",35,1
"poor","T1c","70-74",52,2
"poor","T2","80+",26,1
"mode","T1c","75-79",11,0
"poor","T1c","75-79",3,0
"mode","T2","70-74",3,0
"mode","T1c","66-69",20,0
"mode","T2","75-79",100,2
"poor","T1ab","80+",15,2
"poor","T2","80+",11,2
"mode","T1ab","75-79",83,2
"poor","T1c","80+",5,0
"mode","T2","80+",49,0
"poor","T1ab","80+",19,0
"mode","T2","80+",25,2
"mode","T2","75-79",67,2
"mode","T1ab","75-79",4,0
"poor","T1ab","70-74",21,0
"mode","T1c","66-69",21,0
"mode","T2","70-74",56,0
"mode","T1c","75-79",92,0
"mode","T1c","75-79",47,1
"mode","T1c","80+",39,0
"mode","T1c","80+",54,1
"mode","T2","75-79",99,0
"mode","T1ab","80+",51,2
"mode","T1ab","75-79",78,0
"mode","T1c","66-69",22,0
"poor","T2","70-74",62,0
"mode","T2","80+",29,2
"mode","T2","75-79",73,0
"mode","T2","80+",11,0
"mode","T2","70-74",12,0
"mode","T2","75-79",12,0
"mode","T1c","75-79",37,0
"mode","T1ab","70-74",45,0
"mode","T1c","80+",9,0
"poor","T2","80+",30,0
"mode","T1c","70-74",13,0
"mode","T2","70-74",17,0
"mode","T1c","75-79",5,2
"poor","T1c","80+",39,0
"mode","T1c","70-74",46,0
"mode","T1ab","80+",78,0
"mode","T1ab","80+",24,2
"mode","T1c","75-79",0,0
"poor","T2","80+",12,0
"mode","T1c","75-79",30,1
"mode","T1c","66-69",24,1
"mode","T2","75-79",85,0
"mode","T2","80+",106,2
"mode","T1ab","80+",11,0
"mode","T2","66-69",5,0
"mode","T1c","75-79",110,0
"mode","T2","66-69",83,0
"poor","T2","66-69",40,0
"mode","T2","80+",66,0
"mode","T1c","75-79",20,0
"mode","T2","80+",85,0
"mode","T1ab","75-79",76,2
"mode","T2","80+",78,0
"mode","T2","80+",10,0
"mode","T1c","75-79",16,0
"mode","T1c","70-74",112,0
"poor","T1ab","70-74",106,0
"mode","T2","75-79",50,0
"mode","T1ab","75-79",2,0
"mode","T2","80+",60,0
"mode","T2","66-69",2,0
"mode","T1ab","80+",76,0
"mode","T2","66-69",104,0
"poor","T1c","75-79",6,0
"poor","T2","80+",52,0
"mode","T2","70-74",12,2
"mode","T1c","80+",77,2
"mode","T1ab","66-69",68,0
"mode","T2","75-79",1,0
"mode","T1ab","70-74",53,0
"mode","T1ab","75-79",15,2
"poor","T2","70-74",41,1
"mode","T2","80+",0,0
"mode","T1c","70-74",104,0
"poor","T1c","75-79",15,0
"mode","T1ab","70-74",109,0
"mode","T2","80+",21,2
"mode","T1ab","80+",101,2
"poor","T2","75-79",33,2
"mode","T1ab","80+",3,2
"mode","T1c","66-69",6,0
"mode","T2","70-74",29,2
"mode","T2","66-69",14,0
"poor","T2","80+",10,0
"poor","T2","80+",2,1
"mode","T1ab","80+",8,2
"mode","T2","80+",30,2
"poor","T1c","80+",5,0
"mode","T2","75-79",20,0
"poor","T2","75-79",105,0
"poor","T2","80+",39,0
"poor","T2","80+",32,0
"mode","T1ab","75-79",95,0
"poor","T2","75-79",106,0
"mode","T1ab","80+",49,0
"mode","T1ab","75-79",21,2
"mode","T2","80+",53,2
"poor","T2","75-79",9,0
"mode","T2","70-74",24,0
"poor","T1ab","75-79",74,1
"poor","T1c","70-74",71,0
"mode","T2","75-79",27,0
"poor","T2","80+",1,0
"mode","T1ab","66-69",92,0
"mode","T1c","66-69",34,0
"poor","T2","80+",2,1
"mode","T2","75-79",106,2
"poor","T1c","75-79",14,0
"mode","T1ab","75-79",28,0
"mode","T1ab","70-74",85,0
"mode","T1c","70-74",89,2
"mode","T1ab","70-74",66,2
"mode","T1c","75-79",58,0
"mode","T2","80+",40,2
"mode","T2","80+",48,1
"mode","T2","66-69",40,0
"mode","T1ab","80+",35,0
"mode","T1c","75-79",82,0
"poor","T1c","75-79",40,2
"poor","T1ab","80+",37,2
"mode","T2","80+",60,0
"poor","T2","80+",46,2
"mode","T1c","80+",43,0
"mode","T1ab","75-79",8,0
"mode","T1c","80+",32,2
"mode","T2","75-79",92,2
"mode","T1ab","80+",17,0
"mode","T2","70-74",93,0
"mode","T1ab","75-79",70,2
"poor","T1ab","70-74",73,0
"mode","T1c","80+",61,2
"poor","T2","75-79",11,0
"mode","T1ab","80+",70,2
"mode","T1ab","75-79",1,0
"mode","T2","80+",8,1
"mode","T2","75-79",71,0
"poor","T2","70-74",23,1
"mode","T1c","70-74",57,0
"mode","T1c","66-69",16,0
"mode","T1ab","70-74",20,0
"mode","T2","70-74",32,0
"mode","T1c","75-79",3,0
"mode","T1c","75-79",16,0
"mode","T2","70-74",57,0
"mode","T1ab","75-79",8,0
"mode","T2","70-74",106,0
"mode","T1ab","80+",74,0
"mode","T1c","75-79",16,0
"mode","T2","80+",43,0
"mode","T2","70-74",90,2
"mode","T1ab","70-74",102,0
"mode","T2","80+",39,0
"mode","T2","80+",17,0
"poor","T2","80+",25,0
"mode","T2","80+",90,2
"mode","T2","66-69",111,0
"poor","T2","66-69",17,0
"mode","T2","75-79",104,2
"poor","T2","80+",33,2
"mode","T2","70-74",2,0
"poor","T1ab","80+",1,2
"mode","T2","80+",19,2
"mode","T1ab","80+",9,0
"mode","T1c","75-79",29,0
"poor","T2","80+",8,0
"mode","T1c","75-79",25,0
"poor","T2","75-79",58,2
"mode","T2","80+",7,2
"mode","T2","75-79",8,0
"mode","T1ab","75-79",7,2
"mode","T2","80+",33,0
"poor","T2","80+",56,1
"mode","T1c","80+",22,0
"mode","T2","75-79",5,2
"mode","T2","80+",19,0
"mode","T2","75-79",15,0
"mode","T1c","75-79",64,1
"mode","T1c","80+",6,0
"poor","T2","75-79",40,0
"mode","T2","75-79",40,0
"mode","T1c","75-79",77,0
"mode","T2","66-69",28,0
"mode","T1c","70-74",10,0
"mode","T1ab","75-79",5,2
"mode","T1c","70-74",22,0
"mode","T2","66-69",103,0
"mode","T1c","75-79",56,1
"mode","T2","70-74",8,0
"mode","T1c","80+",51,0
"mode","T1ab","80+",9,2
"mode","T1c","80+",70,2
"mode","T1ab","66-69",111,0
"mode","T1c","66-69",59,0
"poor","T2","70-74",1,0
"mode","T2","75-79",20,0
"mode","T1ab","66-69",7,0
"mode","T2","80+",23,1
"poor","T1ab","80+",34,0
"mode","T1ab","70-74",102,0
"mode","T2","75-79",13,0
"mode","T2","70-74",18,0
"mode","T1c","80+",49,2
"mode","T2","75-79",13,2
"mode","T1ab","75-79",60,0
"poor","T1c","80+",50,0
"mode","T1c","75-79",26,0
"mode","T1c","75-79",5,2
"mode","T2","80+",19,0
"poor","T2","80+",57,0
"poor","T2","80+",88,2
"poor","T2","80+",0,0
"mode","T1ab","70-74",43,0
"mode","T2","80+",59,2
"mode","T1ab","75-79",24,2
"mode","T1c","75-79",61,0
"mode","T1c","75-79",71,0
"mode","T2","75-79",37,0
"mode","T1c","75-79",64,0
"mode","T1c","75-79",1,0
"mode","T2","80+",2,0
"mode","T1c","75-79",0,0
"mode","T2","80+",15,2
"mode","T2","70-74",87,0
"mode","T1c","70-74",61,2
"mode","T2","80+",47,0
"mode","T2","80+",6,0
"mode","T1c","80+",37,0
"poor","T2","80+",39,0
"mode","T1ab","66-69",107,0
"mode","T1c","80+",27,2
"mode","T1ab","66-69",15,0
"mode","T1c","70-74",78,0
"mode","T1ab","75-79",3,0
"mode","T2","75-79",21,2
"mode","T1c","70-74",33,0
"mode","T2","66-69",16,0
"mode","T1ab","70-74",25,2
"mode","T1ab","80+",36,2
"poor","T2","80+",21,0
"mode","T1ab","70-74",78,0
"mode","T1ab","80+",49,0
"mode","T2","75-79",110,0
"mode","T1c","80+",66,0
"mode","T1ab","80+",39,2
"mode","T1c","70-74",57,0
"mode","T1ab","66-69",2,0
"mode","T1c","75-79",25,0
"poor","T2","80+",39,1
"poor","T2","70-74",53,0
"mode","T1c","66-69",12,2
"poor","T2","80+",23,0
"mode","T2","75-79",3,0
"mode","T1ab","75-79",37,2
"mode","T2","75-79",22,0
"mode","T1c","75-79",102,2
"mode","T1ab","75-79",3,0
"poor","T1c","75-79",54,0
"poor","T2","80+",24,2
"poor","T2","80+",51,2
"poor","T2","80+",78,2
"poor","T2","75-79",3,0
"mode","T1ab","80+",101,2
"mode","T1ab","70-74",19,0
"mode","T2","80+",18,0
"poor","T1ab","70-74",78,2
"mode","T1c","80+",63,0
"mode","T1c","80+",48,1
"mode","T2","80+",17,2
"mode","T1ab","80+",90,2
"mode","T2","80+",34,0
"mode","T2","75-79",6,0
"mode","T1c","75-79",23,0
"mode","T1ab","70-74",13,0
"mode","T1c","80+",25,1
"mode","T1c","75-79",54,2
"mode","T2","80+",4,0
"mode","T1c","66-69",18,2
"mode","T1ab","80+",2,0
"poor","T2","75-79",23,0
"mode","T1c","70-74",10,0
"mode","T1ab","70-74",50,0
"mode","T1ab","75-79",29,2
"mode","T1ab","75-79",41,2
"mode","T1c","66-69",55,0
"poor","T1c","80+",34,2
"mode","T2","75-79",35,2
"mode","T1ab","66-69",15,0
"poor","T1ab","75-79",23,2
"poor","T1c","80+",25,2
"mode","T1c","75-79",63,0
"poor","T2","75-79",8,0
"mode","T1c","70-74",7,0
"poor","T2","80+",43,0
"poor","T2","80+",4,0
"mode","T1c","75-79",100,2
"mode","T1c","80+",107,0
"mode","T1ab","70-74",32,0
"mode","T1c","80+",21,0
"poor","T2","80+",32,2
"mode","T1c","66-69",94,0
"mode","T1c","80+",20,0
"mode","T1c","75-79",30,0
"mode","T2","70-74",41,0
"mode","T2","70-74",55,1
"mode","T1c","70-74",59,0
"poor","T1c","80+",45,0
"mode","T1c","70-74",1,2
"mode","T2","70-74",3,0
"mode","T2","70-74",3,0
"mode","T1c","70-74",52,1
"mode","T1c","70-74",8,0
"mode","T1c","75-79",12,0
"poor","T1c","80+",98,2
"mode","T2","70-74",65,0
"mode","T2","70-74",56,0
"poor","T1c","75-79",84,0
"mode","T2","75-79",81,0
"mode","T2","75-79",47,2
"mode","T1ab","66-69",103,0
"mode","T2","75-79",68,0
"mode","T2","75-79",95,1
"poor","T2","66-69",7,1
"mode","T1ab","70-74",107,0
"mode","T1c","75-79",59,2
"mode","T1c","75-79",79,2
"mode","T1ab","80+",38,2
"mode","T2","75-79",15,2
"poor","T2","80+",82,0
"poor","T1c","80+",18,1
"mode","T2","66-69",20,0
"mode","T1ab","75-79",44,2
"mode","T1c","66-69",56,0
"poor","T1c","80+",18,0
"mode","T1c","66-69",45,0
"mode","T2","70-74",49,0
"mode","T2","75-79",1,0
"mode","T2","80+",5,0
"mode","T1c","66-69",4,0
"mode","T2","70-74",62,2
"mode","T1ab","80+",1,0
"poor","T2","80+",86,2
"poor","T1c","75-79",60,0
"mode","T1c","66-69",107,0
"mode","T2","70-74",45,0
"mode","T2","80+",4,0
"mode","T1ab","70-74",44,0
"mode","T2","70-74",46,0
"mode","T1c","80+",5,0
"mode","T2","80+",11,2
"mode","T1ab","75-79",49,0
"mode","T1ab","66-69",35,0
"mode","T2","80+",6,0
"mode","T2","75-79",8,2
"mode","T2","80+",20,0
"poor","T1c","80+",11,2
"mode","T1c","80+",10,0
"mode","T1c","80+",83,1
"mode","T2","70-74",33,2
"poor","T1ab","66-69",74,1
"mode","T1c","66-69",22,0
"mode","T1ab","75-79",18,0
"mode","T1c","80+",74,2
"mode","T1c","80+",10,0
"poor","T2","70-74",10,0
"mode","T2","66-69",104,0
"mode","T1c","70-74",2,0
"poor","T1c","80+",45,1
"poor","T1c","70-74",9,2
"mode","T2","80+",113,0
"mode","T1ab","80+",96,0
"poor","T2","70-74",31,2
"mode","T2","80+",33,0
"mode","T2","70-74",33,0
"mode","T1c","75-79",6,2
"mode","T1c","75-79",27,2
"mode","T2","70-74",21,2
"mode","T1ab","80+",58,0
"poor","T2","70-74",93,1
"mode","T1c","75-79",68,0
"mode","T2","75-79",48,0
"mode","T1c","75-79",10,2
"mode","T1ab","75-79",74,0
"mode","T1ab","80+",21,0
"mode","T2","70-74",54,0
"poor","T2","80+",16,1
"mode","T1c","75-79",11,0
"mode","T2","75-79",1,0
"mode","T1c","70-74",97,0
"mode","T1c","70-74",49,0
"mode","T1c","70-74",13,0
"mode","T1ab","66-69",78,0
"mode","T1ab","80+",72,2
"poor","T1ab","75-79",89,1
"mode","T2","75-79",45,2
"mode","T1c","75-79",61,0
"poor","T1ab","80+",9,0
"poor","T1c","70-74",51,0
"mode","T1ab","75-79",60,0
"mode","T1ab","75-79",3,0
"mode","T2","70-74",6,0
"mode","T2","70-74",87,0
"poor","T1ab","80+",1,2
"poor","T2","66-69",26,0
"mode","T2","75-79",22,0
"mode","T2","80+",3,0
"mode","T1ab","80+",38,1
"mode","T2","75-79",55,0
"mode","T1ab","80+",17,1
"mode","T1c","70-74",18,0
"mode","T2","75-79",107,0
"mode","T1ab","70-74",1,0
"poor","T2","80+",65,2
"mode","T1c","80+",71,0
"poor","T1c","75-79",65,0
"mode","T1ab","66-69",52,2
"mode","T1ab","80+",14,0
"poor","T2","66-69",15,0
"mode","T1ab","80+",2,0
"mode","T2","70-74",6,0
"mode","T1c","66-69",8,0
"poor","T1c","66-69",51,0
"mode","T1ab","80+",16,0
"poor","T1c","80+",22,1
"mode","T1ab","75-79",78,0
"mode","T1ab","75-79",19,0
"mode","T2","66-69",24,0
"mode","T2","80+",31,2
"mode","T1c","80+",14,0
"mode","T1ab","70-74",11,2
"poor","T2","80+",4,0
"poor","T2","80+",18,0
"poor","T1c","80+",75,0
"mode","T1ab","75-79",27,0
"mode","T1c","80+",7,0
"mode","T2","75-79",10,0
"poor","T2","80+",46,0
"mode","T1c","80+",10,0
"mode","T2","70-74",40,0
"poor","T1ab","80+",34,0
"mode","T1c","80+",26,2
"mode","T1c","75-79",4,0
"mode","T1c","75-79",9,0
"mode","T1ab","75-79",51,0
"mode","T2","75-79",45,0
"mode","T2","75-79",50,0
"mode","T2","66-69",29,2
"mode","T2","75-79",4,0
"mode","T1ab","75-79",77,0
"mode","T1c","75-79",45,2
"poor","T2","66-69",1,2
"mode","T1ab","80+",34,0
"mode","T1ab","80+",1,2
"mode","T1c","70-74",20,0
"mode","T2","66-69",59,0
"poor","T2","80+",26,1
"mode","T2","75-79",45,0
"mode","T2","80+",57,1
"poor","T1c","66-69",106,0
"mode","T2","75-79",91,0
"mode","T1ab","80+",13,1
"poor","T2","70-74",48,0
"mode","T2","70-74",7,0
"mode","T1ab","80+",15,0
"mode","T2","80+",0,0
"mode","T1ab","75-79",32,0
"mode","T2","80+",3,0
"mode","T1ab","75-79",12,2
"mode","T1c","70-74",57,0
"mode","T1ab","70-74",31,0
"poor","T2","80+",17,0
"mode","T1ab","70-74",20,0
"mode","T1ab","70-74",20,0
"mode","T1ab","80+",17,0
"mode","T1c","80+",46,0
"poor","T1ab","80+",10,1
"mode","T1ab","70-74",113,0
"poor","T1ab","70-74",30,0
"mode","T1c","80+",23,0
"mode","T1c","66-69",30,0
"mode","T1ab","75-79",72,0
"mode","T2","80+",9,2
"mode","T1ab","80+",108,0
"mode","T1c","70-74",60,1
"mode","T1c","80+",88,2
"mode","T1ab","75-79",1,2
"mode","T1ab","80+",27,0
"mode","T1ab","80+",26,0
"poor","T2","66-69",43,0
"mode","T1ab","75-79",8,0
"poor","T1c","75-79",2,0
"mode","T2","80+",6,0
"poor","T2","75-79",12,2
"poor","T1c","75-79",3,1
"poor","T2","80+",27,2
"mode","T2","80+",6,0
"mode","T2","75-79",52,0
"mode","T2","70-74",91,2
"mode","T2","66-69",76,0
"mode","T1c","80+",53,0
"mode","T2","75-79",39,0
"mode","T1c","80+",19,2
"mode","T1c","66-69",17,0
"poor","T2","70-74",93,0
"mode","T1ab","80+",23,0
"mode","T1c","75-79",25,2
"mode","T1c","75-79",41,2
"mode","T1ab","70-74",101,0
"mode","T2","75-79",23,0
"mode","T1c","75-79",66,0
"mode","T1ab","75-79",86,2
"mode","T1c","75-79",16,0
"mode","T1c","80+",25,0
"mode","T2","80+",4,0
"poor","T2","70-74",35,0
"mode","T2","80+",15,0
"mode","T1ab","80+",17,0
"poor","T2","75-79",11,2
"mode","T2","80+",22,2
"mode","T1ab","80+",18,0
"mode","T2","80+",109,0
"mode","T1c","80+",40,0
"poor","T2","75-79",20,0
"mode","T2","80+",12,0
"mode","T2","75-79",31,0
"mode","T2","75-79",17,0
"mode","T1c","80+",94,0
"mode","T2","75-79",38,0
"mode","T1ab","66-69",4,2
"mode","T2","75-79",63,0
"mode","T2","75-79",50,2
"poor","T1c","80+",109,0
"poor","T2","80+",7,0
"poor","T2","80+",37,2
"poor","T1c","80+",57,2
"mode","T2","70-74",92,0
"mode","T1c","80+",39,0
"mode","T1c","80+",18,2
"poor","T2","80+",17,2
"mode","T2","80+",7,0
"mode","T1ab","80+",0,0
"mode","T2","75-79",73,0
"mode","T2","80+",17,0
"mode","T1c","75-79",93,0
"mode","T1ab","80+",1,0
"mode","T1c","75-79",53,0
"poor","T2","66-69",96,1
"mode","T1c","80+",43,2
"poor","T2","80+",24,0
"mode","T1ab","70-74",0,0
"mode","T2","75-79",99,0
"mode","T1c","75-79",16,2
"mode","T1c","80+",32,0
"mode","T1c","70-74",77,0
"mode","T2","80+",38,0
"mode","T1ab","75-79",13,2
"mode","T1ab","66-69",30,0
"poor","T1c","70-74",17,0
"mode","T1ab","75-79",10,0
"mode","T1c","80+",5,0
"mode","T2","75-79",78,2
"mode","T1c","70-74",35,0
"mode","T2","75-79",38,0
"mode","T1ab","70-74",89,0
"mode","T1c","75-79",70,0
"mode","T2","80+",39,0
"mode","T1c","75-79",47,2
"mode","T1ab","80+",41,2
"poor","T1c","80+",10,2
"poor","T1ab","80+",27,2
"mode","T1c","75-79",61,0
"poor","T2","66-69",56,2
"mode","T2","80+",45,0
"poor","T2","80+",8,0
"mode","T1c","70-74",5,0
"mode","T2","75-79",77,0
"mode","T1ab","70-74",22,0
"mode","T2","70-74",51,0
"mode","T2","66-69",8,0
"mode","T2","75-79",9,0
"mode","T2","80+",1,0
"mode","T1c","75-79",73,0
"poor","T2","80+",16,0
"poor","T1c","80+",95,0
"mode","T1ab","80+",15,0
"mode","T2","75-79",85,2
"mode","T1ab","80+",40,2
"poor","T2","80+",15,0
"mode","T1c","70-74",46,0
"mode","T1c","75-79",22,0
"mode","T1ab","80+",7,0
"mode","T2","70-74",2,0
"mode","T1c","75-79",24,0
"poor","T2","80+",16,0
"mode","T1c","80+",6,0
"poor","T1c","80+",76,2
"mode","T1ab","70-74",12,0
"poor","T2","80+",50,2
"mode","T1c","66-69",24,0
"poor","T2","70-74",24,1
"mode","T1ab","75-79",40,2
"mode","T1c","75-79",6,0
"mode","T2","80+",36,0
"mode","T1ab","80+",23,0
"mode","T1c","75-79",22,0
"mode","T1ab","75-79",86,2
"mode","T1c","75-79",95,0
"mode","T1ab","80+",10,0
"mode","T2","80+",49,1
"mode","T1c","75-79",2,0
"poor","T1ab","80+",45,0
"mode","T1c","70-74",45,0
"mode","T1c","75-79",101,2
"mode","T2","80+",52,2
"poor","T1ab","80+",50,1
"poor","T2","75-79",75,1
"mode","T2","75-79",20,0
"mode","T2","80+",14,0
"mode","T2","70-74",109,0
"mode","T2","70-74",39,2
"mode","T1ab","75-79",2,0
"poor","T2","80+",27,1
"poor","T1c","80+",23,1
"mode","T1c","75-79",62,2
"poor","T2","80+",32,0
"mode","T2","70-74",12,0
"mode","T1ab","70-74",61,0
"mode","T2","70-74",27,0
"mode","T1c","75-79",68,0
"mode","T1c","80+",54,0
"mode","T1ab","66-69",22,2
"mode","T2","75-79",109,0
"poor","T2","75-79",16,0
"mode","T2","80+",2,0
"mode","T1c","80+",12,2
"mode","T2","80+",2,0
"mode","T1ab","75-79",10,0
"mode","T2","75-79",29,0
"mode","T1c","75-79",44,0
"mode","T2","70-74",117,0
"mode","T1c","75-79",95,2
"poor","T2","75-79",86,0
"mode","T1c","80+",18,0
"mode","T1ab","70-74",31,0
"mode","T1ab","80+",9,0
"mode","T1ab","80+",31,2
"mode","T2","66-69",58,0
"mode","T1c","75-79",76,0
"poor","T2","80+",27,0
"poor","T1ab","80+",11,1
"poor","T2","70-74",84,2
"mode","T1c","70-74",91,2
"mode","T1ab","80+",21,2
"mode","T2","80+",9,0
"poor","T1ab","80+",15,0
"mode","T1c","75-79",17,0
"mode","T1ab","70-74",4,0
"poor","T2","70-74",58,2
"mode","T2","75-79",109,0
"mode","T2","80+",24,0
"mode","T2","75-79",15,0
"mode","T1ab","75-79",33,0
"mode","T1c","70-74",11,0
"mode","T1ab","75-79",72,0
"poor","T2","66-69",61,1
"mode","T1c","80+",25,0
"poor","T2","75-79",1,0
"mode","T1c","75-79",44,0
"mode","T1c","70-74",74,0
"poor","T2","80+",33,1
"mode","T2","66-69",7,2
"mode","T1ab","66-69",8,0
"mode","T1c","80+",61,0
"mode","T2","80+",32,2
"mode","T2","80+",3,0
"poor","T1c","70-74",8,0
"mode","T1c","75-79",39,0
"poor","T2","75-79",37,0
"mode","T2","70-74",43,0
"mode","T1c","80+",51,2
"mode","T2","80+",18,0
"mode","T2","75-79",0,0
"mode","T1c","75-79",98,0
"mode","T2","70-74",47,0
"poor","T1ab","70-74",25,0
"poor","T1ab","75-79",59,0
"mode","T1ab","80+",18,0
"mode","T1ab","75-79",13,0
"mode","T1c","75-79",8,0
"mode","T2","80+",98,0
"mode","T2","66-69",60,2
"mode","T2","70-74",112,0
"mode","T1ab","70-74",71,0
"poor","T1ab","80+",9,0
"mode","T2","66-69",59,1
"poor","T1ab","80+",67,0
"mode","T1ab","75-79",22,0
"mode","T1c","66-69",1,0
"mode","T1ab","75-79",110,0
"mode","T2","80+",55,0
"poor","T2","80+",24,0
"mode","T2","75-79",65,0
"mode","T2","80+",29,2
"mode","T2","75-79",24,2
"mode","T2","75-79",12,1
"mode","T1ab","70-74",10,0
"mode","T2","80+",16,0
"mode","T1c","75-79",69,0
"poor","T2","70-74",20,2
"mode","T2","75-79",60,0
"mode","T1ab","80+",72,0
"mode","T2","70-74",59,0
"mode","T1ab","70-74",5,0
"poor","T2","66-69",23,0
"mode","T1c","80+",40,2
"mode","T1c","66-69",47,0
"mode","T1ab","75-79",105,0
"poor","T1c","66-69",26,2
"poor","T2","80+",2,1
"mode","T1c","75-79",25,0
"mode","T1c","70-74",111,0
"mode","T2","66-69",69,2
"mode","T1c","80+",20,0
"mode","T1c","80+",96,0
"mode","T1ab","80+",91,2
"mode","T1c","80+",91,0
"mode","T1c","75-79",49,1
"mode","T2","80+",57,2
"mode","T1c","70-74",26,2
"mode","T2","80+",83,0
"poor","T1ab","80+",52,0
"mode","T2","80+",36,0
"poor","T1ab","80+",16,0
"mode","T2","80+",7,0
"mode","T2","80+",15,0
"mode","T1c","80+",45,0
"mode","T1ab","75-79",14,0
"mode","T1c","80+",23,0
"mode","T1c","80+",1,0
"mode","T1ab","80+",81,0
"mode","T1ab","70-74",58,2
"mode","T1c","75-79",84,2
"mode","T1ab","70-74",23,0
"mode","T1c","80+",37,0
"mode","T1ab","66-69",114,0
"mode","T2","75-79",8,0
"poor","T1c","75-79",19,0
"mode","T1c","80+",0,0
"mode","T2","80+",14,0
"mode","T1ab","80+",9,0
"mode","T1ab","70-74",64,0
"mode","T1ab","80+",28,0
"mode","T1c","75-79",39,0
"poor","T1c","80+",58,2
"poor","T2","75-79",6,2
"poor","T1ab","80+",77,1
"mode","T1c","80+",1,2
"mode","T1c","66-69",82,0
"poor","T2","80+",13,2
"mode","T1ab","75-79",55,0
"mode","T1ab","80+",5,0
"mode","T2","66-69",15,0
"poor","T2","80+",0,0
"mode","T2","80+",25,0
"mode","T2","70-74",16,0
"mode","T2","75-79",72,0
"mode","T1c","75-79",4,0
"mode","T1c","70-74",88,0
"mode","T1ab","80+",54,2
"mode","T1ab","66-69",61,0
"mode","T1c","75-79",35,0
"mode","T1c","75-79",0,0
"poor","T1c","80+",1,2
"mode","T2","75-79",9,0
"poor","T2","80+",2,0
"mode","T2","75-79",47,2
"mode","T2","70-74",42,0
"mode","T1c","75-79",57,2
"poor","T1c","70-74",89,0
"mode","T2","66-69",68,0
"mode","T2","75-79",49,0
"poor","T1c","75-79",7,0
"mode","T1c","70-74",24,2
"mode","T1ab","75-79",8,0
"mode","T1c","70-74",3,0
"poor","T2","70-74",51,1
"mode","T1c","75-79",99,0
"mode","T1c","75-79",16,0
"poor","T1c","80+",31,2
"mode","T1c","75-79",113,2
"mode","T1ab","80+",5,0
"mode","T2","75-79",74,0
"mode","T2","75-79",87,0
"mode","T1ab","80+",63,0
"poor","T1c","70-74",36,0
"poor","T2","80+",19,0
"mode","T1c","80+",38,2
"mode","T1ab","70-74",41,0
"mode","T1c","80+",11,0
"mode","T1c","75-79",62,0
"poor","T1ab","80+",90,0
"mode","T2","75-79",10,0
"poor","T2","75-79",16,2
"mode","T2","70-74",16,0
"poor","T1c","66-69",24,2
"poor","T2","80+",25,2
"mode","T2","80+",99,0
"mode","T1ab","66-69",9,0
"mode","T1c","75-79",109,0
"mode","T2","80+",98,2
"mode","T1c","75-79",66,0
"poor","T2","75-79",47,0
"mode","T2","70-74",67,0
"poor","T2","75-79",56,1
"mode","T1c","80+",6,0
"mode","T2","80+",10,0
"poor","T2","80+",1,2
"mode","T2","80+",77,2
"mode","T2","70-74",46,0
"poor","T2","70-74",43,0
"poor","T2","80+",14,0
"mode","T2","70-74",45,2
"mode","T1ab","75-79",22,0
"mode","T2","70-74",1,0
"mode","T2","70-74",63,0
"poor","T1c","80+",17,2
"mode","T2","75-79",52,0
"mode","T1ab","75-79",58,2
"mode","T1c","70-74",62,0
"mode","T1ab","80+",45,2
"mode","T1c","70-74",11,0
"mode","T2","80+",40,2
"mode","T2","80+",14,2
"mode","T1c","70-74",72,0
"poor","T1c","80+",11,0
"poor","T2","80+",10,0
"poor","T1ab","75-79",17,0
"mode","T2","75-79",15,0
"poor","T2","80+",10,0
"mode","T1ab","75-79",94,0
"poor","T2","75-79",38,2
"mode","T1c","80+",12,0
"mode","T1ab","66-69",92,0
"mode","T1c","70-74",3,0
"mode","T1ab","80+",57,0
"poor","T1ab","80+",1,0
"mode","T1c","75-79",35,2
"poor","T1ab","75-79",82,2
"poor","T1ab","75-79",93,0
"mode","T1ab","70-74",104,0
"mode","T1c","80+",112,0
"mode","T1c","70-74",3,0
"mode","T1c","75-79",6,0
"mode","T2","70-74",5,0
"mode","T2","70-74",14,0
"mode","T1c","75-79",103,0
"mode","T1c","70-74",13,0
"mode","T1ab","75-79",20,2
"mode","T2","80+",60,2
"mode","T1ab","80+",12,2
"mode","T1c","75-79",11,0
"mode","T2","66-69",66,0
"mode","T1c","80+",6,0
"mode","T2","75-79",35,1
"mode","T1c","70-74",96,0
"mode","T2","70-74",32,0
"mode","T2","75-79",61,0
"mode","T1c","80+",22,0
"mode","T1ab","75-79",46,2
"mode","T1ab","75-79",29,0
"poor","T1ab","80+",42,2
"mode","T2","80+",55,2
"mode","T1ab","75-79",65,0
"mode","T1c","75-79",61,0
"poor","T2","75-79",9,0
"poor","T2","66-69",15,0
"mode","T2","75-79",46,0
"poor","T1ab","80+",52,0
"mode","T1ab","80+",45,0
"mode","T1c","75-79",7,0
"mode","T2","80+",13,2
"poor","T2","75-79",16,0
"mode","T1ab","80+",28,0
"mode","T1ab","80+",15,1
"mode","T2","80+",28,0
"mode","T1c","80+",5,0
"mode","T2","70-74",29,0
"poor","T2","80+",24,0
"mode","T1ab","75-79",100,2
"mode","T1ab","75-79",17,0
"mode","T1ab","80+",1,0
"poor","T2","80+",25,2
"mode","T2","75-79",20,0
"poor","T2","70-74",12,0
"poor","T1c","66-69",16,0
"mode","T2","80+",15,0
"poor","T2","80+",39,2
"mode","T2","75-79",50,2
"poor","T2","80+",32,2
"mode","T2","80+",7,0
"poor","T2","80+",26,0
"mode","T1ab","75-79",80,2
"mode","T1c","80+",14,0
"mode","T1c","75-79",114,0
"mode","T2","80+",13,0
"mode","T1c","66-69",25,0
"mode","T2","75-79",64,0
"mode","T1c","80+",60,1
"mode","T1ab","66-69",19,2
"mode","T1c","75-79",115,0
"poor","T2","80+",6,1
"mode","T1c","75-79",46,2
"mode","T2","80+",23,0
"mode","T2","75-79",21,0
"mode","T1c","80+",3,0
"mode","T1ab","75-79",9,0
"poor","T1ab","75-79",29,1
"mode","T1c","66-69",79,0
"poor","T2","75-79",20,0
"mode","T1ab","75-79",5,0
"poor","T1c","75-79",63,2
"mode","T1c","80+",57,0
"mode","T2","70-74",41,1
"mode","T1c","70-74",95,0
"mode","T1c","75-79",39,0
"mode","T1c","70-74",33,0
"poor","T2","80+",10,0
"mode","T2","80+",1,0
"mode","T2","80+",63,0
"mode","T1c","75-79",17,0
"poor","T2","80+",11,0
"mode","T1c","80+",9,0
"poor","T1c","75-79",20,0
"mode","T1c","80+",53,0
"mode","T1ab","80+",43,2
"poor","T2","70-74",2,2
"poor","T1c","75-79",51,1
"mode","T1ab","75-79",18,0
"mode","T2","70-74",2,0
"mode","T1ab","75-79",20,0
"mode","T1c","66-69",51,0
"poor","T2","80+",58,2
"mode","T1ab","66-69",14,0
"mode","T2","80+",65,2
"mode","T1ab","80+",34,0
"mode","T2","80+",93,0
"mode","T2","80+",17,0
"poor","T2","75-79",39,2
"mode","T1ab","75-79",4,2
"mode","T1ab","80+",47,1
"mode","T2","75-79",2,0
"mode","T1ab","80+",12,0
"mode","T1c","66-69",26,0
"mode","T1ab","70-74",51,0
"mode","T1c","70-74",66,0
"mode","T1ab","75-79",36,0
"poor","T1ab","75-79",67,2
"mode","T2","70-74",7,0
"mode","T1c","66-69",12,0
"mode","T1c","66-69",100,1
"poor","T1c","75-79",23,0
"mode","T1ab","70-74",17,2
"mode","T1c","80+",0,0
"mode","T2","75-79",39,0
"mode","T1ab","75-79",1,0
"mode","T1ab","80+",20,0
"mode","T1ab","70-74",107,0
"poor","T2","70-74",36,2
"poor","T2","80+",81,0
"poor","T1c","75-79",51,0
"mode","T2","70-74",2,0
"mode","T1c","66-69",34,0
"mode","T2","75-79",11,2
"mode","T1ab","80+",80,0
"mode","T1ab","70-74",61,0
"mode","T2","75-79",100,0
"poor","T1ab","80+",76,0
"mode","T1c","75-79",90,1
"mode","T1ab","80+",83,2
"mode","T1ab","80+",11,1
"mode","T2","75-79",84,0
"mode","T2","80+",11,2
"mode","T2","75-79",35,2
"poor","T1ab","80+",63,1
"mode","T2","80+",81,2
"mode","T2","75-79",42,0
"poor","T1c","66-69",31,2
"mode","T2","80+",14,2
"mode","T2","75-79",15,2
"mode","T1c","70-74",77,0
"poor","T1ab","70-74",5,0
"mode","T2","80+",25,0
"mode","T1ab","75-79",55,0
"mode","T2","75-79",54,2
"mode","T1c","75-79",25,0
"mode","T2","80+",7,0
"mode","T1ab","80+",26,0
"poor","T2","80+",32,0
"mode","T1c","80+",41,0
"mode","T1ab","75-79",45,2
"mode","T1ab","80+",36,2
"mode","T2","70-74",7,0
"mode","T1c","80+",81,0
"mode","T2","80+",3,0
"mode","T2","70-74",17,0
"mode","T1c","75-79",5,0
"mode","T2","66-69",66,2
"poor","T1c","75-79",5,2
"mode","T1ab","80+",69,2
"mode","T1c","70-74",21,0
"poor","T2","80+",12,1
"poor","T1c","70-74",6,0
"mode","T2","80+",68,0
"mode","T2","66-69",34,0
"mode","T1ab","80+",23,2
"poor","T1c","70-74",8,0
"mode","T1c","66-69",78,0
"poor","T1ab","75-79",93,0
"mode","T2","75-79",4,0
"mode","T1ab","75-79",22,2
"mode","T2","70-74",37,0
"mode","T1c","70-74",90,0
"mode","T1ab","75-79",51,0
"poor","T2","80+",1,0
"mode","T1ab","80+",22,2
"mode","T2","70-74",59,2
"mode","T2","75-79",2,0
"poor","T2","70-74",17,0
"mode","T1c","75-79",66,0
"mode","T1c","80+",17,0
"mode","T1ab","80+",42,2
"mode","T2","70-74",6,0
"mode","T1c","80+",75,0
"mode","T1ab","75-79",47,2
"poor","T1ab","70-74",21,0
"poor","T1ab","80+",55,2
"mode","T1c","75-79",62,0
"mode","T2","70-74",22,0
"mode","T1c","80+",8,0
"mode","T1ab","75-79",105,0
"mode","T1c","66-69",86,0
"mode","T2","66-69",25,0
"mode","T1c","75-79",99,0
"mode","T2","80+",64,0
"mode","T1c","75-79",0,0
"mode","T2","80+",31,1
"poor","T2","75-79",6,0
"poor","T2","80+",14,2
"mode","T1c","75-79",19,0
"poor","T1c","80+",31,0
"poor","T1ab","80+",14,1
"mode","T1c","75-79",2,0
"poor","T1c","80+",90,0
"mode","T1ab","75-79",0,0
"mode","T2","80+",66,2
"mode","T1ab","75-79",53,0
"mode","T1c","70-74",106,2
"mode","T2","75-79",63,2
"mode","T1c","75-79",12,0
"mode","T2","66-69",15,0
"poor","T2","75-79",11,0
"poor","T2","80+",11,0
"mode","T1ab","75-79",60,0
"mode","T1c","75-79",21,0
"mode","T1c","70-74",68,1
"mode","T1ab","75-79",60,2
"mode","T2","75-79",16,0
"poor","T1c","66-69",90,0
"mode","T1c","75-79",11,2
"mode","T1c","66-69",103,0
"mode","T1c","75-79",14,0
"poor","T1c","80+",5,1
"poor","T2","75-79",7,0
"mode","T1c","66-69",10,0
"poor","T2","70-74",20,0
"poor","T2","80+",29,2
"mode","T2","75-79",11,2
"mode","T2","80+",0,0
"mode","T2","66-69",12,0
"mode","T1c","66-69",93,0
"mode","T2","80+",112,0
"poor","T2","80+",51,0
"poor","T2","75-79",36,2
"mode","T1ab","70-74",95,0
"mode","T1ab","80+",13,2
"mode","T2","75-79",3,0
"poor","T2","80+",60,1
"poor","T1c","75-79",12,0
"mode","T1ab","80+",21,2
"mode","T1ab","80+",55,2
"mode","T1c","75-79",49,0
"mode","T2","75-79",79,0
"mode","T1c","66-69",96,2
"mode","T1c","75-79",10,1
"mode","T2","80+",8,0
"mode","T1ab","80+",53,0
"poor","T2","70-74",79,2
"mode","T2","75-79",49,2
"poor","T2","80+",42,2
"mode","T1ab","80+",61,2
"mode","T2","80+",65,0
"mode","T1c","70-74",14,0
"mode","T1ab","80+",5,2
"mode","T1ab","75-79",37,0
"mode","T1c","70-74",106,0
"mode","T1ab","70-74",36,2
"mode","T1ab","70-74",52,0
"mode","T1c","66-69",0,0
"poor","T2","70-74",90,0
"mode","T1ab","70-74",25,0
"mode","T2","80+",1,2
"mode","T1ab","80+",103,0
"mode","T1c","66-69",85,0
"mode","T2","75-79",1,2
"mode","T1c","75-79",77,0
"mode","T1c","75-79",16,0
"mode","T2","80+",40,2
"mode","T1ab","70-74",106,0
"mode","T2","80+",50,0
"poor","T1ab","80+",16,1
"poor","T2","80+",55,2
"poor","T2","66-69",47,2
"poor","T1c","70-74",21,2
"mode","T1ab","80+",79,0
"mode","T1c","70-74",14,0
"mode","T1c","70-74",39,0
"mode","T1c","75-79",86,0
"poor","T1ab","80+",19,0
"mode","T1c","70-74",3,0
"poor","T1c","75-79",10,1
"mode","T2","75-79",26,2
"mode","T2","75-79",95,0
"poor","T2","80+",49,0
"mode","T2","75-79",11,0
"mode","T1c","80+",25,0
"mode","T1c","75-79",49,0
"mode","T1ab","75-79",119,0
"poor","T2","75-79",23,2
"mode","T1c","66-69",97,0
"poor","T2","80+",3,0
"poor","T2","80+",17,0
"mode","T1ab","80+",97,0
"poor","T1ab","70-74",13,0
"mode","T2","75-79",13,0
"mode","T1ab","80+",32,2
"mode","T2","70-74",18,0
"mode","T1c","70-74",46,0
"mode","T2","66-69",35,0
"mode","T1c","66-69",54,0
"mode","T1c","80+",49,0
"poor","T2","75-79",5,0
"mode","T1c","75-79",10,0
"poor","T1c","66-69",38,0
"mode","T1ab","75-79",33,0
"mode","T1c","80+",34,0
"mode","T1ab","70-74",52,0
"mode","T1c","66-69",10,0
"mode","T1ab","70-74",16,0
"poor","T2","70-74",94,0
"mode","T2","70-74",105,2
"mode","T2","75-79",7,0
"mode","T1c","80+",71,0
"mode","T2","66-69",1,0
"mode","T1ab","75-79",21,0
"poor","T2","75-79",44,1
"mode","T1ab","66-69",97,2
"mode","T1c","70-74",40,0
"mode","T1c","80+",13,2
"mode","T1ab","80+",68,0
"mode","T1ab","66-69",3,0
"mode","T1c","75-79",64,0
"poor","T2","80+",8,0
"poor","T2","80+",23,2
"mode","T2","80+",87,2
"mode","T2","75-79",79,0
"poor","T2","80+",62,2
"mode","T2","80+",59,0
"poor","T1c","70-74",8,2
"mode","T2","80+",39,2
"mode","T1c","75-79",23,2
"mode","T2","66-69",13,0
"mode","T1ab","80+",6,2
"mode","T2","70-74",37,0
"mode","T2","80+",41,0
"mode","T1c","80+",39,0
"mode","T1c","75-79",117,0
"mode","T2","80+",31,2
"poor","T2","80+",8,1
"mode","T2","75-79",5,0
"poor","T2","75-79",6,0
"poor","T1c","75-79",22,0
"mode","T1c","70-74",1,0
"poor","T1c","75-79",90,0
"poor","T2","75-79",3,0
"mode","T2","75-79",106,0
"mode","T1c","75-79",39,0
"mode","T1ab","80+",23,0
"poor","T1ab","80+",86,2
"mode","T2","80+",5,0
"mode","T1c","70-74",17,0
"mode","T1c","66-69",38,0
"mode","T2","80+",23,0
"poor","T2","75-79",4,1
"mode","T2","70-74",87,0
"poor","T1c","80+",94,0
"mode","T1c","75-79",70,0
"mode","T1ab","75-79",79,0
"mode","T1c","80+",68,2
"mode","T1ab","80+",36,0
"poor","T2","75-79",16,0
"mode","T2","80+",75,2
"poor","T1c","70-74",37,2
"mode","T1ab","75-79",9,2
"mode","T2","80+",5,0
"mode","T1ab","80+",17,2
"mode","T1ab","80+",4,0
"mode","T1ab","66-69",65,0
"mode","T1ab","80+",43,2
"poor","T2","80+",1,0
"mode","T1ab","80+",15,0
"poor","T1ab","80+",16,2
"poor","T1c","80+",4,1
"poor","T2","75-79",48,2
"mode","T2","75-79",23,0
"mode","T2","70-74",18,2
"poor","T2","75-79",14,0
"mode","T1ab","70-74",97,0
"poor","T2","80+",50,1
"mode","T1c","75-79",25,0
"mode","T1ab","80+",42,1
"mode","T2","75-79",49,0
"poor","T2","75-79",52,0
"mode","T1ab","80+",57,0
"mode","T2","80+",36,2
"poor","T1c","80+",19,2
"mode","T2","70-74",42,0
"poor","T2","70-74",37,0
"mode","T2","66-69",25,0
"mode","T1c","80+",31,0
"mode","T1ab","80+",15,0
"mode","T1c","80+",1,0
"poor","T2","75-79",115,0
"mode","T1c","75-79",55,0
"mode","T1c","70-74",82,0
"mode","T2","70-74",48,2
"poor","T1c","75-79",115,0
"poor","T1ab","80+",49,2
"poor","T1c","80+",23,2
"mode","T1ab","80+",57,0
"poor","T2","70-74",94,2
"mode","T1ab","80+",51,0
"poor","T1c","75-79",11,0
"mode","T1c","75-79",28,0
"mode","T2","75-79",21,0
"mode","T2","80+",15,0
"mode","T1c","75-79",13,0
"mode","T2","75-79",3,0
"mode","T1ab","75-79",67,0
"mode","T1ab","80+",32,2
"mode","T1c","80+",87,0
"mode","T1c","80+",11,0
"mode","T1ab","80+",2,0
"mode","T2","66-69",23,2
"mode","T1c","66-69",61,0
"mode","T2","80+",33,2
"poor","T1ab","75-79",15,0
"mode","T2","70-74",17,0
"mode","T1c","80+",31,2
"poor","T1c","75-79",14,0
"mode","T2","80+",20,0
"mode","T1c","80+",70,0
"mode","T2","80+",38,0
"poor","T2","80+",71,0
"mode","T1c","80+",79,2
"poor","T2","80+",20,0
"mode","T1c","75-79",117,0
"poor","T2","80+",29,1
"mode","T1ab","66-69",69,0
"poor","T2","70-74",52,2
"mode","T1c","70-74",20,0
"mode","T1c","70-74",72,0
"mode","T1ab","75-79",53,2
"mode","T1c","66-69",113,0
"poor","T1c","70-74",66,0
"mode","T2","75-79",8,0
"mode","T1ab","75-79",58,0
"poor","T2","80+",104,0
"mode","T2","66-69",53,0
"mode","T1c","75-79",60,0
"poor","T1c","75-79",6,0
"mode","T2","75-79",65,0
"mode","T1c","75-79",10,2
"mode","T1ab","75-79",61,0
"mode","T1ab","75-79",24,0
"mode","T2","80+",26,2
"poor","T2","80+",10,0
"mode","T2","75-79",18,0
"mode","T1ab","75-79",17,2
"mode","T2","80+",61,0
"mode","T1ab","66-69",36,0
"mode","T2","66-69",54,0
"mode","T1c","80+",111,0
"poor","T1c","75-79",18,0
"mode","T2","70-74",45,2
"mode","T1ab","75-79",23,0
"mode","T2","80+",105,2
"mode","T1ab","75-79",89,2
"mode","T2","66-69",4,0
"mode","T2","80+",86,2
"mode","T1c","80+",51,2
"poor","T2","80+",32,2
"mode","T1c","80+",73,2
"poor","T1c","80+",32,0
"mode","T2","80+",13,0
"mode","T2","80+",107,0
"mode","T2","70-74",6,0
"mode","T1c","70-74",4,0
"poor","T1ab","80+",5,0
"mode","T1ab","75-79",21,0
"mode","T1ab","80+",29,0
"poor","T1c","66-69",79,2
"mode","T2","66-69",108,1
"mode","T1c","80+",21,0
"mode","T1c","75-79",16,1
"mode","T2","80+",31,0
"mode","T1c","75-79",31,0
"mode","T2","70-74",103,0
"mode","T2","80+",1,2
"mode","T1ab","80+",21,2
"poor","T2","80+",18,0
"mode","T1ab","75-79",2,0
"mode","T2","80+",18,0
"mode","T1c","70-74",46,0
"poor","T1c","75-79",41,0
"mode","T1c","80+",20,0
"mode","T1ab","75-79",61,0
"mode","T1c","80+",28,2
"mode","T1c","75-79",11,0
"mode","T1c","75-79",71,0
"mode","T1c","75-79",49,0
"mode","T1ab","70-74",52,2
"mode","T1c","80+",36,2
"mode","T1ab","80+",90,2
"mode","T1c","80+",8,0
"mode","T1c","70-74",109,0
"mode","T1c","66-69",84,0
"mode","T2","80+",56,1
"poor","T1ab","70-74",48,1
"mode","T1ab","75-79",21,1
"mode","T1ab","70-74",18,0
"mode","T2","80+",10,2
"poor","T1c","75-79",54,0
"poor","T1ab","75-79",61,2
"mode","T1c","66-69",7,0
"poor","T1ab","75-79",20,0
"poor","T1ab","75-79",15,2
"poor","T2","80+",36,2
"mode","T1c","75-79",14,0
"mode","T2","75-79",24,0
"poor","T2","80+",45,2
"mode","T1c","80+",63,2
"mode","T1c","75-79",7,0
"poor","T2","80+",4,0
"mode","T1c","70-74",14,2
"mode","T1c","75-79",26,0
"mode","T2","80+",23,2
"poor","T2","80+",57,0
"mode","T1c","75-79",76,0
"mode","T1ab","75-79",105,0
"mode","T1ab","75-79",11,0
"mode","T1c","80+",69,0
"poor","T1ab","80+",2,0
"mode","T1ab","75-79",18,0
"mode","T1c","70-74",83,2
"poor","T2","80+",16,0
"poor","T2","80+",9,0
"mode","T1c","80+",80,0
"mode","T2","66-69",115,0
"mode","T1ab","75-79",68,0
"poor","T1c","80+",56,0
"mode","T1c","70-74",53,2
"mode","T1c","70-74",101,0
"mode","T2","80+",72,0
"mode","T1c","75-79",6,0
"mode","T2","66-69",24,0
"poor","T1c","66-69",10,2
"mode","T2","80+",18,1
"mode","T1c","80+",2,1
"mode","T1ab","66-69",14,2
"poor","T1ab","80+",14,0
"mode","T1c","80+",19,0
"poor","T2","80+",48,2
"mode","T1ab","75-79",13,0
"mode","T1ab","80+",19,2
"poor","T2","75-79",55,1
"poor","T1ab","70-74",36,0
"mode","T1c","80+",55,2
"mode","T1c","70-74",23,0
"mode","T2","75-79",6,0
"mode","T1ab","80+",4,0
"mode","T2","70-74",62,2
"mode","T1ab","75-79",66,0
"poor","T2","80+",57,2
"mode","T1ab","80+",54,2
"mode","T2","80+",15,0
"poor","T2","75-79",52,1
"mode","T2","75-79",102,0
"mode","T2","75-79",0,0
"poor","T1ab","80+",15,0
"poor","T1c","80+",53,2
"poor","T2","80+",3,1
"mode","T1c","70-74",17,0
"mode","T1c","70-74",4,0
"mode","T1c","80+",35,2
"poor","T2","75-79",3,1
"poor","T1c","80+",27,0
"mode","T1ab","70-74",61,0
"mode","T1ab","80+",3,0
"mode","T1ab","80+",7,0
"mode","T1c","66-69",88,0
"mode","T1c","75-79",8,0
"mode","T1ab","75-79",19,0
"mode","T1c","70-74",56,0
"mode","T2","80+",32,1
"mode","T1ab","75-79",107,0
"mode","T2","75-79",13,0
"mode","T1ab","80+",19,0
"mode","T2","80+",3,2
"mode","T1c","80+",21,0
"mode","T1c","70-74",108,0
"mode","T1ab","80+",35,0
"poor","T2","75-79",15,0
"mode","T1c","75-79",0,0
"mode","T2","80+",39,2
"mode","T2","80+",11,0
"mode","T1c","75-79",31,0
"poor","T1c","80+",85,0
"poor","T1ab","75-79",51,2
"mode","T1c","70-74",23,0
"poor","T1c","80+",2,0
"poor","T1c","80+",1,0
"mode","T1ab","75-79",13,0
"mode","T1c","80+",74,0
"mode","T2","70-74",9,0
"mode","T2","80+",81,2
"mode","T2","80+",17,2
"poor","T1ab","75-79",24,1
"mode","T1ab","70-74",84,0
"mode","T1c","70-74",11,1
"mode","T1ab","80+",42,2
"poor","T2","75-79",1,0
"mode","T1ab","80+",29,0
"poor","T1c","70-74",46,1
"mode","T2","75-79",70,0
"poor","T2","70-74",0,0
"mode","T1c","66-69",31,2
"mode","T2","70-74",14,0
"poor","T1c","75-79",23,0
"mode","T1c","70-74",14,0
"mode","T2","70-74",1,0
"mode","T1ab","75-79",46,0
"mode","T1c","80+",44,1
"poor","T1ab","80+",42,0
"mode","T1c","70-74",28,0
"mode","T2","66-69",94,0
"mode","T1ab","70-74",57,0
"mode","T2","80+",34,2
"mode","T1c","70-74",8,0
"mode","T1c","80+",13,0
"poor","T2","80+",17,2
"mode","T1c","75-79",87,0
"mode","T1c","66-69",80,0
"mode","T1ab","66-69",22,0
"mode","T2","80+",4,0
"mode","T2","80+",16,0
"mode","T1ab","80+",18,0
"poor","T1c","75-79",105,0
"mode","T1ab","80+",8,2
"mode","T1ab","75-79",20,0
"mode","T1c","70-74",14,2
"poor","T1c","80+",28,0
"mode","T2","70-74",12,2
"mode","T1c","70-74",6,0
"mode","T2","75-79",71,2
"mode","T1c","66-69",14,0
"mode","T2","66-69",98,2
"mode","T2","75-79",71,0
"poor","T1c","70-74",25,0
"mode","T2","80+",3,0
"poor","T2","80+",36,1
"mode","T1ab","70-74",49,0
"mode","T1c","75-79",18,0
"mode","T2","70-74",11,0
"mode","T2","80+",44,0
"mode","T2","75-79",42,2
"mode","T2","70-74",78,2
"mode","T1ab","70-74",81,0
"mode","T1c","80+",18,0
"mode","T1c","70-74",113,0
"mode","T2","80+",19,0
"mode","T1c","70-74",53,0
"poor","T2","80+",0,0
"mode","T1c","80+",20,0
"mode","T2","70-74",74,2
"poor","T1c","70-74",0,0
"mode","T1ab","80+",19,2
"mode","T2","80+",73,0
"poor","T2","75-79",28,1
"mode","T2","70-74",69,0
"poor","T1ab","80+",17,2
"poor","T2","75-79",4,0
"poor","T1c","80+",68,2
"poor","T1c","80+",98,0
"mode","T1c","70-74",85,0
"mode","T1ab","70-74",51,0
"mode","T1ab","75-79",20,0
"mode","T2","75-79",96,0
"mode","T1c","75-79",11,1
"mode","T2","66-69",0,0
"mode","T1ab","70-74",103,0
"poor","T1ab","80+",30,0
"mode","T1c","70-74",13,0
"mode","T2","80+",45,2
"mode","T1ab","75-79",16,2
"poor","T2","80+",54,2
"mode","T1ab","70-74",63,0
"poor","T2","80+",16,0
"mode","T2","70-74",11,0
"mode","T2","80+",6,0
"mode","T1c","75-79",83,0
"poor","T2","70-74",62,2
"mode","T2","80+",7,2
"mode","T1c","80+",21,2
"mode","T2","70-74",26,2
"mode","T2","75-79",5,0
"mode","T1ab","80+",22,0
"poor","T1ab","70-74",104,0
"mode","T2","75-79",14,0
"mode","T1ab","75-79",92,0
"mode","T1ab","70-74",12,0
"mode","T1ab","75-79",6,0
"mode","T1c","75-79",20,0
"poor","T1c","75-79",44,0
"poor","T1ab","80+",47,0
"mode","T1ab","70-74",43,0
"mode","T1c","70-74",32,0
"mode","T1c","80+",24,0
"mode","T2","66-69",10,0
"mode","T2","80+",16,0
"mode","T1ab","75-79",37,0
"mode","T1ab","80+",109,0
"mode","T1ab","80+",26,2
"mode","T1c","70-74",0,0
"poor","T1c","66-69",28,0
"mode","T1ab","75-79",44,0
"mode","T1c","80+",18,0
"mode","T2","75-79",22,0
"mode","T1c","80+",75,0
"mode","T2","75-79",8,0
"mode","T2","75-79",25,0
"mode","T1ab","80+",29,2
"poor","T1ab","80+",9,0
"poor","T2","70-74",9,0
"poor","T2","75-79",1,0
"mode","T2","70-74",77,0
"poor","T1c","80+",38,0
"mode","T1ab","80+",105,0
"mode","T1ab","70-74",14,0
"mode","T2","70-74",111,0
"mode","T2","70-74",97,0
"mode","T1c","70-74",27,0
"mode","T2","80+",5,0
"mode","T2","80+",58,0
"mode","T2","75-79",89,0
"mode","T2","75-79",39,2
"mode","T1ab","80+",67,2
"poor","T1c","75-79",23,2
"mode","T1c","70-74",25,0
"mode","T1ab","80+",7,0
"mode","T1c","66-69",30,0
"mode","T1ab","80+",8,0
"poor","T2","66-69",54,0
"mode","T1c","66-69",6,0
"mode","T2","75-79",2,0
"mode","T1ab","80+",39,0
"poor","T1c","75-79",20,0
"mode","T2","75-79",41,2
"mode","T2","70-74",18,0
"poor","T1ab","75-79",28,0
"mode","T1c","75-79",49,0
"mode","T2","70-74",118,0
"mode","T2","80+",111,2
"mode","T1ab","70-74",75,2
"poor","T2","70-74",12,0
"mode","T1ab","70-74",57,0
"mode","T1ab","80+",19,0
"mode","T1ab","75-79",6,2
"mode","T1ab","66-69",35,0
"mode","T1c","75-79",5,0
"mode","T1ab","80+",18,0
"mode","T2","66-69",46,1
"poor","T1c","80+",93,0
"mode","T2","70-74",0,0
"mode","T2","75-79",34,0
"mode","T2","66-69",59,0
"poor","T1ab","80+",3,0
"mode","T1ab","80+",0,0
"mode","T1c","80+",86,0
"mode","T2","66-69",97,0
"mode","T2","66-69",17,0
"mode","T2","75-79",36,2
"mode","T1ab","70-74",34,2
"mode","T2","66-69",9,2
"mode","T1ab","70-74",115,0
"mode","T1c","80+",18,2
"poor","T1c","75-79",35,0
"mode","T2","70-74",67,0
"mode","T2","75-79",24,0
"mode","T2","80+",11,0
"mode","T2","70-74",8,0
"mode","T2","80+",1,0
"poor","T2","80+",53,0
"mode","T1ab","70-74",63,0
"poor","T2","80+",2,0
"mode","T2","70-74",118,0
"mode","T1ab","75-79",17,0
"mode","T1c","80+",28,2
"mode","T2","80+",6,0
"mode","T1ab","75-79",0,0
"mode","T2","80+",82,0
"mode","T2","75-79",17,0
"poor","T1c","75-79",41,0
"mode","T1ab","80+",5,0
"poor","T1c","80+",23,2
"mode","T2","75-79",10,2
"mode","T1c","66-69",26,0
"mode","T1c","75-79",12,0
"mode","T2","80+",38,2
"mode","T1ab","75-79",22,0
"mode","T1c","70-74",40,0
"mode","T2","80+",30,2
"mode","T1ab","80+",4,0
"mode","T1ab","75-79",68,0
"poor","T1c","75-79",9,0
"poor","T1c","70-74",88,0
"mode","T1c","80+",76,2
"poor","T1c","80+",73,0
"mode","T1ab","80+",72,0
"mode","T1ab","80+",2,0
"mode","T2","80+",87,0
"mode","T1ab","70-74",71,0
"poor","T1ab","75-79",7,0
"mode","T1c","80+",8,0
"mode","T1ab","80+",32,0
"mode","T1c","75-79",21,2
"mode","T1ab","80+",14,0
"mode","T1c","80+",10,0
"mode","T1ab","75-79",80,2
"mode","T2","66-69",13,0
"mode","T1ab","70-74",62,0
"mode","T2","70-74",10,0
"mode","T2","80+",87,0
"poor","T2","75-79",7,0
"mode","T2","80+",8,0
"mode","T1ab","66-69",14,0
"mode","T1c","75-79",74,0
"mode","T1c","75-79",103,0
"mode","T1c","66-69",35,0
"mode","T2","80+",75,2
"mode","T1ab","80+",70,2
"mode","T2","80+",17,2
"mode","T1c","80+",43,2
"poor","T2","80+",85,0
"mode","T1ab","70-74",56,0
"mode","T1c","75-79",40,0
"mode","T1c","66-69",4,0
"mode","T1ab","80+",7,0
"mode","T1c","70-74",12,0
"mode","T1c","70-74",112,0
"mode","T2","70-74",21,2
"mode","T2","75-79",3,0
"poor","T2","80+",16,0
"mode","T1ab","75-79",69,2
"mode","T1ab","80+",45,2
"mode","T1c","70-74",32,0
"mode","T1ab","75-79",28,0
"poor","T2","70-74",55,0
"poor","T2","75-79",31,2
"mode","T1ab","70-74",24,0
"mode","T1ab","75-79",2,2
"mode","T1ab","75-79",72,2
"mode","T1c","80+",4,2
"mode","T2","70-74",1,0
"mode","T1ab","80+",62,2
"mode","T1c","80+",77,2
"mode","T2","70-74",11,0
"poor","T2","80+",18,1
"poor","T2","80+",29,2
"poor","T1c","80+",100,0
"mode","T2","80+",64,0
"poor","T2","70-74",4,0
"poor","T2","66-69",6,0
"mode","T1ab","75-79",3,0
"poor","T1c","75-79",10,2
"mode","T1ab","70-74",17,0
"poor","T2","70-74",49,2
"mode","T2","75-79",49,0
"mode","T1c","70-74",60,0
"poor","T1c","75-79",12,0
"poor","T2","70-74",83,1
"mode","T2","80+",22,0
"poor","T2","75-79",43,2
"mode","T1c","75-79",47,0
"poor","T1ab","75-79",57,2
"mode","T1c","80+",63,0
"mode","T2","70-74",29,0
"mode","T1ab","70-74",65,0
"mode","T2","80+",42,0
"mode","T1ab","75-79",49,0
"mode","T1c","80+",68,0
"mode","T2","80+",2,0
"mode","T2","70-74",19,0
"poor","T2","80+",77,1
"mode","T1c","80+",7,0
"mode","T1ab","70-74",46,2
"mode","T1c","80+",58,0
"poor","T1c","80+",5,0
"poor","T2","80+",32,0
"mode","T1c","75-79",5,0
"mode","T2","66-69",17,0
"mode","T1ab","70-74",10,0
"poor","T2","80+",50,2
"mode","T1ab","70-74",94,0
"mode","T1ab","70-74",82,0
"mode","T1c","80+",94,2
"poor","T2","70-74",9,0
"mode","T1ab","75-79",10,0
"poor","T2","80+",40,2
"mode","T1c","70-74",49,0
"mode","T1ab","75-79",68,0
"mode","T1ab","66-69",27,0
"mode","T1ab","80+",31,0
"poor","T2","80+",91,0
"poor","T2","80+",10,2
"poor","T1c","75-79",61,2
"mode","T1ab","80+",20,0
"mode","T1ab","75-79",100,0
"poor","T1ab","80+",6,1
"mode","T1c","75-79",38,2
"mode","T2","70-74",25,0
"mode","T1ab","70-74",9,0
"mode","T1c","66-69",11,0
"mode","T1ab","80+",69,0
"mode","T1ab","75-79",82,2
"mode","T1c","70-74",111,2
"poor","T2","80+",12,0
"mode","T1c","75-79",35,2
"poor","T1ab","70-74",15,0
"mode","T1c","75-79",18,0
"mode","T1c","66-69",20,0
"mode","T2","66-69",45,0
"mode","T1ab","70-74",65,0
"mode","T1c","66-69",56,0
"poor","T2","80+",93,0
"mode","T1ab","80+",61,2
"mode","T1ab","80+",52,0
"mode","T1c","80+",11,0
"mode","T2","70-74",52,0
"mode","T1c","75-79",22,0
"mode","T2","70-74",6,0
"poor","T2","75-79",17,0
"mode","T2","80+",18,0
"mode","T1c","66-69",63,0
"mode","T2","80+",15,0
"mode","T1c","75-79",95,0
"mode","T1c","70-74",58,2
"mode","T2","70-74",102,0
"poor","T2","80+",27,1
"poor","T2","80+",112,0
"poor","T2","80+",18,2
"mode","T1ab","75-79",78,0
"poor","T2","80+",40,2
"mode","T2","75-79",44,0
"mode","T1c","80+",16,0
"mode","T1ab","80+",37,2
"poor","T1c","70-74",73,0
"mode","T1c","66-69",1,0
"poor","T1c","75-79",98,2
"mode","T1ab","75-79",26,0
"poor","T2","80+",66,2
"poor","T2","80+",19,0
"mode","T1ab","80+",29,2
"mode","T1c","66-69",23,0
"poor","T2","80+",32,0
"mode","T1ab","80+",0,0
"poor","T1c","70-74",31,0
"mode","T1ab","70-74",10,0
"mode","T2","75-79",10,0
"mode","T1ab","70-74",14,0
"mode","T1c","80+",50,0
"mode","T1c","80+",5,0
"mode","T1c","80+",29,0
"mode","T1ab","80+",21,0
"mode","T1c","80+",67,1
"mode","T2","70-74",21,2
"mode","T2","70-74",31,0
"mode","T2","75-79",62,0
"mode","T2","70-74",63,2
"mode","T1c","75-79",90,2
"mode","T2","80+",0,0
"poor","T2","80+",80,1
"mode","T1c","80+",4,0
"mode","T1ab","80+",45,0
"mode","T1ab","75-79",100,0
"mode","T2","66-69",96,0
"mode","T2","80+",83,0
"mode","T2","70-74",14,2
"poor","T1c","80+",16,0
"mode","T2","75-79",86,2
"mode","T2","75-79",33,2
"mode","T1c","70-74",10,0
"mode","T2","70-74",106,0
"poor","T1c","80+",4,0
"mode","T2","80+",71,0
"poor","T2","75-79",13,0
"mode","T1c","70-74",5,0
"mode","T1ab","80+",1,2
"poor","T2","80+",91,1
"mode","T1ab","80+",53,2
"mode","T1c","80+",24,0
"mode","T2","66-69",15,0
"mode","T2","70-74",2,0
"poor","T2","70-74",17,0
"mode","T1c","66-69",29,0
"mode","T2","80+",5,2
"mode","T2","80+",3,0
"mode","T1ab","80+",56,0
"mode","T1c","75-79",12,0
"mode","T2","66-69",15,0
"mode","T1c","80+",41,0
"mode","T1c","70-74",31,0
"mode","T2","75-79",14,2
"mode","T2","75-79",32,1
"poor","T2","75-79",58,2
"mode","T1ab","75-79",8,0
"mode","T2","80+",52,2
"mode","T1c","70-74",28,0
"mode","T2","80+",22,2
"poor","T1c","80+",41,2
"mode","T1c","66-69",13,0
"mode","T1c","70-74",0,0
"poor","T1c","75-79",43,0
"poor","T2","80+",31,2
"mode","T1ab","80+",13,0
"mode","T1c","75-79",47,2
"mode","T1c","70-74",8,0
"mode","T2","80+",89,0
"mode","T1ab","66-69",23,0
"mode","T1c","80+",71,0
"mode","T1c","75-79",4,0
"poor","T1c","75-79",1,2
"mode","T1ab","75-79",1,2
"mode","T1c","70-74",112,0
"mode","T1c","75-79",100,0
"mode","T1c","70-74",3,0
"mode","T2","80+",25,0
"mode","T2","80+",100,2
"mode","T2","70-74",39,0
"mode","T1ab","70-74",17,2
"mode","T1c","75-79",56,0
"mode","T2","80+",25,2
"mode","T1ab","75-79",34,2
"mode","T1ab","70-74",10,0
"mode","T1c","80+",52,2
"mode","T1c","80+",23,0
"mode","T1ab","66-69",83,0
"mode","T1c","66-69",5,0
"mode","T1c","70-74",16,0
"mode","T1c","66-69",4,0
"poor","T1ab","66-69",13,0
"mode","T2","66-69",60,2
"poor","T1c","66-69",28,2
"poor","T2","75-79",14,0
"mode","T1ab","75-79",3,0
"mode","T2","75-79",1,0
"poor","T2","80+",12,1
"mode","T2","80+",90,1
"mode","T1c","80+",74,2
"mode","T1c","70-74",42,0
"mode","T1ab","75-79",11,0
"mode","T2","80+",43,2
"mode","T2","80+",12,2
"mode","T1ab","66-69",99,0
"mode","T2","66-69",4,0
"mode","T2","75-79",43,0
"mode","T1c","75-79",63,0
"mode","T1c","80+",32,0
"mode","T1ab","75-79",45,0
"mode","T1ab","80+",16,0
"mode","T1c","80+",50,2
"mode","T2","75-79",59,2
"poor","T2","75-79",9,0
"mode","T2","75-79",81,0
"poor","T1c","80+",98,2
"mode","T2","75-79",21,2
"mode","T2","75-79",78,0
"mode","T2","70-74",81,2
"mode","T2","66-69",39,0
"poor","T1c","66-69",3,0
"mode","T1c","70-74",37,0
"poor","T2","75-79",5,0
"mode","T1c","75-79",53,2
"mode","T1c","70-74",63,0
"mode","T2","75-79",58,0
"mode","T1c","80+",69,0
"poor","T2","80+",7,0
"poor","T1ab","75-79",1,2
"mode","T1c","66-69",102,0
"mode","T1ab","75-79",17,2
"mode","T1ab","75-79",49,0
"mode","T1c","75-79",57,0
"mode","T1c","70-74",8,0
"mode","T1c","75-79",20,0
"mode","T1ab","66-69",115,0
"poor","T2","75-79",8,2
"mode","T1ab","75-79",64,0
"mode","T1c","75-79",94,0
"mode","T1c","70-74",42,0
"mode","T2","75-79",9,0
"poor","T1c","80+",25,2
"mode","T2","80+",39,0
"mode","T1c","75-79",88,0
"mode","T2","70-74",33,0
"mode","T2","75-79",78,0
"mode","T1ab","80+",12,2
"mode","T1c","70-74",63,0
"poor","T1c","80+",48,1
"poor","T1c","80+",2,0
"mode","T1ab","66-69",21,0
"poor","T1ab","70-74",37,2
"mode","T2","75-79",6,0
"mode","T1c","75-79",20,0
"mode","T2","80+",8,0
"mode","T1ab","75-79",74,0
"mode","T1c","75-79",62,0
"mode","T2","80+",2,0
"poor","T2","80+",27,2
"poor","T1c","80+",13,0
"poor","T2","80+",43,2
"mode","T2","80+",17,0
"poor","T2","75-79",59,0
"mode","T2","66-69",70,0
"mode","T1ab","80+",60,0
"mode","T1c","70-74",70,0
"mode","T2","80+",27,2
"poor","T1ab","80+",61,1
"mode","T1c","80+",105,0
"mode","T1ab","80+",23,0
"mode","T2","80+",42,0
"poor","T2","80+",59,0
"mode","T1c","70-74",6,1
"mode","T2","80+",40,0
"mode","T2","70-74",56,0
"mode","T1ab","80+",14,0
"mode","T1c","75-79",1,0
"mode","T2","80+",61,0
"mode","T1c","75-79",35,2
"mode","T1ab","75-79",9,2
"mode","T2","70-74",42,0
"mode","T2","75-79",40,2
"poor","T1ab","80+",49,2
"mode","T1ab","80+",57,0
"poor","T2","80+",1,0
"mode","T2","66-69",85,0
"mode","T1ab","75-79",42,0
"mode","T1ab","80+",18,0
"poor","T2","80+",18,0
"mode","T1c","66-69",59,0
"mode","T1c","70-74",100,0
"mode","T1ab","70-74",3,0
"mode","T2","70-74",19,0
"mode","T1ab","80+",3,0
"mode","T1c","70-74",54,0
"mode","T1c","75-79",76,0
"poor","T1c","75-79",13,0
"mode","T2","75-79",53,0
"mode","T1ab","80+",7,2
"mode","T2","66-69",0,0
"poor","T2","80+",20,2
"mode","T1c","80+",0,0
"mode","T1ab","80+",0,0
"mode","T2","80+",6,0
"mode","T1ab","80+",43,2
"poor","T1c","70-74",7,0
"mode","T2","80+",23,1
"mode","T2","70-74",2,0
"mode","T1ab","80+",29,2
"poor","T2","80+",68,0
"mode","T1ab","75-79",2,0
"poor","T1ab","70-74",71,0
"mode","T2","66-69",103,0
"mode","T2","75-79",82,0
"mode","T1c","66-69",63,0
"mode","T1ab","75-79",57,0
"poor","T2","75-79",32,0
"mode","T1ab","80+",5,0
"mode","T2","80+",0,0
"mode","T2","75-79",1,0
"mode","T2","75-79",2,0
"poor","T2","75-79",18,1
"mode","T1c","80+",77,2
"mode","T1ab","70-74",48,0
"mode","T1ab","66-69",14,0
"mode","T1c","80+",47,0
"mode","T1ab","80+",18,2
"poor","T2","80+",9,1
"mode","T1ab","70-74",0,0
"mode","T2","75-79",6,0
"mode","T1ab","66-69",4,0
"mode","T1ab","70-74",8,0
"mode","T1c","80+",13,0
"mode","T1ab","80+",45,2
"mode","T1ab","75-79",36,0
"poor","T1c","75-79",43,0
"mode","T1ab","70-74",24,0
"mode","T1c","66-69",11,2
"mode","T2","70-74",114,0
"mode","T1ab","75-79",102,2
"mode","T2","80+",66,2
"mode","T2","70-74",48,0
"mode","T2","80+",19,0
"mode","T2","75-79",17,0
"poor","T2","66-69",93,0
"poor","T1c","80+",64,0
"mode","T1c","75-79",4,0
"mode","T1c","70-74",101,0
"mode","T1ab","80+",56,0
"mode","T2","70-74",79,0
"poor","T2","80+",7,0
"mode","T1ab","75-79",16,0
"poor","T1c","75-79",29,0
"mode","T1ab","80+",71,0
"mode","T1ab","75-79",2,0
"mode","T1c","75-79",12,0
"mode","T2","80+",38,2
"poor","T1c","80+",25,2
"mode","T2","80+",10,2
"mode","T2","70-74",113,0
"poor","T2","80+",20,0
"mode","T1c","70-74",20,0
"mode","T1ab","80+",28,0
"poor","T1c","80+",40,0
"poor","T1ab","75-79",59,0
"mode","T1ab","70-74",14,0
"poor","T2","70-74",39,0
"mode","T2","80+",57,0
"mode","T1ab","80+",5,0
"mode","T2","70-74",40,0
"mode","T1ab","80+",21,2
"poor","T2","66-69",27,0
"mode","T2","80+",40,2
"mode","T1c","75-79",43,0
"mode","T1c","70-74",48,0
"mode","T2","75-79",7,0
"mode","T2","75-79",63,0
"mode","T1ab","75-79",7,2
"mode","T1ab","70-74",36,0
"mode","T1c","75-79",35,0
"poor","T2","75-79",47,0
"mode","T1ab","70-74",109,0
"mode","T1c","80+",17,2
"poor","T1ab","80+",1,0
"mode","T2","80+",2,0
"mode","T2","75-79",18,0
"mode","T2","75-79",7,0
"mode","T2","75-79",19,0
"mode","T2","80+",76,2
"poor","T1c","75-79",10,0
"mode","T2","80+",3,0
"mode","T1c","80+",36,0
"mode","T1c","75-79",38,0
"mode","T2","70-74",5,0
"mode","T1ab","80+",39,0
"mode","T1c","70-74",99,0
"mode","T1ab","70-74",59,0
"poor","T1c","66-69",17,0
"poor","T2","80+",77,0
"mode","T1ab","80+",18,2
"mode","T2","70-74",0,0
"poor","T1ab","70-74",71,0
"mode","T2","75-79",6,0
"mode","T1ab","70-74",13,0
"poor","T1ab","80+",48,1
"mode","T2","80+",75,0
"mode","T1c","66-69",9,0
"mode","T2","75-79",11,0
"mode","T1ab","75-79",59,0
"poor","T2","80+",26,0
"mode","T1ab","75-79",23,0
"mode","T1c","75-79",47,0
"poor","T1c","80+",5,0
"poor","T1c","80+",46,1
"mode","T1ab","75-79",9,0
"mode","T1c","70-74",88,0
"mode","T1ab","80+",9,0
"mode","T1ab","70-74",32,0
"mode","T1ab","80+",69,0
"poor","T1c","80+",5,0
"mode","T2","66-69",15,0
"poor","T1ab","80+",59,2
"mode","T1ab","70-74",62,2
"mode","T2","75-79",69,0
"mode","T1c","70-74",44,1
"mode","T1ab","75-79",34,0
"mode","T2","75-79",18,0
"mode","T1c","75-79",86,0
"mode","T1ab","80+",39,0
"poor","T1ab","80+",19,0
"poor","T1c","80+",63,0
"mode","T1ab","80+",2,0
"mode","T1ab","75-79",30,0
"mode","T1c","75-79",15,0
"mode","T1ab","80+",12,0
"mode","T1c","75-79",71,0
"mode","T2","75-79",8,0
"mode","T2","80+",84,2
"mode","T2","75-79",73,2
"mode","T1c","75-79",39,0
"mode","T1c","75-79",68,2
"mode","T1c","80+",59,2
"poor","T1c","80+",37,0
"poor","T2","75-79",26,2
"mode","T1ab","70-74",100,0
"mode","T1ab","80+",66,0
"mode","T2","80+",47,0
"mode","T2","80+",59,0
"mode","T2","66-69",63,1
"mode","T1ab","75-79",108,0
"mode","T1ab","80+",3,0
"mode","T1ab","80+",33,2
"mode","T1ab","75-79",7,0
"poor","T2","80+",91,0
"mode","T1ab","80+",19,0
"poor","T1ab","80+",71,0
"poor","T1ab","70-74",18,0
"poor","T1c","75-79",67,0
"mode","T2","70-74",35,2
"mode","T1c","80+",22,0
"mode","T2","80+",27,0
"poor","T2","75-79",17,0
"mode","T2","75-79",18,2
"mode","T1ab","70-74",36,0
"mode","T2","70-74",31,2
"poor","T2","70-74",11,0
"poor","T1ab","75-79",9,1
"mode","T1c","75-79",23,1
"poor","T2","80+",17,0
"mode","T2","70-74",7,0
"mode","T1c","70-74",31,0
"mode","T2","80+",3,2
"mode","T2","70-74",76,0
"mode","T1c","80+",51,0
"mode","T1c","70-74",58,0
"mode","T1c","75-79",7,0
"mode","T2","70-74",56,0
"mode","T2","70-74",34,2
"mode","T1c","70-74",18,0
"poor","T1ab","75-79",42,2
"mode","T1c","80+",82,0
"poor","T2","75-79",96,0
"mode","T1c","80+",80,0
"mode","T1ab","70-74",4,0
"poor","T2","80+",42,0
"mode","T2","75-79",54,0
"mode","T1ab","80+",45,2
"poor","T1c","80+",39,0
"poor","T1ab","75-79",11,0
"mode","T2","75-79",41,0
"mode","T1c","75-79",6,2
"mode","T2","80+",85,0
"mode","T2","80+",30,0
"mode","T1c","80+",26,0
"poor","T1ab","80+",1,0
"mode","T1ab","70-74",2,0
"mode","T1c","70-74",74,0
"mode","T1ab","75-79",30,0
"mode","T1c","80+",3,0
"mode","T1ab","75-79",89,2
"poor","T2","80+",107,0
"mode","T2","80+",30,0
"mode","T1c","70-74",68,0
"mode","T1ab","75-79",33,0
"poor","T1c","80+",110,0
"mode","T1c","80+",11,0
"mode","T2","75-79",65,2
"mode","T1ab","70-74",51,0
"mode","T1c","80+",85,2
"poor","T1ab","80+",80,2
"mode","T2","75-79",22,0
"mode","T1c","80+",4,0
"mode","T1ab","66-69",56,0
"mode","T2","70-74",17,0
"mode","T2","75-79",49,2
"mode","T2","75-79",110,0
"poor","T2","80+",11,0
"mode","T1ab","70-74",80,2
"mode","T1c","66-69",2,0
"mode","T2","80+",15,0
"mode","T1c","75-79",11,0
"poor","T2","80+",4,0
"poor","T2","75-79",66,0
"mode","T1ab","70-74",41,0
"mode","T1c","75-79",37,0
"mode","T1c","66-69",16,0
"mode","T2","70-74",38,0
"mode","T1c","70-74",10,0
"mode","T2","80+",23,1
"poor","T2","66-69",33,0
"mode","T1ab","80+",3,2
"poor","T1c","80+",23,2
"mode","T1ab","75-79",26,0
"poor","T2","66-69",46,0
"mode","T1ab","80+",6,0
"poor","T1c","75-79",15,0
"mode","T2","75-79",102,0
"poor","T1ab","70-74",1,0
"mode","T2","75-79",23,0
"poor","T2","66-69",59,0
"mode","T1c","80+",95,0
"poor","T2","70-74",50,0
"poor","T1c","80+",105,1
"mode","T2","75-79",35,0
"mode","T1ab","66-69",50,0
"mode","T2","80+",101,2
"mode","T1ab","75-79",34,2
"mode","T1ab","80+",94,2
"poor","T1c","75-79",75,0
"mode","T2","80+",22,2
"mode","T1c","70-74",41,0
"mode","T1c","66-69",19,0
"mode","T2","80+",23,2
"mode","T1c","80+",16,0
"mode","T1c","80+",100,0
"mode","T2","80+",21,0
"mode","T2","75-79",32,0
"poor","T2","75-79",50,2
"mode","T1ab","80+",6,0
"mode","T1c","80+",75,0
"poor","T1ab","80+",5,2
"mode","T1c","80+",43,2
"mode","T2","70-74",96,0
"poor","T2","70-74",52,0
"mode","T2","75-79",77,0
"mode","T1c","70-74",33,1
"mode","T2","75-79",0,0
"mode","T1ab","75-79",74,2
"mode","T1ab","70-74",33,0
"mode","T1ab","66-69",114,0
"mode","T2","80+",22,0
"poor","T1c","66-69",15,0
"mode","T1ab","70-74",1,0
"mode","T2","70-74",60,2
"mode","T2","80+",12,0
"mode","T2","70-74",44,0
"mode","T2","70-74",18,0
"poor","T2","80+",45,0
"poor","T2","80+",7,0
"mode","T2","80+",6,2
"mode","T1c","75-79",43,0
"mode","T2","80+",11,1
"mode","T2","80+",13,2
"mode","T1c","80+",22,0
"poor","T1c","70-74",12,2
"mode","T2","80+",28,2
"mode","T2","80+",16,2
"mode","T2","70-74",71,0
"poor","T1c","75-79",73,0
"mode","T1c","75-79",18,2
"mode","T1ab","80+",4,0
"mode","T1c","70-74",106,0
"mode","T1c","70-74",6,0
"mode","T1ab","70-74",7,0
"mode","T2","66-69",7,0
"mode","T1c","70-74",20,0
"poor","T2","75-79",8,0
"mode","T2","66-69",16,0
"mode","T1ab","80+",26,2
"mode","T1ab","75-79",70,0
"mode","T2","66-69",28,0
"mode","T2","75-79",45,0
"poor","T1c","80+",20,0
"mode","T1ab","75-79",13,1
"mode","T2","80+",2,0
"mode","T1c","75-79",33,2
"mode","T1ab","80+",23,0
"mode","T1c","75-79",39,0
"mode","T2","80+",56,0
"mode","T2","75-79",83,0
"mode","T1c","80+",55,0
"mode","T2","80+",33,2
"mode","T2","75-79",58,0
"mode","T1ab","80+",11,0
"mode","T1ab","80+",0,0
"mode","T1c","70-74",11,0
"mode","T1ab","80+",55,2
"poor","T1c","66-69",30,0
"mode","T1c","80+",17,0
"poor","T2","66-69",4,2
"poor","T2","80+",10,0
"mode","T1c","80+",10,0
"mode","T2","70-74",114,2
"poor","T1c","80+",18,2
"mode","T1c","70-74",62,0
"poor","T2","75-79",18,2
"mode","T1c","75-79",6,2
"mode","T1ab","80+",0,0
"mode","T1ab","75-79",2,0
"poor","T2","70-74",23,0
"mode","T2","70-74",15,0
"mode","T2","80+",16,2
"mode","T1ab","70-74",13,0
"mode","T2","75-79",58,2
"mode","T2","75-79",12,0
"mode","T1c","70-74",56,0
"poor","T2","80+",7,1
"poor","T1c","80+",6,0
"mode","T1c","80+",13,0
"poor","T1c","80+",46,1
"mode","T2","70-74",38,1
"mode","T1ab","75-79",7,0
"mode","T1ab","75-79",22,0
"mode","T1c","80+",11,2
"mode","T1c","80+",103,0
"mode","T1ab","80+",27,0
"mode","T2","75-79",19,0
"mode","T1c","75-79",22,0
"mode","T1c","80+",50,0
"poor","T1c","75-79",11,2
"mode","T1ab","75-79",24,0
"mode","T2","75-79",26,2
"mode","T1c","80+",8,0
"mode","T2","75-79",62,1
"mode","T1c","75-79",52,2
"poor","T2","80+",54,0
"mode","T2","75-79",63,2
"poor","T2","70-74",84,0
"mode","T2","75-79",80,2
"mode","T2","70-74",46,0
"poor","T1ab","70-74",19,2
"mode","T2","70-74",98,0
"mode","T1c","80+",68,0
"mode","T1ab","70-74",66,2
"mode","T2","80+",60,2
"mode","T1c","75-79",54,0
"poor","T2","80+",38,0
"mode","T2","80+",6,0
"mode","T1c","75-79",22,2
"mode","T1ab","80+",11,0
"mode","T2","70-74",63,0
"mode","T1c","75-79",42,0
"mode","T1ab","70-74",21,0
"poor","T1ab","75-79",11,1
"mode","T1ab","70-74",92,0
"mode","T2","70-74",48,0
"poor","T2","66-69",11,0
"mode","T2","75-79",1,0
"mode","T1c","80+",5,0
"mode","T2","66-69",79,0
"mode","T1c","80+",32,2
"mode","T1c","75-79",80,0
"mode","T2","80+",20,0
"mode","T2","80+",2,0
"mode","T1ab","80+",12,2
"mode","T2","70-74",28,0
"mode","T2","66-69",63,1
"mode","T2","80+",58,2
"mode","T1ab","66-69",16,0
"mode","T1ab","75-79",86,0
"mode","T1c","70-74",19,0
"mode","T2","75-79",36,0
"mode","T1c","66-69",26,0
"mode","T1c","80+",40,2
"poor","T2","75-79",0,0
"mode","T1ab","75-79",30,2
"mode","T1ab","70-74",43,2
"mode","T1ab","80+",34,0
"poor","T2","75-79",10,0
"poor","T2","80+",77,2
"mode","T2","80+",9,1
"poor","T2","70-74",32,2
"mode","T2","70-74",96,0
"mode","T1c","75-79",17,2
"mode","T1c","80+",5,0
"mode","T1ab","70-74",50,0
"mode","T1ab","80+",22,0
"mode","T2","66-69",14,0
"mode","T1ab","80+",19,2
"mode","T1ab","80+",38,0
"mode","T1ab","80+",69,0
"mode","T1c","66-69",39,0
"poor","T1ab","80+",82,1
"mode","T1ab","80+",61,0
"poor","T2","80+",8,0
"poor","T1c","70-74",83,0
"mode","T2","75-79",58,1
"poor","T2","80+",32,0
"poor","T1c","80+",54,2
"mode","T2","75-79",5,0
"mode","T1c","75-79",10,0
"mode","T2","80+",3,0
"poor","T2","80+",25,0
"mode","T1ab","70-74",0,0
"mode","T1c","70-74",42,2
"poor","T1c","70-74",1,0
"mode","T2","66-69",22,0
"mode","T1ab","80+",33,2
"mode","T1ab","70-74",26,0
"mode","T1c","70-74",25,0
"mode","T1c","70-74",2,0
"mode","T1ab","75-79",5,0
"mode","T2","80+",102,0
"poor","T1c","80+",17,0
"mode","T1ab","80+",23,0
"mode","T2","75-79",23,2
"poor","T1c","80+",34,1
"mode","T2","66-69",13,2
"mode","T2","80+",3,0
"mode","T2","66-69",17,0
"mode","T1c","80+",9,0
"mode","T2","70-74",23,2
"mode","T1ab","80+",6,0
"mode","T2","75-79",44,0
"mode","T1c","80+",71,0
"mode","T1c","70-74",41,0
"poor","T1ab","75-79",11,0
"poor","T2","75-79",64,0
"poor","T2","80+",13,0
"mode","T1c","75-79",44,0
"mode","T1ab","75-79",23,1
"mode","T2","80+",15,0
"mode","T1ab","80+",17,2
"mode","T2","70-74",39,2
"mode","T2","75-79",57,0
"mode","T2","75-79",38,1
"mode","T1c","66-69",94,0
"poor","T2","66-69",5,0
"mode","T2","75-79",60,0
"mode","T2","80+",15,0
"mode","T2","80+",39,0
"mode","T2","80+",88,0
"mode","T1ab","75-79",63,0
"mode","T2","75-79",13,0
"poor","T2","66-69",1,0
"mode","T2","80+",97,0
"poor","T1c","75-79",41,0
"mode","T1ab","75-79",23,0
"mode","T2","70-74",119,0
"mode","T2","80+",21,0
"mode","T2","80+",22,0
"poor","T1ab","80+",61,0
"mode","T1c","66-69",10,0
"mode","T2","80+",22,2
"mode","T2","75-79",43,0
"poor","T1c","70-74",26,1
"mode","T1c","80+",80,2
"poor","T1ab","75-79",13,0
"mode","T2","70-74",7,0
"poor","T1c","75-79",76,0
"mode","T1ab","80+",7,2
"mode","T2","80+",3,0
"mode","T1ab","80+",34,0
"mode","T1c","70-74",60,0
"mode","T2","66-69",82,0
"mode","T1c","66-69",15,0
"mode","T1c","75-79",10,0
"mode","T1ab","80+",22,0
"mode","T1c","80+",16,0
"mode","T1c","75-79",41,2
"mode","T1c","70-74",9,0
"poor","T2","75-79",6,0
"mode","T1ab","80+",24,2
"mode","T1c","80+",75,0
"mode","T2","70-74",15,0
"mode","T1c","70-74",77,2
"mode","T1c","66-69",11,0
"poor","T2","80+",63,2
"mode","T1ab","75-79",16,0
"mode","T2","66-69",0,0
"poor","T2","80+",3,0
"mode","T2","80+",7,0
"mode","T2","80+",73,0
"poor","T2","80+",52,2
"mode","T2","75-79",19,0
"mode","T1c","80+",32,0
"poor","T1c","66-69",18,0
"mode","T1c","75-79",4,0
"poor","T2","75-79",1,0
"mode","T2","70-74",103,0
"poor","T2","80+",40,2
"poor","T2","80+",2,0
"poor","T2","75-79",54,0
"mode","T1ab","70-74",103,0
"mode","T1ab","70-74",96,0
"mode","T2","75-79",100,2
"mode","T1c","75-79",8,0
"mode","T1c","80+",14,0
"mode","T2","75-79",48,2
"mode","T1c","66-69",43,0
"mode","T1c","70-74",81,0
"mode","T1c","66-69",4,0
"mode","T2","75-79",38,0
"mode","T1ab","80+",61,0
"mode","T2","75-79",52,0
"mode","T1ab","80+",79,0
"mode","T1ab","75-79",12,0
"mode","T2","80+",1,0
"mode","T1c","75-79",8,0
"mode","T1c","80+",23,2
"poor","T2","75-79",103,0
"mode","T2","80+",17,2
"mode","T1ab","80+",48,0
"mode","T1ab","75-79",38,0
"mode","T1c","66-69",36,0
"mode","T1c","66-69",78,0
"poor","T2","70-74",24,1
"mode","T2","80+",56,1
"poor","T2","80+",34,0
"mode","T1c","80+",13,0
"poor","T1ab","80+",60,2
"mode","T2","66-69",20,0
"mode","T1c","70-74",34,0
"mode","T1c","70-74",24,0
"mode","T2","75-79",96,0
"mode","T2","75-79",22,0
"mode","T1ab","70-74",36,2
"mode","T1ab","66-69",119,0
"mode","T1ab","75-79",18,0
"mode","T1c","80+",33,0
"mode","T2","75-79",99,0
"mode","T1ab","75-79",10,2
"mode","T1ab","66-69",24,2
"mode","T2","70-74",20,0
"mode","T1c","75-79",12,2
"mode","T2","75-79",97,0
"mode","T1c","80+",75,0
"mode","T1c","75-79",73,0
"mode","T2","70-74",88,0
"mode","T1c","75-79",18,0
"mode","T1ab","70-74",11,0
"mode","T1c","75-79",4,0
"poor","T2","80+",4,0
"poor","T1c","75-79",51,0
"mode","T1c","75-79",7,0
"mode","T1ab","66-69",77,0
"mode","T1c","80+",78,2
"mode","T1c","80+",49,2
"poor","T2","80+",74,2
"mode","T2","75-79",81,0
"poor","T2","70-74",75,0
"poor","T1c","80+",13,0
"mode","T2","66-69",17,0
"poor","T1c","66-69",114,0
"mode","T1c","66-69",61,0
"mode","T1c","75-79",6,0
"mode","T1ab","66-69",111,0
"mode","T2","70-74",42,0
"mode","T1c","80+",45,0
"poor","T1c","80+",9,1
"mode","T1c","75-79",24,1
"mode","T1c","66-69",30,0
"mode","T1c","75-79",12,0
"mode","T1ab","80+",32,0
"poor","T1c","70-74",75,0
"poor","T2","80+",6,0
"poor","T2","80+",29,2
"mode","T1c","66-69",11,0
"mode","T1c","66-69",75,2
"mode","T1c","75-79",6,0
"mode","T1ab","70-74",89,0
"mode","T1c","75-79",86,2
"mode","T2","80+",0,0
"mode","T1c","75-79",68,2
"mode","T1ab","80+",60,2
"mode","T1ab","80+",54,0
"mode","T1c","75-79",1,0
"mode","T2","80+",64,1
"mode","T1ab","80+",31,2
"mode","T2","70-74",62,0
"mode","T2","75-79",24,0
"mode","T2","70-74",42,2
"poor","T1c","80+",12,1
"mode","T2","75-79",43,2
"poor","T1c","80+",7,0
"mode","T1ab","66-69",15,0
"mode","T2","80+",18,0
"poor","T1c","75-79",3,0
"mode","T2","70-74",75,2
"mode","T1ab","80+",23,0
"mode","T2","80+",81,0
"mode","T2","75-79",41,0
"mode","T2","80+",1,0
"mode","T1c","80+",65,2
"mode","T2","70-74",119,0
"mode","T2","80+",32,0
"mode","T2","80+",15,0
"poor","T1c","70-74",38,0
"mode","T1ab","80+",84,0
"mode","T2","75-79",76,2
"mode","T2","75-79",11,0
"mode","T1ab","75-79",71,1
"mode","T2","75-79",6,0
"mode","T1c","80+",16,2
"mode","T1c","70-74",29,0
"mode","T2","70-74",89,0
"mode","T2","80+",18,0
"mode","T1c","75-79",16,0
"mode","T1c","70-74",16,0
"poor","T2","70-74",23,0
"mode","T2","75-79",1,2
"mode","T1c","80+",12,0
"mode","T1c","80+",20,2
"mode","T1ab","70-74",20,0
"mode","T1ab","75-79",34,0
"mode","T1ab","75-79",6,0
"mode","T1c","70-74",63,0
"poor","T2","75-79",38,1
"mode","T2","75-79",0,0
"mode","T1c","75-79",91,2
"mode","T1ab","80+",44,0
"mode","T1ab","80+",102,0
"mode","T1c","80+",10,2
"mode","T2","75-79",115,0
"mode","T1ab","66-69",56,0
"poor","T1c","80+",23,0
"mode","T1ab","75-79",36,0
"poor","T2","70-74",48,0
"mode","T1c","75-79",47,2
"mode","T1ab","80+",34,0
"mode","T1ab","80+",36,0
"mode","T2","80+",25,2
"mode","T1ab","66-69",41,0
"poor","T2","80+",9,0
"poor","T1ab","70-74",73,0
"poor","T2","80+",14,0
"mode","T1ab","80+",54,2
"poor","T2","80+",67,0
"poor","T1c","70-74",88,0
"mode","T2","80+",4,0
"poor","T1ab","80+",21,1
"mode","T2","80+",33,2
"poor","T2","80+",93,0
"mode","T2","66-69",45,0
"poor","T2","66-69",23,0
"mode","T1c","70-74",26,0
"poor","T1ab","80+",12,0
"mode","T2","66-69",70,0
"mode","T1c","66-69",69,0
"mode","T2","70-74",22,0
"mode","T2","75-79",20,0
"mode","T2","70-74",62,2
"mode","T1c","66-69",64,0
"mode","T1ab","66-69",78,0
"mode","T1c","80+",16,1
"poor","T2","75-79",74,2
"mode","T2","80+",41,2
"poor","T1c","75-79",4,0
"mode","T2","75-79",57,0
"mode","T2","80+",53,1
"mode","T2","70-74",29,0
"mode","T1ab","80+",27,2
"mode","T2","70-74",64,2
"mode","T2","80+",84,2
"mode","T1ab","80+",44,2
"mode","T1ab","75-79",26,2
"mode","T1c","75-79",18,0
"poor","T2","80+",78,2
"poor","T1ab","80+",0,0
"mode","T2","75-79",11,0
"mode","T1ab","80+",26,2
"mode","T1ab","80+",7,0
"poor","T2","70-74",24,0
"mode","T2","75-79",5,0
"mode","T1ab","75-79",5,0
"poor","T2","80+",4,0
"mode","T2","70-74",60,0
"mode","T2","80+",2,0
"mode","T1c","70-74",2,0
"mode","T2","70-74",13,0
"mode","T2","80+",3,2
"mode","T2","66-69",61,0
"mode","T2","80+",56,0
"mode","T1ab","80+",11,0
"mode","T2","70-74",8,0
"mode","T2","70-74",74,2
"mode","T1ab","75-79",55,0
"mode","T1c","70-74",2,0
"mode","T2","70-74",23,0
"mode","T2","75-79",2,0
"mode","T1ab","75-79",39,1
"mode","T2","80+",1,0
"poor","T2","70-74",102,0
"poor","T1ab","80+",20,1
"mode","T2","80+",19,0
"mode","T1c","70-74",95,2
"poor","T2","70-74",73,0
"mode","T1c","75-79",9,0
"mode","T1ab","70-74",41,2
"poor","T1c","75-79",46,1
"mode","T2","75-79",79,0
"mode","T2","80+",19,0
"mode","T2","80+",1,0
"mode","T2","80+",7,0
"mode","T2","80+",12,2
"poor","T2","70-74",109,0
"mode","T1c","80+",32,0
"mode","T1c","80+",7,0
"poor","T2","80+",23,2
"mode","T2","66-69",27,0
"poor","T2","70-74",42,0
"mode","T1ab","80+",2,0
"mode","T1c","80+",56,0
"mode","T1ab","70-74",87,0
"poor","T2","66-69",10,0
"poor","T2","75-79",1,0
"mode","T1c","66-69",25,0
"mode","T2","80+",26,0
"poor","T1c","80+",52,0
"mode","T1ab","75-79",42,0
"mode","T2","75-79",26,2
"mode","T1c","75-79",53,2
"mode","T1c","80+",23,0
"mode","T1ab","75-79",7,0
"mode","T1c","70-74",98,0
"poor","T2","80+",39,0
"mode","T2","70-74",30,2
"mode","T1ab","70-74",23,0
"poor","T1ab","75-79",21,2
"mode","T1ab","70-74",44,2
"mode","T1c","75-79",67,0
"mode","T2","80+",21,0
"poor","T1c","75-79",4,1
"mode","T1c","80+",3,0
"mode","T2","66-69",72,0
"mode","T1c","75-79",23,0
"mode","T1c","70-74",5,0
"mode","T1ab","70-74",27,2
"poor","T1c","66-69",2,0
"poor","T1ab","80+",2,0
"poor","T2","80+",18,0
"mode","T2","80+",14,0
"poor","T1c","75-79",26,2
"mode","T2","75-79",38,2
"mode","T1c","80+",63,0
"mode","T2","70-74",43,1
"mode","T2","70-74",10,0
"poor","T1ab","80+",0,0
"mode","T2","66-69",40,0
"mode","T1ab","80+",46,0
"mode","T2","80+",18,2
"mode","T2","80+",11,0
"mode","T2","75-79",42,2
"mode","T2","75-79",17,0
"mode","T1ab","80+",68,2
"mode","T1ab","70-74",103,0
"mode","T2","66-69",20,0
"mode","T1ab","80+",17,0
"mode","T2","70-74",54,0
"mode","T1ab","70-74",23,0
"mode","T1c","66-69",34,0
"mode","T1c","80+",2,0
"mode","T2","75-79",113,2
"mode","T2","75-79",57,0
"mode","T1ab","80+",20,0
"mode","T1c","80+",7,0
"mode","T1c","66-69",10,0
"mode","T2","75-79",73,0
"mode","T2","70-74",8,2
"mode","T1c","75-79",53,2
"mode","T1c","80+",32,2
"mode","T1ab","75-79",9,2
"poor","T2","80+",100,0
"mode","T1ab","80+",20,0
"mode","T1c","80+",28,2
"poor","T1ab","70-74",108,0
"mode","T1ab","80+",18,2
"poor","T2","70-74",20,0
"mode","T1c","75-79",15,0
"mode","T2","70-74",22,0
"mode","T1c","75-79",6,0
"mode","T2","80+",13,0
"poor","T2","80+",35,0
"mode","T1c","80+",24,2
"mode","T2","66-69",110,0
"mode","T1c","80+",2,2
"mode","T2","70-74",57,0
"mode","T2","75-79",18,0
"mode","T2","70-74",87,0
"mode","T2","75-79",50,0
"poor","T2","66-69",7,0
"poor","T1ab","80+",1,2
"mode","T2","80+",75,0
"poor","T1ab","80+",81,2
"mode","T1c","70-74",119,0
"poor","T2","80+",32,0
"mode","T2","75-79",71,0
"mode","T1ab","80+",15,0
"mode","T1c","80+",13,0
"mode","T1c","80+",7,0
"mode","T2","75-79",33,0
"mode","T1ab","80+",46,2
"mode","T2","75-79",13,0
"mode","T1ab","70-74",2,0
"mode","T2","75-79",19,0
"mode","T2","70-74",49,2
"mode","T2","80+",3,0
"mode","T1c","75-79",4,0
"mode","T2","70-74",13,2
"mode","T2","80+",76,2
"poor","T2","70-74",80,0
"mode","T2","80+",70,0
"mode","T1c","75-79",80,0
"mode","T2","75-79",8,1
"poor","T1ab","80+",5,2
"poor","T2","66-69",86,0
"mode","T1c","66-69",16,0
"poor","T2","80+",4,0
"mode","T1c","70-74",40,2
"mode","T1c","75-79",26,0
"mode","T1c","75-79",57,0
"mode","T1ab","66-69",104,0
"mode","T2","66-69",36,0
"mode","T1ab","80+",3,0
"mode","T2","80+",4,0
"poor","T1c","80+",57,0
"mode","T1ab","80+",45,1
"mode","T2","66-69",57,0
"mode","T1ab","66-69",48,2
"mode","T1c","75-79",24,2
"mode","T2","75-79",60,0
"mode","T1c","75-79",51,0
"mode","T1c","75-79",27,1
"poor","T2","70-74",29,2
"mode","T2","75-79",25,2
"mode","T1c","70-74",91,2
"mode","T1ab","80+",72,2
"mode","T1ab","70-74",42,0
"poor","T1c","75-79",118,0
"mode","T1ab","66-69",33,0
"mode","T1c","80+",68,2
"mode","T1ab","75-79",3,0
"mode","T1c","75-79",67,0
"mode","T2","70-74",33,0
"mode","T2","80+",68,0
"mode","T1c","80+",90,0
"mode","T2","80+",37,1
"mode","T1c","75-79",56,0
"poor","T1c","80+",2,0
"poor","T2","80+",69,0
"poor","T1c","75-79",78,2
"mode","T2","80+",47,2
"poor","T1ab","66-69",29,2
"poor","T1ab","80+",28,0
"poor","T2","80+",84,0
"mode","T1c","75-79",106,0
"mode","T1ab","80+",29,2
"mode","T1ab","75-79",3,0
"mode","T2","80+",50,0
"mode","T2","80+",6,0
"mode","T2","80+",12,0
"mode","T1c","70-74",38,0
"mode","T2","80+",51,0
"mode","T1c","70-74",22,0
"mode","T2","80+",30,0
"mode","T2","80+",36,0
"mode","T2","75-79",32,0
"mode","T1ab","70-74",15,0
"mode","T1c","80+",22,2
"mode","T1c","80+",27,2
"mode","T1ab","75-79",14,0
"poor","T2","80+",5,0
"mode","T1c","80+",29,0
"mode","T2","75-79",34,2
"poor","T1c","70-74",1,0
"poor","T1ab","80+",111,0
"mode","T1c","70-74",18,2
"mode","T1c","70-74",93,0
"mode","T2","80+",106,2
"poor","T2","80+",9,0
"mode","T1ab","75-79",93,0
"mode","T2","80+",43,0
"mode","T1ab","80+",23,2
"mode","T2","80+",17,0
"mode","T1ab","80+",18,2
"poor","T2","80+",10,0
"mode","T1ab","80+",100,0
"poor","T1c","80+",73,0
"poor","T2","80+",56,0
"poor","T2","80+",32,0
"mode","T1c","70-74",11,0
"mode","T2","80+",58,0
"poor","T2","70-74",5,0
"mode","T2","70-74",80,0
"mode","T2","75-79",72,0
"mode","T1c","70-74",8,0
"mode","T2","80+",35,0
"mode","T2","75-79",18,0
"mode","T2","70-74",83,0
"mode","T1c","75-79",18,0
"poor","T1ab","75-79",99,2
"mode","T2","70-74",69,0
"mode","T1c","70-74",0,0
"mode","T1c","75-79",39,0
"poor","T1ab","75-79",48,0
"poor","T2","66-69",96,1
"mode","T1c","80+",21,0
"mode","T1ab","75-79",60,0
"mode","T1c","70-74",12,0
"mode","T1c","66-69",75,0
"poor","T1c","80+",117,0
"poor","T2","75-79",15,0
"poor","T2","80+",46,1
"mode","T1c","80+",31,0
"mode","T1c","70-74",78,0
"mode","T2","75-79",18,0
"poor","T1c","70-74",13,0
"mode","T1c","70-74",56,0
"mode","T1ab","66-69",69,2
"mode","T1c","70-74",24,0
"mode","T1ab","66-69",10,0
"mode","T1ab","70-74",66,0
"poor","T2","75-79",47,2
"poor","T2","75-79",14,0
"poor","T2","80+",78,0
"mode","T2","70-74",28,0
"poor","T2","80+",39,0
"mode","T1c","80+",100,0
"poor","T2","70-74",41,0
"poor","T2","80+",26,2
"mode","T2","80+",95,2
"mode","T1ab","70-74",119,0
"mode","T1c","75-79",9,0
"poor","T2","80+",41,2
"poor","T2","75-79",79,0
"poor","T2","70-74",1,0
"mode","T2","75-79",42,0
"mode","T1ab","75-79",26,0
"mode","T1c","80+",26,2
"mode","T2","66-69",11,0
"mode","T2","80+",47,0
"mode","T1c","70-74",47,0
"mode","T2","70-74",55,0
"mode","T2","75-79",0,0
"mode","T2","80+",26,2
"mode","T1c","75-79",7,0
"poor","T2","80+",34,2
"mode","T1c","75-79",9,0
"mode","T1c","75-79",31,0
"poor","T1ab","80+",98,2
"mode","T1c","80+",9,0
"mode","T1c","66-69",2,0
"mode","T1ab","80+",114,0
"poor","T1c","80+",57,1
"mode","T2","80+",26,0
"mode","T2","80+",43,2
"mode","T1ab","75-79",42,0
"mode","T2","66-69",94,0
"mode","T1ab","75-79",52,2
"mode","T1ab","80+",14,0
"poor","T2","80+",12,0
"poor","T2","75-79",44,1
"poor","T2","80+",30,0
"mode","T1c","80+",58,2
"mode","T1c","75-79",62,0
"mode","T1c","80+",94,2
"mode","T1ab","75-79",58,0
"mode","T2","75-79",90,0
"mode","T2","66-69",78,0
"mode","T1ab","70-74",10,0
"mode","T2","80+",6,0
"mode","T2","75-79",40,0
"poor","T1c","80+",84,2
"mode","T1ab","80+",14,0
"mode","T1c","66-69",80,0
"mode","T1c","75-79",45,2
"mode","T1ab","70-74",78,0
"mode","T1c","75-79",21,0
"poor","T2","75-79",18,0
"mode","T2","70-74",30,2
"poor","T1c","75-79",49,0
"mode","T1c","75-79",99,2
"mode","T1ab","70-74",116,0
"mode","T2","70-74",24,2
"poor","T2","80+",0,0
"poor","T1c","80+",11,0
"mode","T1c","80+",8,2
"mode","T2","70-74",100,2
"mode","T1c","75-79",48,0
"mode","T1c","75-79",67,0
"mode","T1c","70-74",38,0
"poor","T1ab","80+",8,2
"mode","T2","80+",19,0
"mode","T2","66-69",73,0
"poor","T1c","80+",32,0
"mode","T1ab","70-74",21,0
"mode","T2","75-79",4,0
"mode","T1c","75-79",22,0
"mode","T1c","80+",33,0
"mode","T1c","75-79",61,0
"mode","T2","80+",3,0
"poor","T2","80+",11,0
"mode","T2","70-74",22,0
"mode","T1ab","80+",7,0
"mode","T1ab","70-74",49,2
"poor","T2","80+",0,0
"poor","T1c","75-79",74,0
"mode","T2","80+",7,0
"mode","T1c","75-79",53,0
"mode","T2","70-74",67,0
"mode","T1ab","75-79",33,0
"mode","T1ab","80+",23,0
"mode","T2","80+",93,1
"mode","T1c","80+",86,2
"poor","T2","75-79",9,0
"poor","T1c","80+",14,0
"mode","T2","80+",25,2
"mode","T2","80+",29,2
"mode","T1c","70-74",22,0
"mode","T1c","75-79",5,0
"mode","T2","75-79",88,0
"poor","T2","80+",66,2
"mode","T1ab","80+",11,2
"mode","T2","70-74",90,0
"mode","T1c","70-74",43,0
"poor","T2","70-74",54,2
"mode","T2","75-79",63,0
"mode","T1c","75-79",90,0
"mode","T1c","80+",46,0
"mode","T2","75-79",59,2
"poor","T2","80+",15,0
"poor","T1ab","80+",56,0
"mode","T1ab","66-69",75,0
"poor","T1ab","80+",24,2
"mode","T1c","70-74",3,0
"mode","T2","66-69",17,0
"mode","T1ab","66-69",44,0
"poor","T1ab","70-74",26,1
"mode","T1c","75-79",59,0
"mode","T2","75-79",24,0
"mode","T2","66-69",6,0
"mode","T1c","70-74",12,0
"mode","T1ab","75-79",17,0
"mode","T1ab","80+",10,2
"mode","T1ab","80+",52,2
"mode","T1ab","66-69",68,0
"mode","T2","80+",6,0
"mode","T1c","80+",70,2
"mode","T2","66-69",23,0
"mode","T1ab","66-69",85,0
"poor","T1c","75-79",86,0
"poor","T1c","80+",26,2
"mode","T1c","75-79",62,2
"mode","T1ab","66-69",21,0
"mode","T1ab","70-74",58,0
"mode","T1c","80+",6,0
"mode","T1ab","75-79",17,0
"poor","T2","75-79",16,1
"mode","T1c","70-74",109,0
"poor","T1c","80+",35,2
"mode","T1ab","80+",21,0
"mode","T1ab","80+",34,2
"mode","T1c","75-79",35,2
"mode","T1ab","80+",76,0
"mode","T1ab","75-79",5,0
"poor","T2","80+",11,0
"poor","T2","75-79",69,1
"mode","T2","80+",7,2
"mode","T1c","80+",23,0
"mode","T1ab","75-79",65,0
"mode","T1ab","80+",3,0
"poor","T1c","80+",21,0
"mode","T2","75-79",24,0
"mode","T1c","70-74",22,2
"mode","T2","70-74",36,0
"mode","T1c","66-69",14,2
"poor","T1ab","70-74",25,1
"mode","T1ab","75-79",94,2
"mode","T1ab","75-79",58,0
"mode","T1c","80+",60,0
"mode","T1ab","80+",16,0
"mode","T2","66-69",79,0
"mode","T1ab","75-79",44,0
"mode","T1c","75-79",93,0
"mode","T1ab","75-79",35,2
"mode","T2","70-74",51,0
"poor","T1c","75-79",67,1
"mode","T1c","75-79",92,2
"mode","T1ab","80+",18,0
"mode","T1c","75-79",52,0
"mode","T1c","80+",7,0
"poor","T2","80+",8,0
"mode","T2","80+",52,0
"mode","T1c","80+",56,2
"mode","T2","75-79",55,2
"mode","T2","75-79",72,1
"mode","T1c","80+",7,0
"mode","T1c","70-74",108,0
"mode","T1c","80+",52,2
"mode","T2","80+",1,0
"mode","T2","80+",64,0
"mode","T2","75-79",3,0
"poor","T2","70-74",68,0
"mode","T1ab","66-69",114,0
"mode","T1c","80+",47,0
"poor","T1c","75-79",11,0
"mode","T2","80+",87,0
"mode","T2","75-79",60,0
"mode","T1ab","80+",26,2
"mode","T1ab","80+",38,0
"mode","T1ab","80+",3,2
"mode","T1ab","70-74",8,0
"mode","T1c","75-79",109,0
"mode","T1ab","75-79",38,2
"mode","T2","80+",54,0
"mode","T1c","80+",5,0
"poor","T1c","70-74",26,0
"mode","T1c","80+",50,0
"mode","T1c","75-79",1,0
"mode","T2","75-79",63,0
"mode","T1c","80+",9,0
"poor","T1c","75-79",73,0
"poor","T1ab","66-69",6,0
"poor","T2","66-69",15,0
"mode","T1ab","75-79",43,2
"mode","T1ab","75-79",0,0
"mode","T1ab","75-79",6,0
"mode","T1ab","70-74",7,0
"poor","T1ab","75-79",27,1
"mode","T1ab","70-74",69,2
"poor","T1ab","80+",39,2
"mode","T2","80+",41,0
"mode","T1ab","75-79",16,0
"mode","T1c","80+",6,0
"mode","T1ab","75-79",8,2
"mode","T1c","80+",87,0
"mode","T1c","66-69",116,0
"mode","T1ab","70-74",69,0
"poor","T2","80+",43,0
"mode","T1ab","80+",18,2
"mode","T2","75-79",39,0
"mode","T2","80+",9,0
"mode","T1c","75-79",56,2
"mode","T2","80+",18,0
"mode","T1c","75-79",112,0
"mode","T1ab","70-74",62,2
"mode","T1c","66-69",92,0
"mode","T1c","70-74",1,0
"mode","T2","80+",17,0
"mode","T1ab","75-79",69,0
"poor","T2","70-74",20,0
"mode","T2","70-74",9,2
"mode","T1c","70-74",77,0
"mode","T2","80+",14,0
"mode","T1c","70-74",19,2
"mode","T2","66-69",77,0
"mode","T2","70-74",52,2
"mode","T1c","70-74",44,0
"mode","T2","75-79",13,2
"poor","T2","80+",5,0
"mode","T2","75-79",112,0
"mode","T2","80+",6,0
"mode","T2","70-74",28,2
"mode","T2","70-74",7,0
"mode","T1c","80+",17,0
"mode","T1ab","75-79",93,0
"mode","T1c","80+",35,0
"poor","T1c","75-79",16,0
"mode","T1c","70-74",11,0
"mode","T1ab","70-74",0,0
"mode","T2","66-69",8,0
"mode","T1c","66-69",11,0
"mode","T1c","80+",57,0
"mode","T1c","75-79",10,0
"mode","T1ab","66-69",3,0
"poor","T2","80+",4,0
"mode","T2","75-79",42,2
"poor","T1ab","75-79",2,2
"mode","T1ab","75-79",69,0
"poor","T2","66-69",29,0
"mode","T2","75-79",35,2
"mode","T2","75-79",84,2
"mode","T1ab","66-69",110,0
"poor","T2","66-69",16,2
"poor","T2","80+",0,0
"mode","T2","80+",12,0
"mode","T2","75-79",57,0
"mode","T2","75-79",29,0
"mode","T2","75-79",20,0
"poor","T2","80+",54,2
"poor","T1c","80+",22,2
"mode","T1c","70-74",27,0
"mode","T1ab","75-79",66,0
"mode","T2","70-74",83,0
"mode","T2","80+",90,2
"mode","T1ab","80+",28,1
"poor","T1ab","75-79",62,0
"mode","T1c","80+",10,2
"poor","T1c","75-79",1,0
"mode","T2","70-74",110,0
"mode","T1c","75-79",86,0
"mode","T2","75-79",49,0
"poor","T1ab","66-69",4,2
"poor","T2","75-79",71,2
"mode","T1c","80+",87,2
"poor","T1ab","70-74",18,1
"poor","T2","80+",5,0
"poor","T1c","70-74",19,0
"poor","T1ab","80+",9,0
"mode","T1c","80+",14,0
"mode","T2","70-74",17,0
"mode","T1c","70-74",9,0
"mode","T2","80+",21,0
"poor","T2","80+",7,0
"poor","T1ab","80+",13,0
"mode","T1ab","66-69",87,0
"mode","T1ab","70-74",18,0
"mode","T1c","75-79",43,2
"mode","T2","80+",84,0
"mode","T1c","70-74",8,0
"mode","T2","80+",17,0
"mode","T2","80+",23,0
"mode","T2","66-69",50,0
"mode","T1c","75-79",12,0
"mode","T1c","75-79",76,0
"poor","T2","80+",37,2
"mode","T1ab","80+",3,0
"mode","T1ab","80+",87,0
"poor","T2","80+",24,1
"poor","T1c","80+",90,0
"mode","T1c","80+",81,2
"poor","T2","80+",60,0
"mode","T1c","75-79",5,0
"mode","T2","75-79",74,0
"mode","T1c","75-79",37,0
"mode","T1ab","80+",2,0
"mode","T1ab","75-79",7,0
"mode","T2","75-79",6,0
"mode","T2","80+",12,0
"poor","T2","66-69",51,0
"mode","T1ab","75-79",49,0
"mode","T2","80+",16,0
"poor","T2","80+",26,0
"poor","T2","75-79",8,0
"poor","T2","80+",71,2
"mode","T1c","70-74",58,0
"mode","T1c","70-74",8,0
"poor","T2","70-74",5,0
"mode","T1ab","75-79",78,0
"mode","T1c","66-69",23,0
"poor","T2","75-79",55,2
"mode","T2","80+",60,0
"mode","T1ab","70-74",54,0
"mode","T1c","75-79",65,0
"mode","T1c","80+",14,0
"mode","T1c","70-74",58,0
"poor","T2","80+",8,0
"poor","T2","80+",72,2
"mode","T1c","80+",24,2
"mode","T1c","80+",54,0
"poor","T1ab","70-74",53,0
"poor","T2","80+",71,1
"mode","T1c","80+",0,0
"poor","T2","80+",27,2
"mode","T2","80+",4,0
"poor","T1ab","66-69",8,0
"mode","T1c","75-79",106,0
"mode","T2","80+",62,2
"mode","T1ab","66-69",2,0
"mode","T2","80+",15,0
"mode","T2","75-79",74,0
"mode","T1ab","80+",31,0
"mode","T2","66-69",18,0
"mode","T1c","80+",57,2
"poor","T2","75-79",61,2
"mode","T1ab","80+",5,2
"poor","T1c","66-69",4,0
"mode","T1ab","80+",14,0
"poor","T1c","80+",70,2
"mode","T2","66-69",4,0
"poor","T2","80+",48,1
"mode","T1ab","70-74",12,0
"mode","T2","80+",41,0
"mode","T2","75-79",29,0
"poor","T2","80+",35,1
"mode","T2","70-74",86,0
"mode","T2","70-74",79,0
"poor","T1c","80+",99,2
"mode","T1ab","80+",6,0
"mode","T1c","80+",49,0
"mode","T2","80+",1,2
"mode","T1ab","80+",66,0
"poor","T1ab","80+",11,2
"mode","T2","75-79",5,0
"mode","T1c","80+",56,0
"poor","T1c","75-79",35,0
"mode","T1ab","70-74",27,2
"poor","T2","80+",11,0
"mode","T2","80+",49,0
"mode","T1ab","80+",26,2
"mode","T1c","80+",51,0
"mode","T1c","75-79",8,0
"mode","T1ab","70-74",79,2
"mode","T2","80+",35,0
"poor","T2","75-79",91,2
"poor","T2","80+",13,0
"poor","T2","66-69",108,1
"mode","T2","80+",27,0
"mode","T2","66-69",53,1
"mode","T1c","70-74",80,0
"mode","T2","80+",13,0
"mode","T1ab","66-69",10,0
"mode","T1ab","75-79",14,0
"mode","T1ab","70-74",74,2
"mode","T2","80+",87,0
"mode","T1ab","75-79",6,2
"mode","T2","75-79",60,2
"poor","T1ab","80+",70,0
"mode","T1ab","70-74",45,2
"mode","T1ab","75-79",9,0
"mode","T1c","80+",7,0
"poor","T1ab","75-79",15,0
"poor","T1ab","75-79",86,1
"mode","T1c","80+",107,0
"mode","T2","70-74",14,0
"mode","T2","80+",23,0
"mode","T1c","70-74",43,0
"mode","T1c","70-74",13,0
"mode","T1c","75-79",18,0
"mode","T2","75-79",1,2
"mode","T1c","80+",96,0
"mode","T2","70-74",105,0
"mode","T2","80+",7,0
"mode","T1ab","80+",4,0
"mode","T2","80+",14,2
"mode","T1ab","80+",53,2
"mode","T2","75-79",9,0
"mode","T1c","75-79",21,0
"mode","T2","75-79",111,0
"mode","T1c","75-79",14,0
"mode","T2","70-74",82,2
"mode","T1c","70-74",33,0
"mode","T1ab","70-74",23,0
"mode","T2","75-79",24,2
"poor","T1ab","75-79",20,1
"mode","T1c","75-79",2,0
"mode","T1ab","70-74",28,0
"mode","T1ab","75-79",55,2
"mode","T1c","66-69",22,0
"mode","T2","70-74",47,2
"poor","T2","75-79",23,0
"mode","T1ab","70-74",12,0
"mode","T1ab","75-79",11,2
"poor","T1ab","70-74",68,0
"poor","T2","80+",25,0
"mode","T2","70-74",10,0
"mode","T1c","66-69",42,0
"mode","T2","75-79",107,0
"mode","T1c","75-79",15,0
"poor","T1ab","80+",3,0
"poor","T2","75-79",60,2
"poor","T2","80+",44,0
"mode","T1c","70-74",5,2
"poor","T1c","75-79",39,1
"mode","T1ab","80+",22,0
"mode","T1c","75-79",31,2
"poor","T2","80+",11,0
"mode","T1ab","80+",11,2
"poor","T1ab","80+",17,2
"poor","T1c","80+",36,2
"mode","T2","80+",9,1
"poor","T2","80+",7,0
"mode","T2","75-79",49,0
"poor","T1ab","80+",14,2
"mode","T1ab","80+",23,2
"mode","T2","80+",31,1
"mode","T1c","80+",43,0
"mode","T1c","70-74",76,0
"mode","T1c","70-74",10,0
"poor","T2","75-79",22,0
"mode","T2","70-74",63,0
"mode","T1c","80+",113,0
"poor","T1c","70-74",71,0
"mode","T1ab","70-74",41,0
"mode","T1c","75-79",71,0
"mode","T2","75-79",70,2
"mode","T2","70-74",25,0
"mode","T2","80+",24,0
"poor","T2","80+",15,2
"mode","T1c","70-74",26,0
"mode","T1c","70-74",32,0
"mode","T2","66-69",17,0
"poor","T2","80+",5,0
"poor","T1c","75-79",96,0
"mode","T1ab","70-74",21,0
"mode","T1c","75-79",16,0
"mode","T1ab","80+",32,2
"mode","T2","66-69",1,0
"mode","T1c","80+",20,1
"mode","T1c","75-79",85,0
"mode","T1c","80+",14,0
"mode","T1c","70-74",107,0
"poor","T2","80+",10,2
"mode","T2","66-69",23,0
"mode","T1ab","80+",30,2
"mode","T2","75-79",69,2
"mode","T2","75-79",23,2
"poor","T1c","80+",21,0
"mode","T2","70-74",84,0
"mode","T1ab","80+",53,0
"mode","T1ab","75-79",19,0
"mode","T2","75-79",89,0
"poor","T2","80+",47,0
"mode","T1c","75-79",13,0
"poor","T2","75-79",17,2
"mode","T1c","75-79",34,0
"mode","T1ab","80+",26,2
"poor","T2","75-79",94,0
"mode","T1c","75-79",83,0
"mode","T1c","70-74",32,0
"mode","T2","80+",20,2
"mode","T1c","70-74",55,0
"mode","T1c","80+",21,0
"mode","T1ab","75-79",59,0
"mode","T1ab","70-74",28,0
"mode","T1c","75-79",52,0
"mode","T1ab","75-79",21,0
"mode","T1c","80+",46,0
"poor","T1ab","75-79",59,1
"mode","T2","75-79",56,0
"mode","T1c","70-74",18,0
"mode","T1c","80+",1,0
"mode","T1ab","70-74",19,0
"mode","T2","75-79",67,0
"mode","T1ab","70-74",3,0
"mode","T1ab","70-74",1,0
"mode","T2","75-79",1,0
"poor","T1c","70-74",12,0
"poor","T2","80+",27,2
"mode","T2","80+",19,0
"mode","T2","80+",34,2
"mode","T1ab","75-79",50,2
"mode","T2","70-74",8,0
"poor","T1c","80+",23,0
"poor","T2","70-74",17,0
"mode","T2","75-79",56,0
"mode","T2","70-74",1,2
"mode","T1c","66-69",19,0
"mode","T1c","75-79",91,0
"mode","T1c","80+",11,0
"mode","T1ab","70-74",1,0
"mode","T1ab","80+",19,0
"mode","T2","66-69",12,0
"mode","T2","80+",16,0
"mode","T1c","70-74",19,0
"mode","T1c","80+",74,0
"poor","T1ab","75-79",15,0
"mode","T1c","70-74",109,0
"mode","T1c","80+",46,2
"mode","T2","70-74",105,0
"mode","T1c","80+",44,0
"mode","T2","70-74",22,2
"mode","T1c","80+",49,0
"mode","T1c","75-79",0,0
"mode","T1ab","80+",102,2
"poor","T1ab","80+",46,1
"mode","T2","80+",20,0
"mode","T2","70-74",58,0
"mode","T1ab","80+",16,2
"mode","T1c","80+",32,0
"mode","T2","75-79",36,0
"mode","T2","75-79",30,0
"mode","T2","80+",49,0
"poor","T1c","70-74",60,2
"mode","T1c","80+",87,0
"mode","T1c","70-74",49,0
"poor","T1c","70-74",1,2
"mode","T1ab","80+",22,0
"mode","T1c","66-69",85,0
"mode","T2","75-79",11,2
"mode","T1c","75-79",68,0
"mode","T2","75-79",43,2
"mode","T1ab","75-79",54,0
"poor","T1c","80+",104,0
"mode","T1ab","70-74",70,0
"mode","T1c","75-79",91,0
"mode","T1ab","75-79",0,0
"mode","T2","70-74",114,0
"mode","T2","80+",4,0
"mode","T2","80+",45,2
"poor","T2","70-74",58,1
"mode","T1c","70-74",6,0
"mode","T1ab","75-79",81,0
"mode","T1ab","80+",27,1
"mode","T1ab","80+",53,0
"mode","T1c","75-79",107,0
"mode","T1ab","75-79",13,0
"poor","T1c","80+",9,0
"mode","T2","66-69",44,0
"mode","T1ab","80+",29,0
"mode","T2","70-74",31,0
"mode","T2","80+",18,0
"poor","T2","75-79",7,0
"mode","T1c","80+",3,0
"mode","T1c","80+",22,0
"poor","T1ab","75-79",49,1
"poor","T2","80+",38,1
"mode","T1ab","70-74",66,0
"mode","T1ab","80+",15,0
"mode","T2","66-69",43,0
"mode","T1c","80+",25,0
"mode","T1ab","80+",17,0
"mode","T2","75-79",22,0
"poor","T2","70-74",107,0
"poor","T1c","80+",43,2
"mode","T1c","75-79",79,0
"mode","T1ab","70-74",19,0
"mode","T1ab","75-79",79,1
"mode","T1c","70-74",14,0
"mode","T1c","80+",32,0
"poor","T2","75-79",82,0
"mode","T1c","80+",31,0
"mode","T1c","80+",23,0
"mode","T1c","80+",30,1
"poor","T2","80+",8,0
"poor","T1c","70-74",9,2
"mode","T2","80+",103,2
"mode","T1ab","80+",23,0
"mode","T1ab","80+",107,0
"mode","T2","80+",13,2
"poor","T2","75-79",39,2
"poor","T2","75-79",38,2
"mode","T2","80+",113,0
"mode","T1ab","80+",5,0
"poor","T2","80+",51,2
"poor","T1c","80+",115,0
"poor","T1ab","75-79",45,0
"mode","T1c","80+",7,0
"mode","T1c","70-74",8,0
"poor","T2","80+",110,0
"mode","T2","75-79",3,0
"mode","T2","66-69",68,0
"mode","T1c","80+",67,2
"mode","T1ab","75-79",27,0
"mode","T1c","80+",77,2
"mode","T1c","80+",21,2
"poor","T2","80+",55,0
"mode","T1c","70-74",5,0
"mode","T1c","80+",116,2
"mode","T1c","80+",93,0
"mode","T1ab","80+",1,0
"mode","T2","70-74",116,0
"poor","T2","80+",1,0
"mode","T1c","80+",17,0
"poor","T1c","80+",56,2
"mode","T2","70-74",15,0
"mode","T2","80+",114,2
"mode","T2","75-79",7,0
"poor","T2","75-79",4,0
"poor","T2","80+",25,2
"mode","T2","75-79",25,2
"mode","T1c","80+",72,0
"mode","T2","70-74",22,0
"mode","T2","70-74",47,0
"mode","T1c","70-74",68,0
"mode","T1ab","75-79",60,0
"mode","T1c","80+",1,2
"mode","T1c","70-74",15,0
"mode","T1ab","80+",35,0
"mode","T1ab","66-69",19,0
"mode","T1ab","80+",55,0
"mode","T2","75-79",54,0
"mode","T2","70-74",51,2
"mode","T1c","75-79",87,1
"poor","T1c","80+",26,0
"mode","T2","80+",11,0
"mode","T1c","80+",19,2
"mode","T2","80+",34,0
"mode","T1ab","70-74",106,0
"mode","T1ab","75-79",21,2
"mode","T1ab","80+",19,0
"mode","T1ab","80+",82,0
"poor","T2","80+",74,0
"mode","T2","75-79",13,0
"mode","T2","80+",34,0
"poor","T2","75-79",1,2
"mode","T2","70-74",23,0
"mode","T2","75-79",102,0
"poor","T2","70-74",1,2
"poor","T2","80+",63,0
"mode","T1c","66-69",72,0
"poor","T1ab","80+",50,1
"poor","T1c","75-79",29,0
"mode","T2","75-79",106,0
"mode","T2","75-79",43,0
"mode","T2","80+",22,1
"mode","T1c","75-79",94,0
"poor","T2","75-79",27,0
"mode","T2","80+",37,0
"mode","T1ab","75-79",83,0
"mode","T1c","75-79",72,0
"poor","T2","80+",23,2
"mode","T1ab","80+",10,2
"mode","T1ab","80+",11,0
"mode","T2","66-69",45,0
"mode","T1c","80+",4,0
"poor","T2","70-74",84,0
"mode","T2","80+",26,0
"mode","T2","80+",75,2
"mode","T1ab","75-79",21,0
"poor","T1c","66-69",100,0
"poor","T1c","70-74",75,1
"poor","T2","80+",44,2
"mode","T2","75-79",30,0
"mode","T1ab","70-74",2,0
"mode","T1ab","80+",12,0
"mode","T2","75-79",61,0
"mode","T2","80+",73,0
"mode","T1c","80+",103,0
"mode","T1ab","75-79",30,2
"mode","T1ab","70-74",26,0
"mode","T1ab","75-79",64,0
"mode","T2","80+",48,2
"mode","T1c","75-79",12,0
"mode","T1ab","80+",18,2
"mode","T2","75-79",4,0
"mode","T1c","75-79",11,0
"mode","T2","70-74",8,0
"mode","T2","75-79",6,0
"mode","T2","75-79",86,0
